simulation_id,schedule_delay_months,capex_multiplier,utilization_multiplier,power_cost_multiplier,price_multiplier,debt_rate_shift_bps,total_capex_usd,portfolio_unlevered_npv_usd,total_ebitda_usd,incremental_funding_required_usd,minimum_cash_pre_support_usd,latest_ready_for_service,npv_positive
1,8.374508625714094,1.0951295709319022,0.9840447179742212,1.1086606595736972,0.9336173790568479,300.6262738258048,4758337985.699116,93448912.38342714,1000815211.3943934,486327767.70864725,-436327767.70864725,2029-12-01,True
2,8.217228889074843,1.1734994467787438,0.8178922863362115,1.063002820531081,0.96670514441024,264.4225431837343,5098855096.253642,-810238452.0971905,835455940.4612746,690031795.8472356,-640031795.8472356,2029-12-01,False
3,6.9389177041542025,1.184859080569322,0.9021191425201764,1.0265960612204599,0.9816124299573838,11.879199786766144,5148212705.073704,-308601170.5029079,1033683857.2318039,466209379.2159821,-416209379.2159821,2029-11-01,False
4,9.0876038513737,1.1340135458970535,0.9606520246581907,1.048163565715474,1.0324594542886056,246.61775845059157,4927288856.922697,472231531.59834063,1100972132.1050024,415735922.2246257,-365735922.2246257,2030-01-01,True
5,8.429873393748277,1.0491137434987459,0.9068441357891175,0.978020050907101,0.9430287567193217,171.96880982323762,4558399215.50205,-13812031.777569294,934430421.1560395,424351587.8271184,-374351587.8271184,2029-12-01,False
6,8.02226646855971,1.2507022108617325,0.8761144989702551,1.050569810336334,0.9750644372210283,56.62214378381792,5434301106.194227,-727771802.2553059,933249427.6140585,599904615.0309271,-549904615.0309271,2029-12-01,False
7,2.697332812017533,1.1019664889007414,0.8502797732152083,1.1028117996943727,0.9724280541397321,220.6470704072913,4788044394.273721,-419127704.4482707,1102494130.083076,567232633.6682866,-517232633.66828656,2029-07-01,False
8,7.522123363347745,1.0728918020424303,0.9772727366397522,1.1345086182539905,0.9681890060666827,81.52827162178724,4661714879.874359,328348078.45441914,1050214959.5085783,356066395.1041521,-306066395.1041521,2029-12-01,True
9,7.332869474541282,1.0355109351767005,0.8422830059539677,0.9555870106750198,1.002699957333766,166.92920948224213,4499295013.342763,49106288.30554128,989649280.8208709,399163621.7160069,-349163621.7160069,2029-11-01,True
10,7.575294015107533,1.1719317819302666,0.905275200742754,1.0832143124176028,0.9409580758524114,32.89634739937826,5092043592.487007,-523749298.9482708,911556597.147148,517402757.7267437,-467402757.7267437,2029-12-01,False
11,7.186514449319352,1.1010980045839316,0.9256201856938976,1.124262948338544,0.9880689283154749,138.71332286629993,4784270829.917183,100934208.00807762,1063859441.9452676,412840776.7689575,-362840776.7689575,2029-11-01,True
12,6.144365239164813,1.0713605136525266,0.768012227876676,1.060815433661949,0.95074461620541,106.79815866746324,4655061431.820228,-820253393.892521,816162296.4800273,581971906.7153194,-531971906.7153194,2029-10-01,False
13,9.469705336023193,1.0576971392790286,0.7860382092302792,1.0363621732669301,0.9593559187714267,166.12953329229163,4595694070.167379,-618973260.0312837,744526589.5096607,540055823.7119952,-490055823.71199524,2030-01-01,False
14,6.125008020815447,1.1728606514141264,0.9429700570168361,1.0560544947602253,1.0058096621306576,50.0918338050724,5096079530.394379,89579060.89906561,1187499501.4698415,408313008.754885,-358313008.754885,2029-10-01,True
15,1.1277748425533294,1.0206131398266596,0.9535681509337322,1.0648629169031558,0.9439916054310731,126.62694323248462,4434564092.546836,258777862.76514637,1326790347.929009,355079512.6168689,-305079512.6168689,2029-05-01,True
16,2.9205269647680763,1.149284254491492,0.9026813877025722,1.0521655246966082,0.9601510188589896,157.71962999798666,4993640085.765533,-351851869.676301,1178800441.5542352,539976067.163991,-489976067.163991,2029-07-01,False
17,4.54768628734079,1.0198006413686085,0.813951271830745,1.193397069612763,1.0190177026744283,176.71039667964772,4431033786.746604,-96685265.09191704,1022419545.5221208,427493971.5526457,-377493971.5526457,2029-09-01,False
18,3.8585901365308413,1.2519832636012167,0.9649896683607747,1.1129674875555975,0.9734325406459934,77.80646975294147,5439867280.347286,-326041220.1723037,1251719615.5833814,534247741.605443,-484247741.605443,2029-08-01,False
19,2.323336798786599,1.2146457924966751,0.9046403706656648,1.021718975998495,0.9605927346288962,144.8706673685833,5277635968.398053,-570748926.1013792,1236250863.8755941,615516642.257442,-565516642.257442,2029-06-01,False
20,3.1463114665584166,1.1964372096267666,0.9607407274723241,1.1135460103009929,0.9720077528971793,156.94789322632172,5198519675.8283,-165970651.7090751,1292489139.7371335,515773501.1922287,-465773501.1922287,2029-07-01,False
21,6.3693850606771525,1.1381621978532226,0.7994760040594877,1.0575199241662936,0.9223465900383641,125.05352175339996,4945314749.672253,-1037803854.5142205,817535946.0085068,671167886.9525602,-621167886.9525602,2029-10-01,False
22,4.313956934154687,1.036789236913351,0.8079462448638193,1.086689010877007,0.9452450618569876,263.4668377885086,4504849234.38851,-544124822.1724205,941556572.8079112,587176851.0583956,-537176851.0583956,2029-08-01,False
23,6.341577157015636,1.0789633894314605,0.9302390990344326,0.967432239135368,1.029140271790725,122.47053749962407,4688095927.079697,548155470.078737,1227225977.1174932,343214425.8969352,-293214425.8969352,2029-10-01,True
24,8.4848328960076,1.018098055017664,0.910793194707501,1.0696189525745534,1.0244496140388706,143.05267635846926,4423636049.051749,545228330.2283734,1063921542.6633468,323692229.9229028,-273692229.9229028,2029-12-01,True
25,5.414460771039105,1.0643676532942523,0.8774844786041561,1.0747073109326297,0.9725736696306626,-13.98993484010581,4624677453.563526,-113818247.90560615,1064293321.6295185,368924277.84901905,-318924277.84901905,2029-09-01,False
26,9.068556944180546,1.211868426393344,0.822423785602252,1.080563680993714,0.9360958293106741,168.9585939735917,5265568312.679079,-1102868575.495851,752145534.3021684,710658170.8714558,-660658170.8714558,2030-01-01,False
27,3.968512554469806,1.1403905174338136,0.9544603404539546,1.1251649314856582,0.9359567984040676,258.3549483810544,4954996798.24992,-222120064.14996588,1152944249.1545103,562883324.7991067,-512883324.7991067,2029-08-01,False
28,3.590540835321794,0.9990695826953415,0.9237227643403725,1.0506394185163106,1.007724620674562,211.52670729137037,4340957336.811258,610313277.9147542,1264254376.6856694,332587145.11487436,-282587145.11487436,2029-08-01,True
29,4.222446369115644,1.2406440799179805,0.867514929050862,1.073741936635265,0.9554218466564516,270.02723591682184,5390598527.243626,-886981021.3269489,1060477313.8260834,773979587.7338303,-723979587.7338303,2029-08-01,False
30,3.0361221623302668,1.002805995738997,0.9004030489992539,1.2191531093729235,1.0162748060891653,191.4465451202495,4357192051.485942,411776734.77854776,1257516543.828216,346826657.01626205,-296826657.01626205,2029-07-01,True
31,10.089878355216232,1.210724071830085,0.9170040744677794,1.0421061149511437,1.0010728146851402,166.06013568770936,5260596092.101719,-247817615.72511446,936175610.6362741,524911079.322786,-474911079.322786,2030-02-01,False
32,4.635817282982963,1.0220825261801565,0.958358552465248,1.0330655523029575,1.0242422454512177,70.24239892958342,4440948576.25278,838114444.8557564,1308121703.493656,284636528.8060747,-234636528.80607468,2029-09-01,True
33,2.621916134250525,1.1876043945473977,0.8270778543094329,1.0169145900932026,0.985142612687288,238.00091109185954,5160141094.308443,-735303876.775937,1101788153.830481,693243070.1115186,-643243070.1115186,2029-07-01,False
34,3.316676239854608,1.072522023863437,0.964701088150179,1.1999263962872708,0.9775170576997612,42.918513510898606,4660108193.686634,275726157.49111676,1293313360.8892772,346935620.9046082,-296935620.9046082,2029-07-01,True
35,0.8834206878148635,1.0567985848241248,0.8192990528173948,1.1044512795926604,0.9382359785482518,127.81312631494924,4591789851.060822,-651929979.0743616,1062290036.4085213,560480788.5458038,-510480788.5458038,2029-05-01,False
36,7.4575800341161305,1.1229901764582642,0.8422424588437761,1.134335900100313,0.9953353392123021,188.44010519796126,4879392316.711158,-388513984.82861066,948876036.715415,544698465.6875265,-494698465.68752646,2029-11-01,False
37,2.7091020813563933,1.0310574076992263,1.0056359685183809,1.0546947303718042,0.9600947942951075,123.85492385451622,4479944436.453138,628823128.5127648,1356521433.6277144,325469046.2972736,-275469046.2972736,2029-07-01,True
38,7.129846419977319,1.2423859359801217,0.8663768348160927,1.174533065374844,0.9172717658806236,139.0967146597343,5398166891.833629,-1143833307.8877819,845978332.0395116,742575285.0377035,-692575285.0377035,2029-11-01,False
39,6.841544554539151,1.0257313781464434,0.822456829252035,1.058037136209141,1.0311701056164249,149.0130733690305,4456802838.046297,72966082.55483162,988937189.9861645,381958962.76449746,-331958962.76449746,2029-11-01,True
40,10.937852228260297,1.1790297412082218,0.9069763188115966,1.1292368139108244,0.9146301540567369,30.92366653794238,5122884225.549723,-777514301.2909336,732594358.434372,544772491.0930642,-494772491.0930642,2030-03-01,False
41,9.113283933312996,1.1767194995415824,0.8519148494260189,1.076457548826447,0.9856817764342805,234.9951973942006,5112846225.508175,-556467845.0352151,866933834.8776343,614147573.1848487,-564147573.1848487,2030-01-01,False
42,6.54580668532279,1.090382141461352,0.8872990330123198,1.0591002457804048,0.9895456847577423,234.88728643295948,4737710404.649574,-18877489.644551396,1019680581.9427071,472977463.1040149,-422977463.1040149,2029-11-01,False
43,5.256177237082282,1.0605577156085768,0.8530501587831412,1.119678821373278,1.0061134646611407,29.47757414042968,4608123274.319266,-62366186.34429145,1077860884.7170136,373852907.16034895,-323852907.16034895,2029-09-01,False
44,1.9306206228801082,1.1258266324864292,0.8245646147872875,1.140029298572089,0.961024717017688,42.910257659036546,4891716718.153535,-757366070.2632486,1070122448.70316,567932462.7624894,-517932462.76248944,2029-06-01,False
45,10.673720719519036,1.0421808632687644,0.8659351299683444,1.0111986098272847,0.9372274195182028,-14.37864432413609,4528275850.9027815,-327614937.71801066,734735778.8448769,386490228.0326062,-336490228.0326062,2030-03-01,False
46,1.76129012749137,1.0444119186737442,0.78318994034269,1.0873408945340153,0.9920992446629132,103.75428061223647,4537969786.637419,-487693674.30826306,1064042077.7526412,495542462.24149656,-445542462.24149656,2029-06-01,False
47,4.22854942054594,1.1074865265215519,0.988587127513116,1.14788324109515,0.9228407693424172,54.35470557570197,4812028957.736142,-43618540.49759138,1174448864.072396,407822388.08460265,-357822388.08460265,2029-08-01,False
48,3.6411142225761304,1.0608712699134608,0.9267080123032472,1.0575910042379542,0.9243115083680781,99.72257113599906,4609485667.773987,-126777952.30056036,1097950200.4753337,422588836.71461815,-372588836.71461815,2029-08-01,False
49,5.8345491747527625,1.0244066272868841,0.9775688711382238,0.9814094384572942,1.021908001578557,27.115423196611772,4451046795.561511,953238592.4168302,1289683396.6564548,265972827.96811432,-215972827.96811432,2029-10-01,True
50,9.320309115303168,1.2146680315812752,1.0311293188153272,1.1337713559137406,1.0018805047626116,160.9188734948799,5277732597.22064,330250871.058916,1132259632.9821954,440228141.1542138,-390228141.1542138,2030-01-01,True
51,8.437580530105453,1.0340927128890312,0.9202445731821046,1.0735989891883273,1.0113284020667215,118.22410944913096,4493132837.50284,460715250.8443799,1054886543.9770643,332114059.37425554,-282114059.37425554,2029-12-01,True
52,4.721666607307618,1.135802961928468,0.8611788091360147,1.0079143398810633,0.9757266616739768,108.52316231051995,4935063869.579193,-392018826.7827914,1055425986.9197537,515584289.35236394,-465584289.35236394,2029-09-01,False
53,3.608866396753547,1.0824911114382025,0.8855480451319293,1.0439584225814051,0.9674801374978086,172.7271440563856,4703423879.19899,-144930525.60261464,1119439580.6009202,468007178.18400955,-418007178.18400955,2029-08-01,False
54,4.078442987110337,1.238149962961268,1.0015791064528936,1.0679880655684162,0.9627720834452408,134.46225152656046,5379761589.0667095,-116141264.19802582,1299314741.2317696,512971569.47163963,-462971569.47163963,2029-08-01,False
55,9.395487911657462,1.138796814776803,0.9706646015301927,1.076798191602382,0.9879164684260795,81.48892292108755,4948072160.20521,205913710.32130003,1033591924.0399715,392045758.63257146,-342045758.63257146,2030-01-01,True
56,7.907795368131559,1.0508741294292787,0.9484104111298671,1.150898860246212,0.939814997772429,153.62783815976354,4566048092.370215,71852909.5846039,956699508.0424719,404166568.6296303,-354166568.6296303,2029-12-01,True
57,2.3076745656344912,1.1567642816707464,0.7994990111133422,1.179572935649129,0.9406065901111338,285.8753135750984,5026140803.859392,-1120975947.6796994,979202815.5366558,810827364.142445,-760827364.142445,2029-06-01,False
58,8.720206883969176,1.1256653044689133,0.9658249686428803,1.1319331032278428,1.0261942057385596,73.30045105493829,4891015747.917428,430762527.26500964,1083780752.020258,358107919.25380486,-308107919.25380486,2030-01-01,True
59,6.424422487371889,1.0222736482039358,0.9346839406238954,1.015183861533324,0.982412881556177,143.2224659286821,4441779001.446101,454474681.5505972,1137026024.454733,339079367.9186134,-289079367.9186134,2029-10-01,True
60,5.353493272851274,1.1110366617790148,0.9618576254223936,1.1330278019352122,0.9768494540442881,149.89838619406694,4827454295.429819,182570542.53166628,1198271730.0631504,411885838.4905738,-361885838.4905738,2029-09-01,True
61,10.897271039329128,1.0298937079488977,0.8135913817043442,0.9937996040232208,0.9900630705902075,108.8793457188662,4474888161.03796,-254623520.03620517,746410682.7451749,413281067.63402086,-363281067.63402086,2030-03-01,False
62,8.379056863822411,1.1431819835461585,0.8779750117042319,1.1638875384684448,1.0000659188954262,77.40524500431897,4967125718.508059,-264584049.4828174,959188944.7910831,469679087.5985793,-419679087.5985793,2029-12-01,False
63,4.565323666817582,1.0732658430080928,0.8285787793132248,1.0098344563513766,1.0241028643561747,112.9143693090518,4663340087.870163,-81462499.00099432,1087309799.806874,416184950.04829437,-366184950.04829437,2029-09-01,False
64,4.7083249727962055,1.1578046801370308,0.9233811232167748,1.1796674155185802,1.001970484970683,121.82672464211333,5030661335.195398,-64826954.46343553,1176467096.8220973,458483716.2389765,-408483716.2389765,2029-09-01,False
65,4.656035439242915,1.2683778489083886,0.9526902503448482,1.1872562384752372,0.937706006505655,227.7435806146698,5511101753.5069475,-700243336.4254296,1094053113.3482375,718565465.0567169,-668565465.0567169,2029-09-01,False
66,6.871910758048063,1.0305294582147955,0.9297658179916302,1.1062371232778339,0.9121504004322176,116.40161855050164,4477650495.943285,-89545857.29928243,935260747.8486739,413119466.3104832,-363119466.3104832,2029-11-01,False
67,9.055905701494455,1.0697754445859313,0.9052009625205323,1.0617078387670111,0.9601924305648966,259.6904742098344,4648174306.725871,-50302990.53117263,900915714.9609799,475226876.5275681,-425226876.5275681,2030-01-01,False
68,8.466571131785665,1.0271714758557626,1.049000638190012,1.1570204928041958,0.9583686667174133,222.2880505437875,4463060062.593288,785946242.6901884,1127277376.8774827,338960690.54626954,-288960690.54626954,2029-12-01,True
69,2.441207444032039,1.2918167145640063,0.9432093207192744,1.0987807587007048,0.9329437205520201,248.5275401385308,5612943624.780607,-856139417.5640677,1227830481.171228,790344116.7498585,-740344116.7498585,2029-06-01,False
70,1.274351670242672,1.0591250965602497,0.8234313118086796,1.1271982829007308,0.9487693625809768,255.4686438957344,4601898544.554285,-581678861.6120808,1086717378.9756331,610029215.7107141,-560029215.7107141,2029-05-01,False
71,7.062973656230548,0.9984114382467463,0.7401532030413727,0.9812881491650469,0.9856743780854094,209.1035170273634,4338097699.182112,-489431172.41068566,801565557.2543677,515246740.00116825,-465246740.00116825,2029-11-01,False
72,3.654990828324163,1.1938669771025336,0.7854289624208108,1.1334868067213058,1.0224655128395124,199.03921009228276,5187352015.510509,-838622945.5581948,1032120166.0251458,692983739.3400776,-642983739.3400776,2029-08-01,False
73,7.498993136214145,1.1899133085038098,0.7748025291945597,1.0216015297266468,0.9387180081056311,127.40866822649775,5170173325.449053,-1229092469.0513177,776312403.855562,726932902.6227062,-676932902.6227062,2029-11-01,False
74,8.02725674133219,1.1336416096925515,0.9820650840142042,1.0115683502014403,0.9972128942384525,57.62197476414492,4925672794.114136,404063811.4270431,1131746798.4595823,360653843.7155602,-310653843.7155602,2029-12-01,True
75,3.8939042199053655,1.1526937589802846,1.0315809082457974,1.091198069705709,0.9255734976077882,154.11967171957588,5008454382.769337,77639869.66718984,1260398770.3521433,450609972.54847,-400609972.54847,2029-08-01,True
76,1.5400100286976566,1.2069091798845768,0.9511459418859606,1.015585838170537,0.9331760767706246,54.938047117426095,5244020386.598486,-469040395.21916175,1259987255.9938402,536699573.83621573,-486699573.83621573,2029-06-01,False
77,12.32781733581135,1.098754716964335,0.9661410776341932,1.096039156365848,0.9829950604400369,43.31567542435184,4774089245.210035,144928020.52497458,858486027.6701379,355786927.13960916,-305786927.13960916,2030-04-01,True
78,11.251077210639286,1.0708818263134248,0.9279319305503706,1.1091842090631898,0.989311847367676,272.9249779082214,4652981535.331831,139818549.5756384,871696963.3649126,429416869.2883468,-379416869.2883468,2030-03-01,True
79,2.883155118186194,1.1082313498921976,0.8938441038039809,1.06687466268772,0.9378234096079787,39.6976955800199,4815265215.281598,-405173978.6405399,1114910355.0622892,474361092.2541808,-424361092.2541808,2029-07-01,False
80,3.9461665656368856,1.0714986449847796,0.8989054509604584,1.091091605948784,0.9880613669257365,107.47389760802452,4655661612.458867,60801272.29430902,1173772016.2626295,391275449.8518998,-341275449.8518998,2029-08-01,True
81,4.9021780254842096,1.0542297399404035,0.9297744202256171,1.0422856298483265,0.9208018751877893,108.83616443522473,4580628220.041053,-90035464.34008789,1053111215.1463871,418024448.67876226,-368024448.67876226,2029-09-01,False
82,5.419707144428218,1.0559384647716015,0.926929585602287,1.0826754892733477,0.9940627396242799,162.36964056987208,4588052629.432608,325106456.1400769,1185101765.2802413,372032469.5547381,-322032469.5547381,2029-09-01,True
83,7.024372996851424,1.073584934715925,0.96687231698913,1.0796916404711898,0.9719514999298742,156.61243083927474,4664726541.340693,344825383.2581904,1103613020.367525,379189392.26332456,-329189392.26332456,2029-11-01,True
84,4.539134649675834,1.1090887522867905,0.9563544120093604,1.15953239498563,1.0212093864532121,127.2070299993959,4818990628.686104,426754288.18382335,1273966418.521403,372152499.1144618,-322152499.1144618,2029-09-01,True
85,5.804788963283476,1.17764930210716,0.8733652885840413,1.1437232876219223,0.9770045437504118,33.37507697217498,5116886217.65561,-535875628.4768647,1008307050.7234265,526335175.1239234,-476335175.1239234,2029-10-01,False
86,2.0088086608945233,1.1912851996541034,0.7844707700018734,1.0362298155064773,0.9633210903729441,51.880649347634346,5176134192.497079,-1146973089.6852803,1021611592.372924,695054226.4141134,-645054226.4141134,2029-06-01,False
87,4.199238385323236,1.161267898419423,0.753140257969625,1.1407472176595492,1.0111896179809172,99.45131110663732,5045709018.632393,-976991177.6955278,954547144.6663467,656867790.6962087,-606867790.6962087,2029-08-01,False
88,2.9329715899400646,1.127207819952094,0.8146124049937116,1.0497375911690352,1.0291075707362742,328.7032222710503,4897717977.691849,-354973412.90688765,1156029246.20123,616599248.2971386,-566599248.2971386,2029-07-01,False
89,8.351520982569024,1.0726376029786113,0.9471139247115774,1.1104166786680814,0.9682209670260089,160.49766085511223,4660610384.942066,190731777.1405673,1012159008.3106112,397244338.0333802,-347244338.0333802,2029-12-01,True
90,0.7750794273091434,1.0523555762852004,0.9181832613061737,1.0135104961248649,0.9446193054015681,222.05637591119984,4572484978.959195,-6631163.491450548,1274644529.4090743,442800866.7349272,-392800866.7349272,2029-05-01,False
91,12.766557814773943,1.1177543230047087,0.9789694194761873,1.216512447266638,0.9412207552432666,115.10547329798231,4856642533.455459,-230110791.01832914,743964420.0521022,433934190.85093915,-383934190.85093915,2030-05-01,False
92,4.77829626467369,1.0171490225005149,0.960087393438193,1.060348683715893,0.9750461405422345,45.080904648590774,4419512502.764736,530509549.7672343,1205909337.7750406,302661432.48924893,-252661432.48924893,2029-09-01,True
93,3.183063386885127,1.2166414427745111,0.7777905862167538,1.0276591432945947,0.959200607799028,124.21194504615315,5286307068.855251,-1269130306.0733356,964898375.950421,773260322.1981987,-723260322.1981987,2029-07-01,False
94,6.390947774004402,1.1053158717142815,0.7993210377192254,1.0296717680423362,1.0094744283199693,159.62896766536645,4802597462.598553,-441533935.46072984,965170888.8497672,533936067.7384441,-483936067.7384441,2029-10-01,False
95,6.991495667319482,1.1429369664761353,0.961645758489086,0.9837901803696646,0.966327223816404,135.41375516163174,4966061119.338807,97066256.90936899,1102600778.34176,431449183.9654022,-381449183.9654022,2029-11-01,True
96,4.376274508363492,1.192143705431169,0.9099905882993407,1.1251599921594595,1.0105812598787363,127.46718958847845,5179864400.098429,-187301197.8128239,1231417165.6382868,500645711.65740895,-450645711.65740895,2029-08-01,False
97,10.4415332152722,1.1242640354172377,0.9818411322524171,1.046016490483888,0.9773679746560411,133.53084307564222,4884927233.8878975,236201078.65662777,982333538.5247579,397779753.94674236,-347779753.94674236,2030-02-01,True
98,2.4246368986262565,1.0878956094308165,1.0019257117142912,1.094939452988727,0.9461527787813866,92.58800137661058,4726906422.976897,273622688.2644825,1361404481.0449939,371485815.11211395,-321485815.11211395,2029-06-01,True
99,3.2756325406112317,0.9918242639723491,1.0055976719888229,1.062652368808156,0.9607488343019801,149.6196595366044,4309476426.959857,770676640.6748458,1356206660.6859796,305045928.3986105,-255045928.39861047,2029-07-01,True
100,0.6400074627759239,1.0665049386146634,0.9499262311016599,1.095517741798337,1.0361783665652942,155.1558852975138,4633963958.280712,658265672.7404681,1527490886.783507,339735770.48118335,-289735770.48118335,2029-05-01,True
101,5.44727074600643,1.166415404054823,0.9971969521132403,1.1138242058196028,1.0303459380093705,202.35352044094557,5068074930.618204,552697906.3553003,1371845418.807522,410183800.0452158,-360183800.0452158,2029-09-01,True
102,9.68169030252226,1.0282308295735323,0.9555130195773012,1.061352458379803,0.9814988315816321,164.01677749924772,4467662954.496998,442117537.68492687,952576100.2867321,345146132.04989773,-295146132.04989773,2030-02-01,True
103,11.944304579656734,1.2660359085368904,0.8668314433712865,1.1168088856855383,0.9987635593383022,94.18589278699537,5500926022.592789,-824866850.7064024,761908042.6731199,597280805.3852409,-547280805.3852409,2030-04-01,False
104,2.633762971946484,1.0008734140934834,0.9646878790666711,1.069450550524382,1.0376781405500926,118.69359200265399,4348794984.236185,1014251585.9996219,1453032013.2127962,276515621.9851674,-226515621.98516738,2029-07-01,True
105,12.241698851259441,1.0902045876672126,0.9682516035172651,0.9929059163637721,0.9816797830539636,209.30877318955677,4736938933.414038,242408672.8052373,873808835.9633961,395975953.4009025,-345975953.4009025,2030-04-01,True
106,10.753191322357354,1.184801107549525,0.772587169486937,1.0509075185378431,0.9241739874196669,30.974918751879457,5147960812.302686,-1336819541.0943046,603791993.3083746,649020514.5673336,-599020514.5673336,2030-03-01,False
107,7.257803622961415,1.1535476633307444,0.9639156821133976,1.1524273058492134,0.9976935034532359,208.8871345718726,5012164597.172085,175367438.91581476,1134471534.6968737,454776764.86595213,-404776764.86595213,2029-11-01,True
108,1.6558888097042137,1.0578214400732528,0.935680211072941,1.150073042771452,0.907348571240446,129.68870707935778,4596234157.118283,-251480178.20822144,1147292153.9590762,464321482.21617174,-414321482.21617174,2029-06-01,False
109,7.278410598007016,0.9947559692203716,0.8932668338286165,1.162871459490476,0.9912797691846031,69.41315589848482,4322214686.262514,287884421.1943927,1014313000.2058048,320925587.03817666,-270925587.03817666,2029-11-01,True
110,9.460105524185366,1.0791624188874505,0.9826466715821331,1.0393234135887601,0.984413131148629,104.4272139971194,4688960710.065971,474276389.81440115,1050250327.3354827,347660381.5486976,-297660381.5486976,2030-01-01,True
111,3.9230349019966355,1.2078832569532325,0.8384567744330139,0.9929035207786796,0.9640556263145394,181.9640358856377,5248252751.461795,-840129299.1423616,1042925526.2104695,694464545.6784159,-644464545.6784159,2029-08-01,False
112,8.807738916105954,1.290304850748648,0.8688888238399213,1.056295593995362,0.9405198141204463,143.8136594298821,5606374576.502875,-1102458281.339441,822606072.3372384,732375858.6631047,-682375858.6631047,2030-01-01,False
113,13.417939192874499,1.1504202539012225,0.9310021811804802,1.0538952937095418,1.0201778099898469,125.70479187694389,4998576003.200811,-23432766.733006954,823804495.1916608,412175678.1510209,-362175678.1510209,2030-05-01,False
114,2.7430908015469417,1.082124597641898,0.790880652013176,1.0216413390613468,0.9145610910305151,116.17953821364637,4701831376.754047,-952335053.590803,907175544.5547559,637340060.7677649,-587340060.7677649,2029-07-01,False
115,6.847073123067146,1.0783483521856534,0.8973261303604032,1.1917810053209403,0.9989668027313261,135.72369168406678,4685423590.246663,53139245.64308941,1029048519.951489,408409743.1074715,-358409743.1074715,2029-11-01,True
116,3.9917776749541316,1.2122239243769697,0.8526094428865204,1.0436161672088402,1.0190998471110735,133.09957475492868,5267112951.4179325,-491475261.6043427,1161519238.5528812,582242156.8803564,-532242156.88035643,2029-08-01,False
117,7.993712704050591,1.1250363197787887,0.9410896124284652,1.0393964215653122,0.9538188139921343,89.1026269705929,4888282809.438837,-72442965.57974052,990372050.4094454,432069811.0242258,-382069811.0242258,2029-12-01,False
118,2.95037753324412,1.2030397737407363,0.8655571042825067,1.081901598621681,1.0032638412359811,202.97078840438326,5227207816.9035,-505874873.9088805,1194422932.0408373,624026449.0760485,-574026449.0760485,2029-07-01,False
119,5.132873983177356,1.1020708376269104,1.0452973252960223,1.10380916399333,1.0058831512088382,251.28524386862517,4788497789.488925,896702678.0154424,1403218701.7733846,369408347.9151449,-319408347.9151449,2029-09-01,True
120,8.546797002871385,1.0469213280737562,0.9250618708672346,0.9979871295321641,0.9896318157381058,283.17891664138557,4548873170.480471,342999152.1093527,986304055.3995094,404104439.74638,-354104439.74638,2030-01-01,True
121,5.740610736986396,1.0940542364274248,0.7717787389386668,1.1921162634370035,0.9351572497439988,-0.3537957312866027,4753665657.277161,-1031067383.7225544,776910795.2462779,588825191.2061628,-538825191.2061628,2029-10-01,False
122,3.712105904237722,1.0117072693522875,0.9045069500382027,1.073918708674503,0.9612440967632229,5.295831257818733,4395868085.33569,144452892.91776335,1133173890.594533,324040391.4577549,-274040391.4577549,2029-08-01,True
123,2.4999241232398823,1.0854328251424432,0.7872869089929453,1.1088390849367276,0.9498422160251503,84.62649860639738,4716205625.243916,-854491177.3249054,988235438.1452389,598725223.2470274,-548725223.2470274,2029-06-01,False
124,4.790092769464703,1.0911038548789669,0.7311454445436276,1.0008138326613034,1.012039861950715,-41.398619255346965,4740846249.449111,-776634564.009281,900691013.6361951,505458659.5704112,-455458659.5704112,2029-09-01,False
125,5.70201408857562,1.1045895347908388,0.8778462645855001,1.0599601159419048,1.002001061928717,223.98559852737324,4799441528.666194,-50608600.58378565,1074567642.9565015,480953108.9287139,-430953108.9287139,2029-10-01,False
126,3.818313558529996,1.0747066257523226,0.8546763431584006,1.067814674932533,0.9923303611543954,67.02637535105167,4669600288.893842,-162033310.45495284,1110176245.530046,414108096.63618356,-364108096.63618356,2029-08-01,False
127,4.320279130454294,1.2278388566863612,0.780274230650855,1.0646827661028593,0.9949669139223155,45.01179239151551,5334959832.302238,-1111842866.833592,986612026.594409,686817149.0927722,-636817149.0927722,2029-08-01,False
128,1.6287863949293608,1.035091804898085,1.0024499026590907,0.9574806407232993,0.9475380237045696,-6.675517613032319,4497473892.28218,559768176.5938119,1396697106.4511135,294688212.10662544,-244688212.10662544,2029-06-01,True
129,2.4890259507452677,1.1314389328456793,0.8544417731721938,1.083299926211085,0.984403136653071,227.29520510174797,4916102163.214477,-433375867.9407047,1181942429.5575123,587938649.7925178,-537938649.7925178,2029-06-01,False
130,0.5152843904728142,1.1952719500745337,0.9351978337826328,1.013283934402184,1.0011721654731698,229.7883290984547,5193456623.073849,-70860345.71472955,1435445743.3650153,525957444.6280433,-475957444.6280433,2029-05-01,False
131,3.7734274990031027,1.2220626362488474,0.9043730343253579,1.0896510522052094,1.0373043355032223,97.28260154665912,5309862154.501241,-144165188.86490345,1281647058.6576056,484443607.32826674,-434443607.32826674,2029-08-01,False
132,8.885540929366606,1.0739766818581817,0.969489844257414,1.0891418990414192,0.9509535900865171,107.93102094428465,4666428682.6737995,183203804.09683156,965968429.2899654,379641867.64115906,-329641867.64115906,2030-01-01,True
133,4.2260033154752215,1.016451948041488,0.76724024559057,1.0469289279308316,0.9151132317460509,49.64569963077433,4416483714.240265,-837304897.5183942,830208171.2254784,546270052.786018,-496270052.786018,2029-08-01,False
134,7.797231659905525,1.1522340513823714,0.95672405782304,1.042303737210765,1.016017714905201,148.4635387897385,5006456953.256404,306368913.71803975,1122813266.6994014,410409858.99733686,-360409858.99733686,2029-12-01,True
135,2.6565908864202417,1.0365749396825474,0.9480995684491423,1.015545680899629,0.9780225122575819,321.3198255387292,4503918112.920669,448998551.5848745,1303744671.314313,402838841.86271614,-352838841.86271614,2029-07-01,True
136,0.4737360711060663,0.9860087661648976,1.043202706847967,1.0861312687569284,0.939024603857338,248.66007684732222,4284208088.98648,824454105.1022217,1526728301.0005112,327579621.8730814,-277579621.8730814,2029-04-01,True
137,9.907719708753676,1.1137415529451908,0.9356618738525301,1.0349482876071439,0.9246218674446935,148.6464822484753,4839207047.546854,-274353862.7489705,840009211.1597699,485141415.8006333,-435141415.8006333,2030-02-01,False
138,4.063487888015574,1.1413773480558163,0.9782614118985294,0.964480562680911,0.9848462943049295,67.79996766218204,4959284577.302522,308340343.3366693,1329112421.3185766,377826567.90392447,-327826567.90392447,2029-08-01,True
139,9.798142042683047,1.0617325506793307,0.9337419143874436,1.080475167717085,0.9689492422054875,170.4507765541143,4613227932.701692,131143126.9809171,901359058.4196143,396237050.86144227,-346237050.86144227,2030-02-01,True
140,7.803851911079008,1.1200192985064514,0.960720733670811,1.2092554611613289,0.9709314362945631,129.6782016879698,4866483852.010531,55614737.468957186,1019062921.1739316,425772689.3231726,-375772689.3231726,2029-12-01,True
141,0.8356513415940534,1.1764805117077322,0.9172643125733602,1.0562986160382895,0.9335985648067406,244.95544834471292,5111807823.370095,-559265354.6632018,1238973739.9589152,657374818.3385777,-607374818.3385777,2029-05-01,False
142,4.796794776040137,1.1459126985960546,0.8257032965254049,1.1931847127942041,0.9462741952049084,59.41900919844514,4978990675.399857,-887211090.881376,913955283.7791634,611400536.6313134,-561400536.6313134,2029-09-01,False
143,9.556757994220877,1.2191370867567612,0.8459707350250166,1.0661571129610568,0.9971010066060773,239.71207401116004,5297150641.958128,-683595879.9286155,832389610.9493498,649320272.5727838,-599320272.5727838,2030-02-01,False
144,4.676233449148501,1.1099291122142514,0.9573453827107868,1.116204808935118,1.0022619791494651,142.61962933814743,4822641992.570923,335046201.5632434,1245703247.507619,387838080.5655883,-337838080.5655883,2029-09-01,True
145,2.4204225707647438,1.2152486115610923,0.9859416419591817,1.1327225738640463,0.9346171883018936,60.74223234559501,5280255217.232945,-378936164.17165065,1298048292.786932,522181290.15733767,-472181290.15733767,2029-06-01,False
146,8.00867720074033,0.9907264683773357,1.0308858291421001,1.0515782570409502,0.9957117103212272,243.96749955228034,4304706505.099524,1137766564.262517,1193290849.272326,297106901.86424536,-247106901.86424536,2029-12-01,True
147,4.793925067707276,1.0741078679796725,0.9333865891793316,1.0854567837258422,0.9700691068267433,150.4441822115197,4666998686.371676,144151163.60389137,1147849244.5960631,400601525.4701912,-350601525.4701912,2029-09-01,True
148,10.99224198767741,1.1004492325138022,0.8413108202929451,1.0515875296704893,0.9687697883602779,38.69341340580591,4781451915.27247,-492629589.23714733,744045709.3157272,459165840.9314064,-409165840.9314064,2030-03-01,False
149,3.0200668918179736,1.146394150794467,0.8793516112715084,1.1892970250949813,0.9540662643827303,27.04200351943956,4981082585.201959,-592147213.5574683,1099622799.8639464,527765935.9956955,-477765935.9956955,2029-07-01,False
150,8.125533115255148,1.2056681214194094,0.8642320321356781,1.02166337829346,0.9472143370010958,131.37070218438527,5238627987.567333,-773561587.4496965,875506338.1155248,631265245.8982468,-581265245.8982468,2029-12-01,False
151,5.373200464514545,1.0628841361244046,0.7781287291346464,1.0680843416049544,1.0293357712501503,163.5916312910451,4618231571.460537,-336421711.7019893,999229545.345445,493218206.54521716,-443218206.54521716,2029-09-01,False
152,5.595888977887464,1.0272029509799112,0.8574126432796819,1.0386282937901692,1.0003053051360205,238.96432882385017,4463196822.007714,108150307.6376102,1042272278.2703555,416055996.14372474,-366055996.14372474,2029-10-01,True
153,10.289186005645309,1.266025478622303,1.0331776337856804,1.1882404653013083,0.9293575490467889,40.92641066086526,5500880704.613907,-386864124.9409324,940755850.6781993,520716062.2058662,-470716062.2058662,2030-02-01,False
154,4.132138717363555,1.1171251504553503,0.8051701008286937,1.1462472752114485,0.9865645200247665,136.07580835777478,4853908778.728497,-658256889.6981852,1000775268.8683769,584602973.8313814,-534602973.83138144,2029-08-01,False
155,3.0426031796092476,1.0616504960909097,0.8295049746297989,1.148131561427787,0.9839272562295374,187.25155224077662,4612871405.515002,-349794904.7906109,1079820792.0000596,513207553.8985331,-463207553.8985331,2029-07-01,False
156,4.072492800677685,1.0831352893027617,0.8940205486116646,1.1230421160819417,1.0011093707402223,61.394845710391394,4706222832.0205,49645826.57898736,1185089772.9504418,378919190.1883633,-328919190.1883633,2029-08-01,True
157,11.139132988643803,1.0301622246490403,0.9948983945119947,0.9975591548447656,0.9563425037943446,226.09622123113314,4476054866.10008,475356701.8730341,918686897.6362673,358599722.0592603,-308599722.0592603,2030-03-01,True
158,3.1704189078702036,1.0905599877339236,0.903437934015352,1.0299641379093132,0.9948418148778249,228.07159863354389,4738483146.703897,94697325.94381893,1256214823.2557347,442608622.0794724,-392608622.0794724,2029-07-01,True
159,9.809596627981986,1.0776619885351753,0.9192676830113917,1.0305395567007398,0.9541992437087617,48.362817014944454,4682441340.185336,-61623059.33096278,867272135.411007,384932176.4083428,-334932176.4083428,2030-02-01,False
160,11.102183841761534,1.2084662050371415,0.9646912150102093,1.0741889832170388,0.9767287103119977,133.1465163255379,5250785660.886379,-196101924.4383583,902695172.5688359,491450771.7225517,-441450771.7225517,2030-03-01,False
161,5.9451580959520065,1.0943432926826535,0.8192736697232788,1.0043964839464212,1.0276085287749928,122.41062405866802,4754921606.706129,-180242526.70984876,1032336978.983523,451629574.118642,-401629574.118642,2029-10-01,False
162,11.440463613606255,1.0416941650950207,0.9236427216784018,1.022792930619714,0.9551200079237949,-7.535017653709936,4526161147.337865,50707557.50667822,827548284.0268486,334277962.75795686,-284277962.75795686,2030-03-01,True
163,2.5809659822345266,1.221134677396614,0.8750827771316931,1.09054554231851,0.9747005326880022,105.14315309660591,5305830173.288288,-699250276.4296161,1152785922.3811617,625257570.0044986,-575257570.0044986,2029-07-01,False
164,5.904572450355049,1.0474033691587799,1.038437047038931,1.1382333478791808,0.997913088435586,119.5134053819946,4550967638.994899,961745178.480459,1308879897.7207637,302755752.7880232,-252755752.78802317,2029-10-01,True
165,2.9259389670795963,1.2229662814013427,0.879799100874045,0.9806635064892197,0.9641002661595687,206.63230157942982,5313788492.688833,-673353913.3273889,1160929756.587635,678927992.6111491,-628927992.6111491,2029-07-01,False
166,6.732209709846406,1.1634815988187508,0.9682412056617187,1.0236331403551122,1.0217108646116286,112.9324153158793,5055327546.867472,389974967.5559299,1209724904.8374271,392001618.2496759,-342001618.2496759,2029-11-01,True
167,6.89098536342645,0.9697055613716608,1.0435511318072053,1.0362786618977284,0.9272902414515127,117.24735050627544,4213370664.159866,832633357.4335659,1135370643.9843235,284458971.8339744,-234458971.83397442,2029-11-01,True
168,2.688063094905761,1.0388348258983877,0.9374735717613976,1.0539808109884985,1.0213547687498852,88.38131982491063,4513737318.528494,619138611.9640313,1369689718.55166,312776969.57148355,-262776969.57148355,2029-07-01,True
169,7.808491134928914,1.0992270869255196,0.9422121104954952,1.088945822079664,0.9753220264803595,279.3325355092155,4776141692.691383,137170970.51395488,1021434238.6337712,465707506.99495935,-415707506.99495935,2029-12-01,True
170,4.407289746150665,1.0450365124577103,0.9453973721239212,1.1463113186908407,0.9219782819910721,115.40091398785898,4540683646.628752,-41397314.90214908,1105147435.0957727,406670148.93573374,-356670148.93573374,2029-08-01,False
171,10.120344932371651,1.1631477902824747,1.0417176268800583,1.0765698536408992,0.990250146840449,84.71754476784264,5053877148.777352,477692662.20899045,1077360619.2908654,373386903.48415965,-323386903.48415965,2030-02-01,True
172,11.289830992952455,1.0822889404371678,0.9567102961453294,1.0555521527227483,0.9821700565064476,182.6030272142134,4702545446.199494,231418855.66633844,904182259.5621096,391436426.4376508,-341436426.4376508,2030-03-01,True
173,5.708485135102849,1.216633683377705,0.8970980347067696,1.0981659155709373,0.9640964055123269,106.72169604155266,5286273354.276128,-591090127.2803786,1029416409.6127446,594547684.77248,-544547684.77248,2029-10-01,False
174,5.146018700759377,1.031644443937693,0.8028307382172446,1.1023298348201949,0.9898579702088635,166.39981323813836,4482495108.909276,-313161979.9791018,968528677.7816694,478935801.9390477,-428935801.9390477,2029-09-01,False
175,1.052103102928004,1.0754257821329734,0.8416395354109343,1.1275483707766254,1.0117458396335688,71.65863156212484,4672725023.367769,-190294874.84277797,1250415177.3550851,415081027.65407544,-365081027.65407544,2029-05-01,False
176,7.180827193765954,1.0326498615352955,0.8634622212117468,1.0076431694681942,0.9583288024837708,169.64938241006158,4486863648.370858,-103686906.72282827,938897993.4269576,435239193.80310524,-385239193.80310524,2029-11-01,False
177,10.456804750784308,1.0509005733937185,0.9213641274266938,1.1095365674638125,1.0277668247678935,152.53113736266516,4566162991.395706,433019683.40701103,973791167.2127703,348267564.5375117,-298267564.5375117,2030-02-01,True
178,3.7796809571091208,1.1326254682968835,0.8748313240062088,1.2031125803210274,0.9692539791056344,172.6381441123865,4921257659.749958,-460701745.50971675,1075321078.385783,566914162.8062168,-516914162.80621684,2029-08-01,False
179,1.1405019120626123,1.0881618451998785,0.9886164628472256,1.0909461987492268,0.9729884555032624,269.96094667959017,4728063217.393472,392199176.6912292,1454726653.8386683,417080755.5258267,-367080755.5258267,2029-05-01,True
180,9.478696278794365,1.0746577493760272,0.9218222496968365,1.0694713589958285,0.9878560240345539,91.58628470839022,4669387921.038837,169685599.59685123,967501021.6771314,371882136.3538697,-321882136.3538697,2030-01-01,True
181,3.698037323079601,1.2191783028952874,1.0042692147869694,1.145498171914152,1.0348720960813433,190.31015241402744,5297329726.080023,409692494.4589219,1446098886.9012206,443184595.7242491,-393184595.7242491,2029-08-01,True
182,8.260088153872044,1.1667398742264046,0.9096034039633374,1.0639823164773308,0.953690923942395,161.53758845841182,5069484753.513727,-389153981.0873362,942328327.8607858,550077969.0665321,-500077969.06653214,2029-12-01,False
183,4.025272888661407,1.0625601438954533,0.9293559427921378,1.0566124217097228,0.9512472370526996,214.37404995828825,4616823825.225744,58344177.34480238,1157467214.6928723,435466246.8757219,-385466246.8757219,2029-08-01,True
184,9.581831680573117,1.0427172315956805,0.7436965409593888,1.0453199362014112,1.0038899552662102,223.18275599679845,4530606371.283232,-587963466.1531833,708563084.9874237,537973698.7550058,-487973698.75500584,2030-02-01,False
185,2.783240544131742,1.1700781981670985,0.8130304880925888,1.0535424113609804,1.0461789932773047,57.49627618598976,5083989771.036043,-445377477.81127334,1184348096.0325718,508328365.32479084,-458328365.32479084,2029-07-01,False
186,2.9363175278479474,1.0922151710891774,0.9352933016666929,1.1781562015846005,1.0358092293407604,14.640839996736418,4745674918.382477,426260541.3042306,1371077396.986419,327385469.36344206,-277385469.36344206,2029-07-01,True
187,2.7799030507344495,1.174888851205899,0.8622788986106525,1.158983929938947,0.9905547243332611,31.91878992539276,5104892058.489632,-553815358.2955154,1148692687.314669,528665675.9761896,-478665675.9761896,2029-07-01,False
188,9.157903335264876,1.0448253517784012,0.897981615685548,1.0802331102132916,0.9775189898603132,172.8455237977743,4539766153.477154,83210761.01640904,916360400.0763328,399187664.55806494,-349187664.55806494,2030-01-01,True
189,7.026919108578743,1.2756020905300989,1.0551434473488763,1.073982488725531,0.933799246197665,185.0282748373887,5542491083.353279,-144232620.97410464,1157609231.3010628,568951289.1869061,-518951289.1869061,2029-11-01,False
190,12.19250752430957,1.0739636635742464,0.9057375154906797,1.058926215907661,0.9248400856416228,168.96531581584838,4666372118.230101,-370313585.69277585,712000351.9895679,474060488.7334968,-424060488.7334968,2030-04-01,False
191,4.485131493792755,1.1739139096586637,0.9772382882699073,1.139055237065399,0.9707106213837678,88.89831148885133,5100655937.466893,-14262087.635394454,1261111949.9548988,441434295.56705904,-391434295.56705904,2029-08-01,False
192,8.069983908401907,1.1781145195334395,0.9116926106819827,1.161915226283028,0.9415560387060978,240.03126792535988,5118907587.372794,-540523554.3316925,908371205.8933823,628309484.0053633,-578309484.0053633,2029-12-01,False
193,2.319770041712185,1.0391444331575395,0.9198280085295658,0.9872028584535375,0.9251731050290052,-44.42105297190131,4515082562.0695095,-66463265.77629888,1193756726.444193,340903554.15503854,-290903554.15503854,2029-06-01,False
194,5.116550915167963,1.170161124160207,0.7710481008553471,1.099211802939855,1.0069051839877459,50.399456744906075,5084350084.476099,-895932086.0905294,944857920.6667321,611735970.2082615,-561735970.2082615,2029-09-01,False
195,2.8678160941731665,1.1979603646949681,0.9750499210474991,1.077887942080358,1.0064293531444253,24.601371605820262,5205137784.599636,147465426.40536797,1401489688.2027102,398993389.99169356,-348993389.99169356,2029-07-01,True
196,4.792796977986507,1.1599544973830174,0.8587710580684331,1.1211839578285512,0.9777826667882361,191.97025215113234,5040002291.1292095,-534883537.89465106,1035352186.3031644,603825409.3163407,-553825409.3163407,2029-09-01,False
197,5.342930594018906,1.0825586162861172,0.8480443415095009,1.022924774750104,0.9989182372171795,34.466685042314936,4703717187.76318,-156876767.64376855,1073242534.2426608,401509365.03514314,-351509365.03514314,2029-09-01,False
198,2.194313470362183,1.0448097146139692,0.8345247530307459,1.1395865272983414,0.9691525811643394,318.9975119715892,4539698209.997696,-343197954.6142862,1104121406.7939987,572270544.8051027,-522270544.8051027,2029-06-01,False
199,2.771972300776884,1.1390179480870135,0.9032074429128182,1.0539793991831368,1.0137837617920893,300.5992366743181,4949032984.438073,27307920.084353685,1290183985.8747652,516650798.6793041,-466650798.6793041,2029-07-01,True
200,9.781025507114913,1.048576902771735,0.8485133631434033,1.0999864688982477,0.9588982425854822,187.12739051042988,4556066642.543188,-322289349.9381331,775184513.9160466,479176643.73330903,-429176643.73330903,2030-02-01,False
201,6.208908363608489,1.116718729497753,0.9763621768182748,1.1115491066178698,0.9178587003997352,4.475207468727838,4852142879.667736,-135100133.13062096,1056639993.0663298,407505334.1349312,-357505334.1349312,2029-10-01,False
202,6.531277441479179,1.1039570640307237,0.8595055992412339,1.0579653796030648,0.9995823279662284,218.32292707457765,4796693443.213494,-161151325.57261837,994625169.8906255,500769800.1675432,-450769800.1675432,2029-11-01,False
203,6.162349172399053,1.0855836693908585,0.8622958810360792,1.0749222996096912,0.9614572650121413,141.2166522557948,4716861043.503281,-317947167.6509038,975381825.0061368,494000663.80329514,-444000663.80329514,2029-10-01,False
204,7.271800653321074,1.0119233262177156,0.7289356803714935,1.0236967477369612,1.0167189352040413,161.9284081070613,4396806852.415975,-469512050.1268985,823648173.0778883,494015379.42485416,-444015379.42485416,2029-11-01,False
205,3.103188635657407,1.209400575853964,0.9074905446509051,1.067191522576824,1.0239844356268768,9.742794804063202,5254845502.085474,-167530435.35936546,1316641506.484838,436948049.03324986,-386948049.03324986,2029-07-01,False
206,3.471308597518843,1.123976408176555,0.8409230785116468,1.1048446801820608,0.9506863637681837,27.13247199415342,4883677493.527132,-689093022.1229956,1043729046.9585898,541791602.2300819,-491791602.2300819,2029-07-01,False
207,3.404580582081591,1.0922032381473432,0.8347830334942685,1.0066696094369125,1.011698039283855,88.6500350372782,4745623069.750206,-202953523.24229622,1168474899.81747,437040893.55167043,-387040893.55167043,2029-07-01,False
208,4.5398845732494095,1.007487184667551,0.8834969352555382,1.033480676354058,0.9860476208971768,61.01089072854249,4377531817.380509,227897941.8500507,1106780305.1789045,328355363.67523146,-278355363.67523146,2029-09-01,True
209,10.046667662439404,1.227467684752124,0.8064139055755721,0.9995340033722162,0.9372010383905054,154.9536609700946,5333347090.247979,-1202243985.5392692,705494751.6464226,715052538.5944568,-665052538.5944568,2030-02-01,False
210,2.6134769935354094,1.1949200179919313,0.9598714716450202,1.1386545754341488,0.979452667183879,331.7714825593343,5191927478.17494,-118923487.04226887,1301995425.0108008,603380375.3487294,-553380375.3487294,2029-07-01,False
211,1.5728336736200148,1.0883744328327063,0.8756613723328147,1.185896334935797,0.9833444680782212,210.78468670606858,4728986910.658108,-223826223.67576087,1198494474.8061762,507033081.88766325,-457033081.88766325,2029-06-01,False
212,3.088544454087889,1.2600229311198636,0.9131275177346521,1.0701156521260031,1.0325154253620583,101.14911316556353,5474799635.715807,-258129465.81335676,1344388872.803976,527353767.16950834,-477353767.16950834,2029-07-01,False
213,4.81596512624756,1.1237601128285917,0.8178689698984027,1.0429360270828014,0.9481508034132512,28.721081969336367,4882737690.240231,-762968171.0198662,930347987.1834683,556536921.6808665,-506536921.6808665,2029-09-01,False
214,9.67105612029248,1.1247344050486099,0.8837947642822803,1.0564084819767063,0.971959905810446,158.46649957375848,4886970989.936211,-306606254.14248955,845710465.666096,496543260.2472204,-446543260.2472204,2030-02-01,False
215,10.798081014213361,1.2290910129133288,0.8911245162707366,1.0442384821777755,0.9735700890459096,142.13808199395748,5340400451.108414,-637386738.591706,812463307.705963,586231057.1193165,-536231057.11931646,2030-03-01,False
216,5.319821868358044,1.140233780336046,0.9236395024272215,1.0428766885203082,0.9644109437064199,100.71959314052197,4954315775.56012,-155547013.08955562,1129051262.84083,461699678.71663964,-411699678.71663964,2029-09-01,False
217,2.3021353179093897,1.0423125470538368,0.9537128565043342,1.0533948354325597,0.9507392123581133,140.87621143802346,4528848016.948921,240017624.97027683,1295886608.3720126,369742212.7926291,-319742212.7926291,2029-06-01,True
218,8.149832134569113,1.062483327344945,0.9759347109830031,1.1757176307112738,0.9849818683387113,168.05156197196405,4616490057.313786,444449187.1865164,1071703806.7524823,367012901.1871078,-317012901.1871078,2029-12-01,True
219,1.7158832880155634,1.2361633948932012,0.8913413497175092,1.1741389556041624,0.9835113845074027,-33.352840164170445,5371129950.810959,-684578034.7322,1229808136.702026,546766074.2901827,-496766074.2901827,2029-06-01,False
220,1.469133064808086,1.1453886377529459,0.9251525467417565,0.9695900393342161,0.9980994180459896,228.4044972333194,4976713631.03655,59657950.55158579,1418176965.589381,471879127.7517333,-421879127.7517333,2029-05-01,True
221,5.603479741077448,1.1000966647069705,0.740233352189643,1.1297232282488063,0.9629967681786397,239.89260687062816,4779920008.151787,-1030751005.0678041,782767449.175008,706399941.7219377,-656399941.7219377,2029-10-01,False
222,4.631354540710136,1.1196332284348827,0.8622025518663772,1.0127970762826524,1.0013844982079168,125.63210542644066,4864806377.549564,-182074786.20275772,1103367864.912241,467349946.01523995,-417349946.01523995,2029-09-01,False
223,5.944462111399085,1.249138554094814,1.021452113140457,1.1492894765588744,0.9474479874513178,148.57326252495173,5427507017.541966,-186006549.3348868,1175343329.276927,545748615.916331,-495748615.91633105,2029-10-01,False
224,9.869702123547896,1.0836898117202534,0.8069640225149559,1.1361967506658657,0.9760339569951877,141.28792089559803,4708632231.9245,-581044851.309354,741992861.2008427,523436823.54533136,-473436823.54533136,2030-02-01,False
225,12.418924886192379,1.1285923426475837,0.8982931800373317,1.0504983086283668,0.9707914649647014,34.28490369407872,4903733728.803751,-333862230.5304246,768986486.4057808,429411217.69048536,-379411217.69048536,2030-04-01,False
226,8.63950358441124,1.1898238727872081,0.8658523419972781,1.040126362200612,1.0136752108267033,-12.076111332336616,5169784727.260419,-366012499.6290209,935146102.692981,457940473.7235626,-407940473.7235626,2030-01-01,False
227,5.8063464881294795,1.0997075724301497,0.9475596700414,1.0134297358359132,0.9909870588628995,100.34704245190213,4778229402.209,306773041.6709647,1174246538.6201315,372163450.6454958,-322163450.6454958,2029-10-01,True
228,6.69384293515051,1.0004459689315173,0.9058418530616861,1.0749797011183024,0.9507140693916377,41.52824291303337,4346937735.007442,141412170.29484332,976236973.0045022,334092835.53827673,-284092835.53827673,2029-11-01,True
229,3.248778380974744,1.07849453989524,0.8050964110172213,1.1852024485637127,0.9697131891247976,211.78625339958003,4686058775.844817,-641395723.7852862,1003783585.7859068,606230923.5850991,-556230923.5850991,2029-07-01,False
230,12.107487710803053,1.0173933743921,0.9407863862293729,1.1543864376646387,0.9880279220668747,111.04940287946815,4420574211.733674,289716159.42032516,828221635.0162814,329951661.1666322,-279951661.1666322,2030-04-01,True
231,5.075353792407867,0.9982710667358546,0.9199703382915521,1.2208153920251235,1.029177632764388,-0.7663353940640434,4337487784.967288,615935683.2936987,1216188694.9290018,273099049.17605066,-223099049.17605066,2029-09-01,True
232,7.582179537267216,1.0709594816193495,0.9970870240647478,0.978584797633345,1.0240515524764264,222.5149984460042,4653318947.636074,906943577.4049454,1209590046.6348934,340040841.26668936,-290040841.26668936,2029-12-01,True
233,2.565198901868174,1.0094047868383804,0.9778785819931182,1.011693815229496,0.9801174600221675,258.20940019735656,4385863798.812762,724866791.4430325,1362198419.3664553,344553987.6141861,-294553987.6141861,2029-07-01,True
234,6.2181452016184,1.087663123669409,0.9024478032289746,0.9856384337289059,1.0318864518742679,86.52564266417122,4725896272.343581,359524009.0671948,1182397624.4151495,352705885.22815937,-302705885.22815937,2029-10-01,True
235,3.2564329462895154,1.068031152521336,1.0218742390446085,0.9957802811493831,1.0126728239115574,179.07425425098998,4640595357.705204,992010728.7179551,1519781490.51803,323458173.48355204,-273458173.48355204,2029-07-01,True
236,9.12175083480394,1.2575398542103144,0.9797498283184912,1.1831914973163138,0.9390284906381356,207.0974336014115,5464010666.543817,-515813946.8953767,942774802.0890478,636436676.8915174,-586436676.8915174,2030-01-01,False
237,6.024700455239734,1.1152122041691432,0.9957816250118158,1.1999103213141156,0.9943295625304902,122.61011224590129,4845597027.114927,426882570.6487663,1221912429.7302432,376721379.5664401,-326721379.5664401,2029-10-01,True
238,5.2762702991357155,1.0857532754049528,0.8844615681915844,1.053763295712184,0.9328182696529592,18.16278394862033,4717597981.63452,-374004168.96022713,1004606032.624614,449740914.0655489,-399740914.0655489,2029-09-01,False
239,8.448583797094983,1.0964471871735322,1.0068203716882163,1.091327869087227,0.9205453592378677,47.218313496217206,4764063028.268997,112868130.24673426,1010052627.5392637,381812626.6781215,-331812626.6781215,2029-12-01,True
240,3.3949828289298347,1.2573978242849806,0.8479026040240866,1.073861724904882,1.0241128947586267,302.24304230204496,5463393546.51824,-669276426.175462,1204420270.2856526,747536504.4760197,-697536504.4760197,2029-07-01,False
241,3.638156728547919,1.0047660570633783,0.8271886984426265,0.9857147656363282,0.9483889542468944,142.29100036438848,4365708517.940378,-264699905.35759234,996438529.7931786,446790804.35099113,-396790804.35099113,2029-08-01,False
242,10.498976075687263,1.1139461704246232,0.9363885829730655,1.021618743577164,1.004241154047282,154.4978026991981,4840096110.4949875,211517218.70389104,970218691.9878612,400423888.2650708,-350423888.2650708,2030-02-01,True
243,9.638710751048663,1.23814100230389,0.8813163910661068,0.9946727439559192,0.9520686805575231,112.90119478914221,5379722655.010402,-783834768.5319475,821444892.7685905,617015197.2287569,-567015197.2287569,2030-02-01,False
244,11.242666370463354,1.0843557900465015,0.9632919192494603,1.0781580136482904,0.9468370072183495,88.72291496795725,4711525907.7520485,26930385.783581853,853713165.2234952,387256754.07206017,-337256754.07206017,2030-03-01,True
245,7.031991956318837,1.1435692930477843,0.9003331058383808,1.026863714448841,0.9959631716778556,50.6597362243856,4968808578.2926235,-87061475.40626466,1056258524.2948884,421825391.2502672,-371825391.2502672,2029-11-01,False
246,11.022376259685876,1.0475583578231584,0.8095933297733292,1.0707839222615847,0.9789594527420012,128.23276048483734,4551641064.741623,-427188261.57345045,716699748.480084,462306266.0471152,-412306266.0471152,2030-03-01,False
247,5.119315820694755,1.2803061934521207,0.9107191385985148,1.067497695963707,0.9711420603621707,13.320970318590142,5562930410.549465,-699968811.5717349,1116696333.0452945,594437730.5148153,-544437730.5148153,2029-09-01,False
248,6.451088049324343,1.0564421334620189,0.9383876180581969,0.9809573466462336,1.0360201775103015,119.56672961845814,4590241069.892471,709264629.4159789,1251570177.4203668,319512555.0649917,-269512555.0649917,2029-10-01,True
249,10.198125728367359,1.101939342013169,0.7871769694862144,1.1393330845180354,0.989221131645159,202.26951823470728,4787926441.047218,-675593856.9678022,734275552.2558277,575852115.8686917,-525852115.8686917,2030-02-01,False
250,5.05258589821854,1.135432896573006,0.9834111193116233,1.0949852774498312,0.964591668332927,166.29632403411188,4933455935.609711,157406908.71423912,1215254580.7594733,433609366.0791141,-383609366.0791141,2029-09-01,True
251,7.222064208475373,1.2457036354393367,0.8865660279028015,1.058974202800555,1.0055848121974489,127.68542889471712,5412582295.983917,-473915689.99251604,1046482879.187011,586058726.2995056,-536058726.2995056,2029-11-01,False
252,7.9271286063512445,1.098968330706649,0.8469607679859805,1.1194870091588365,0.9396719300036754,59.15594263199088,4775017396.920389,-593266521.0815579,824550099.086407,514626909.7633035,-464626909.7633035,2029-12-01,False
253,6.77196413884029,1.1625073858506094,0.9944505208579568,1.0348438422604462,0.9364512153872357,283.70268446055235,5051094591.520898,-13537100.090088129,1084159289.3673368,537540037.3916743,-487540037.3916743,2029-11-01,False
254,2.940695994019099,1.0498043032153208,0.8676192505270679,1.0762175442225217,1.0149239175984235,195.25699457806402,4561399697.470569,127959164.63397205,1222464319.0707648,401906995.657414,-351906995.657414,2029-07-01,True
255,7.607978217963343,1.0445421029341295,0.8835685203153189,1.0675734382032185,0.9420608064809394,78.0850581746378,4538535437.248793,-178017342.76587152,886340001.8747051,414866724.72892964,-364866724.72892964,2029-12-01,False
256,4.159606133563463,1.0320615632069192,0.9228741702502752,1.1103335324838337,0.9289685964058035,122.21130444272475,4484307492.134064,-44470887.439784884,1091034477.7787547,403217166.69780934,-353217166.69780934,2029-08-01,False
257,8.478185745381442,1.1627034656141788,0.9731379388094271,1.0626577210328134,1.006593196013972,70.18812034829469,5051946558.093607,284881310.39149594,1126729382.3133595,389839707.41413003,-339839707.41413003,2029-12-01,True
258,4.540268428673684,1.0448251585194293,0.9069969078601493,1.0538479687934625,0.9537691863149494,192.45023301533624,4539765313.76692,26276635.058902264,1079746345.2758412,424574210.7761752,-374574210.7761752,2029-09-01,True
259,4.198905576193571,1.0655007899020197,0.8189474443713278,1.0611504459125243,0.9602957340617695,98.85016117041366,4629600932.124275,-501722662.2493094,991295655.3115044,507847370.68021417,-457847370.68021417,2029-08-01,False
260,3.6353606020243645,1.1668986500388843,1.0065597209220654,1.070831786700239,0.9887748699068654,234.7490896377413,5070174634.418952,346993295.0957551,1364364082.9970524,446405509.5162089,-396405509.5162089,2029-08-01,True
261,13.595215151854967,1.1299736286859932,0.9929403417457757,1.1678243119441982,1.0032051351319404,117.82148916687191,4909735416.640639,110017856.70278788,798919969.6938486,380248904.24878454,-330248904.24878454,2030-06-01,True
262,2.1318123800509183,0.9853942249725692,0.9089301653245525,1.0702234657306058,0.9699167265706545,142.19416545519337,4281537907.5058136,313815034.2819686,1254076785.8069754,336495825.0193196,-286495825.0193196,2029-06-01,True
263,6.081842288929816,1.189449809901771,0.8101529329751241,1.0262024534539649,1.0033797498835122,226.64557860524602,5168159424.023194,-701372989.1888413,973227713.6868122,666236738.1507568,-616236738.1507568,2029-10-01,False
264,13.14875967372398,1.202500352953223,0.9929767166467586,1.0418502926200355,0.9694257848937448,76.82707238296192,5224864033.581754,-180063940.58202875,823288052.7867081,439817731.8326529,-389817731.8326529,2030-05-01,False
265,6.575844542776612,1.2323438139907847,0.8805588313082435,1.0810946872104104,0.9596288148921461,50.93561525231047,5354533871.789959,-746334866.2757344,954089557.0979091,601163280.5202562,-551163280.5202562,2029-11-01,False
266,3.306113983190041,1.0086227318972896,1.0145156701574896,1.055511891128276,1.0082659535393719,171.48654747882196,4382465770.093723,1092616268.743664,1482761302.8018787,291145578.0078156,-241145578.0078156,2029-07-01,True
267,3.2783509633687458,1.0446100446780806,0.9724164320299191,1.0334638242875003,1.0198254151457016,41.66964754688128,4538830644.12626,802076993.9204249,1435779730.0935068,288369129.9787983,-238369129.97879827,2029-07-01,True
268,7.282798650005028,1.1821978180470067,0.8526543548229392,1.0354716868713791,1.0306984017361676,75.99942984303341,5136649519.414244,-291609970.30565,1039922897.6945606,489763695.8009403,-439763695.8009403,2029-11-01,False
269,5.066578874026295,1.0939712796101695,0.8575754312904027,1.1269517444933985,1.0010553179998698,100.66448592785378,4753305209.906186,-183478692.48454547,1074933213.258016,445091290.69941545,-395091290.69941545,2029-09-01,False
270,9.19558648233759,1.0532387115069664,0.7379463650899664,1.0836559551411606,1.042114355495584,-1.8475484568742218,4576322201.497768,-485154161.61802864,785788376.534165,431066840.224924,-381066840.224924,2030-01-01,False
271,3.412900837656112,1.1103023860403982,0.9719408269795289,0.9942068830267592,0.9688681047009915,190.96409230299162,4824263867.34553,261345951.4558134,1330412094.866683,413327309.5820395,-363327309.5820395,2029-07-01,True
272,4.620023943361616,1.0477754291097803,0.840925960361143,1.056622740925039,0.9758485655610618,232.44763627047476,4552584239.481995,-209994546.92894518,1014068122.903839,495649490.98526824,-445649490.98526824,2029-09-01,False
273,6.922948255065468,1.1478226895945376,1.0336537782341568,1.0569018735681752,0.9695719256524464,262.4482825558586,4987289586.288265,449331445.30496347,1202263577.3717928,440816797.0527582,-390816797.0527582,2029-11-01,True
274,3.710664748031447,1.157838755011974,0.9599329426799204,0.9968067242120122,0.9749585009743592,59.69844246521116,5030809390.527027,62003098.29111719,1269930802.7029219,409047617.8306616,-359047617.8306616,2029-08-01,True
275,3.2219582984481967,1.0997360308558306,0.8671371541168418,1.1321827727803884,1.018852790808807,209.54381654350905,4778353054.068584,-61244142.26676893,1218720240.6221962,469995138.2922561,-419995138.2922561,2029-07-01,False
276,3.8597576176248753,1.0657576629020102,0.8580350701408398,1.0067552033167138,1.0257076733326955,105.4693880425335,4630717045.309234,118677528.91990125,1190489096.6727364,375003895.2398798,-325003895.2398798,2029-08-01,True
277,3.547197566328795,1.192906557521091,0.892799909255771,0.9740419559752226,0.9440828633711057,160.06589046623827,5183178992.42914,-601046711.3778896,1098748703.076666,620787963.9188676,-570787963.9188676,2029-08-01,False
278,8.486991600227817,1.0527691923557572,1.0019460599275003,1.1478416354473093,1.0101000992186866,66.87458580869001,4574282140.785765,791742239.1825503,1160570291.1814444,298695844.0311707,-248695844.03117073,2029-12-01,True
279,1.6822649507147296,1.200417274355927,0.8712410562963802,1.0926169403455437,0.9997969351419425,37.735941954635734,5215813057.076502,-517072535.8026353,1242982764.969092,530720907.44927335,-480720907.44927335,2029-06-01,False
280,8.460809592789458,1.2321815447705253,0.9547274898297446,1.0615334671805154,1.0140155652662555,132.6196030164079,5353828812.027932,-4341171.549021244,1112949337.794036,481680755.8847852,-431680755.8847852,2029-12-01,False
281,8.022369189582346,1.1841287119283797,0.9588743195687636,1.0374638954156312,0.9376048774877671,69.58391096516122,5145039253.32881,-285215048.8675573,986392773.0570927,491938305.20528877,-441938305.20528877,2029-12-01,False
282,5.657487858998913,1.1076324190190134,0.9287625381353833,1.0543142567137418,1.002696295126336,256.808664752139,4812662860.637613,233426142.6753019,1158926411.1245704,442309135.6790508,-392309135.6790508,2029-10-01,True
283,3.7170691404452505,1.1596145900889314,0.9453756203237628,1.075124769777025,0.9475643018080779,206.90292056883533,5038525393.936407,-236808180.94807017,1172502168.783475,546286611.7764735,-496286611.7764735,2029-08-01,False
284,11.652166953984286,1.1557549226180466,1.0021094814527451,1.2099760112915685,0.9649969852444777,159.79578157315672,5021755138.775412,-37416244.97235596,855610376.6131185,445376032.1754595,-395376032.1754595,2030-04-01,False
285,5.418076163780695,1.2683745397720383,0.8037664923210815,1.0569846184468141,1.013849757504769,80.54914259232393,5511087375.309505,-997020644.1139791,1018850625.7666013,691355983.9125503,-641355983.9125503,2029-09-01,False
286,8.549403618817678,1.0851330192327429,1.0314189648108831,1.1585211725425024,0.9601318908063882,198.40617213680997,4714902968.566267,481294694.35439813,1051796849.203896,384605322.6399515,-334605322.6399515,2030-01-01,True
287,4.364644071787364,1.1284072858426735,0.9419576997447369,1.1414451336456954,0.9171292174539346,64.93247351874918,4902929656.986416,-387552764.10781467,1090670738.0169377,495489036.03835416,-445489036.03835416,2029-08-01,False
288,7.649290864982165,1.119311146235639,0.9125389826747963,0.982684055235689,0.9646475877472429,233.85364056960213,4863406930.393852,-95257390.33712006,978529487.2818295,500875033.2950673,-450875033.2950673,2029-12-01,False
289,1.3152942157623146,1.0875227786450696,1.0126930252179187,0.980976386370512,0.99873510349146,74.32520649861068,4725286473.212828,766148297.1261617,1589699527.6864965,318489041.79932123,-268489041.79932123,2029-05-01,True
290,9.678569276444911,1.1621808606403323,0.991712160460454,1.0244127838910184,0.9798468099414326,201.4301321178486,5049675839.482244,191774948.30894506,1002796551.8743472,444115809.6321794,-394115809.6321794,2030-02-01,True
291,3.709337623851317,1.0570280848770213,0.7650912805941388,1.1913725566845303,0.9948200873557556,159.09697593023435,4592787028.790657,-643220830.3157618,939268323.8143965,565201584.3115911,-515201584.31159115,2029-08-01,False
292,8.013286475644481,1.112822667821178,0.9087188644983927,1.0628654120281436,0.9885558117238761,59.96407833262184,4835214491.683018,-6607973.119320631,1000715878.0418175,400138518.59793496,-350138518.59793496,2029-12-01,False
293,10.041239752407549,1.1813369365269928,0.8817014475402497,1.0850184847096722,0.9411379095166511,297.4131650825019,5132908989.209783,-689474402.9941711,792223784.4116648,665641787.8360952,-615641787.8360952,2030-02-01,False
294,10.312856968903931,1.2235665877128346,0.8776254927612224,1.0147090713610754,0.9504109706472285,23.485260173080917,5316396823.612266,-778453612.563649,811379482.0834397,565881569.4061807,-515881569.40618074,2030-02-01,False
295,2.5934909457481288,1.013937231989987,1.0396230822634738,0.9894358528922019,0.9398811355331937,218.56735397578592,4405557272.996492,782206510.8561038,1382466441.9691942,334744898.0037607,-284744898.0037607,2029-07-01,True
296,6.334077377380596,1.1701016047127066,0.9372376997240456,1.1580486669342716,0.9883875746422021,131.39649886224393,5084091472.47671,-96501325.7719034,1126286293.4068463,477448764.80532444,-427448764.80532444,2029-10-01,False
297,7.658466835739322,1.0966898375241656,0.880889943605168,1.065805252058686,0.945128364264426,207.37171732180585,4765117344.042499,-344786519.90383923,888044609.8905219,531143335.1809988,-481143335.1809988,2029-12-01,False
298,3.8209176587323754,1.0391459859408645,0.8557466304752548,1.1451211227459857,0.9629477207464479,172.81362058721902,4515089308.913056,-234961371.35568595,1042323617.6851953,470505867.31509995,-420505867.31509995,2029-08-01,False
299,9.516401923878938,1.016320355206104,0.962086751311501,1.0407618994983123,0.9509849818104166,173.620140733975,4415911943.370522,341803500.37877655,914357353.9060109,354880495.6861014,-304880495.6861014,2030-02-01,True
300,10.446343739562412,1.0697122769587148,0.9262735287009631,1.0377983934276696,0.9815894646280816,155.54230039783474,4647899843.385615,163890345.92063475,918344684.7985588,388966077.22429514,-338966077.22429514,2030-02-01,True
301,6.6139966443701885,1.1321943637695009,0.8205184980880176,1.1078327073987024,0.9915609611816925,171.83943259432607,4919384510.578482,-546981441.1903709,913959598.103878,574445726.5589458,-524445726.5589458,2029-11-01,False
302,2.0366518979363053,1.0965879684300326,0.8949166312190484,0.9934927935354434,0.9516567046448158,113.56028924861982,4764674722.828491,-236648642.49704754,1205452224.8408225,463334362.0011909,-413334362.0011909,2029-06-01,False
303,8.000573642433096,1.05834700168777,0.9766561120003175,1.079097862932618,0.9998445186887663,120.33850634833385,4598517722.333361,613038214.4550873,1116750511.3057177,331411334.3294334,-281411334.3294334,2029-12-01,True
304,5.626660854779097,1.1313435750574474,1.0057893074492277,1.0698039869460387,0.9796485433470035,150.49986554579206,4915687833.624609,410997600.0164995,1233177396.350921,394837119.6562628,-344837119.6562628,2029-10-01,True
305,7.9379969664872,1.0141432700142718,0.916401172097937,1.0681009615639008,1.0213240925949063,124.9459132644646,4406452508.212011,571455244.0990045,1067260436.9227366,315005364.01168835,-265005364.01168835,2029-12-01,True
306,5.372420667255868,1.2468263142371692,0.9035840937481947,1.0172605086744126,0.951019540116209,25.572827790274246,5417460335.360499,-712652324.0914365,1075792855.906676,592339317.647701,-542339317.647701,2029-09-01,False
307,0.17836826651870893,1.093867846862349,0.9629695785692314,1.1167424941011326,0.9196415135270732,142.63146419816553,4752855794.616906,-162371342.78046358,1322033793.8717954,459037240.49880695,-409037240.49880695,2029-04-01,False
308,2.939363030174166,1.233611040830567,0.8318878991374161,1.094117977148507,0.9625688448508416,160.6752329895405,5360039972.408813,-1048999653.1925302,1053059282.5772564,749285422.0910956,-699285422.0910956,2029-07-01,False
309,4.928958356669865,1.1659153264258675,0.851357521956391,1.1667206414882938,0.9774759045882023,193.82482518429916,5065902093.320394,-622600590.2880441,1014843919.0856584,628100620.3474816,-578100620.3474816,2029-09-01,False
310,9.413304762268567,1.2906394497714828,0.8494261789068505,1.0373008203849998,0.954819677496157,75.5877379746405,5607828409.2570915,-1116996567.2710283,822014187.1438031,697092206.6701013,-647092206.6701013,2030-01-01,False
311,6.354234100857707,1.277988292463079,1.0400838244982724,1.075762593139235,0.9884352837071353,231.66595743472885,5552859130.752078,147769308.54327834,1304181203.3604817,530309936.670007,-480309936.670007,2029-10-01,True
312,10.935800950246659,1.051200403480716,0.9188339038617295,1.1423870506321328,0.960319357752011,113.31646497495154,4567465753.123712,-34167178.68554962,812315277.5558925,388855370.34215736,-338855370.34215736,2030-03-01,False
313,12.581181552023345,1.2665559110562292,0.9981062028892993,1.1328158391141643,0.9568292707033416,88.74798897292618,5503185433.539316,-492942603.9313592,797830747.5400171,525486461.7000127,-475486461.7000127,2030-05-01,False
314,6.038819042923497,1.118743683192112,0.9144520786412647,1.0960910216672686,0.9699991162201057,191.6251779213416,4860941303.469727,-113308922.3509798,1067381873.7612586,488905950.25585794,-438905950.25585794,2029-10-01,False
315,4.340651663128083,1.0761534393610934,0.8175525599331392,1.0189145292766442,1.0103826960618754,114.6879388090023,4675886694.023951,-246597761.29443836,1087263972.1599026,455427301.6341548,-405427301.6341548,2029-08-01,False
316,3.5721976494811556,1.1658311298462813,0.9235627377765908,0.9664224975535751,0.961614425973473,53.05379501639162,5065536259.182093,-233740872.24697256,1186608079.6386607,462741551.29958785,-412741551.29958785,2029-08-01,False
317,7.05897705936637,1.0659304793612978,0.7896994912815278,0.982577630788045,0.9837288647189932,-13.897266831368881,4631467932.824839,-475069322.83877015,873886870.5261929,441436562.5553125,-391436562.5553125,2029-11-01,False
318,9.399010523708235,1.0396253883236801,0.933005074757899,1.062087711488533,0.972898684863191,15.634050169121451,4517172312.26639,258254657.7325071,959097756.3799324,325785257.54815704,-275785257.54815704,2030-01-01,True
319,8.745032353069163,1.2105591025287834,0.7487062139673676,1.016771985763069,1.0182351449295377,137.74864259563807,5259879300.487564,-1038090104.6179575,777711710.3323992,672902811.2943937,-622902811.2943937,2030-01-01,False
320,2.898657686223016,1.0509607083660504,0.9422181625413929,1.1147584688215277,0.9851461758266278,281.5517567154027,4566424277.850489,347399154.75113666,1288154601.248577,407574128.807894,-357574128.807894,2029-07-01,True
321,5.58387883361039,1.0706846602534204,0.9089365546054802,1.0489448837302522,0.9518940334922642,2.514711847332876,4652124848.801111,-69464838.60562408,1033689861.2043765,373853641.91602725,-323853641.91602725,2029-10-01,False
322,4.4768570891284725,1.1530762756008708,0.757136877292854,1.0612073134961564,0.9888616218339382,152.61816425372552,5010116417.485783,-997456152.2179029,936697633.9268117,688111983.1643518,-638111983.1643518,2029-08-01,False
323,8.40811132303407,1.1809490643940705,0.951545389648531,0.998243660365543,0.975500128000238,150.85330971557892,5131223684.792236,-47309309.47436261,1050521869.0523987,478936809.8494431,-428936809.8494431,2029-12-01,False
324,3.7083282181232677,1.001666703253179,0.8493234549551175,1.0637302660657832,0.9704781088612288,52.95639309741624,4352241825.635063,-55829542.30603886,1060550280.6718704,359190809.12161857,-309190809.12161857,2029-08-01,False
325,9.041993946725054,1.2254437314607753,0.8427226721724356,1.1766411504786556,0.9146400652355845,263.3757959384015,5324553013.197069,-1209522453.256731,731605513.2082672,789982228.2978225,-739982228.2978225,2030-01-01,False
326,11.405781545691864,0.9821746704834535,0.9616698790222006,1.1987870121985928,1.0185671079533982,295.8799124134236,4267548943.2506056,734097354.8442976,945492036.4145778,329919731.4947186,-279919731.4947186,2030-03-01,True
327,6.065599631835403,1.0164691996341708,0.9817146199501177,1.0916362934579809,0.9863976086454058,108.59859359537404,4416558672.410472,709831202.2895378,1204730809.02798,305872587.59404474,-255872587.59404474,2029-10-01,True
328,6.257770134706363,1.0391584170301142,0.9569593142680957,0.9897551117233284,0.9967336696773639,227.10916332974782,4515143321.995846,629584873.4651392,1204874782.09283,354467833.4581599,-304467833.4581599,2029-10-01,True
329,5.4061425924692195,1.1085197435270866,0.8728189373558508,1.1982763768634421,0.9970642557705592,98.7928533163495,4816518285.625191,-212763116.40840924,1080202893.289739,458257425.4591372,-408257425.4591372,2029-09-01,False
330,3.1287719042858146,1.054651187852268,0.9062830829706008,1.182784607122884,0.9971656989304263,63.6425311701081,4582459411.218104,153687500.6236471,1235822823.602213,355711197.8924649,-305711197.8924649,2029-07-01,True
331,9.565877615428926,1.0843368346729654,0.9822199579345882,1.0293089398289854,0.986722329572995,264.367347396733,4711443546.654034,448425073.59257996,1001139060.7878487,400725141.30047894,-350725141.30047894,2030-02-01,True
332,3.800271636643422,1.1484444292538938,1.0372481845614787,1.0104964075610887,0.9325703467652418,169.49936078916954,4989991045.108168,225528132.8187828,1302823041.5728397,432342484.6442702,-382342484.6442702,2029-08-01,True
333,4.385585440853108,1.013914512671051,0.9085546610871595,1.1215302939131926,0.9584933227384311,91.78438789340697,4405458557.5557165,119360190.11686492,1125252881.5466604,355516633.8080374,-305516633.8080374,2029-08-01,True
334,9.35219579700006,1.1105306859598614,0.9798967187145499,1.0623604803321949,1.0277792708576223,163.12961436271843,4825255830.495598,616941170.6047117,1118368557.8523266,362533939.4601821,-312533939.4601821,2030-01-01,True
335,2.5476138753504167,1.2072905372648763,0.9113035187186678,1.0083672870831208,0.9428051586388493,173.23290326247698,5245677384.415888,-594334877.6769389,1166342801.604185,635288388.2785324,-585288388.2785324,2029-07-01,False
336,1.6287603804278357,1.068134294321846,0.8222551307619629,1.061510262166659,0.9705141493881358,131.3396320063592,4641043508.828421,-458451542.78818727,1099357253.6300159,514429800.28859484,-464429800.28859484,2029-06-01,False
337,3.957225597529372,0.9961576886239929,0.9343736942090421,1.051060660963086,0.9894939464745096,30.74662994983821,4328305157.071249,554717806.4505929,1245475873.1837077,287348766.0071597,-237348766.0071597,2029-08-01,True
338,0.8783688840497588,1.0606499146235104,0.9047964820010248,1.0541562552239183,1.0053701538247262,100.56817448305117,4608523879.039153,236816231.52434886,1376199491.53848,359379410.4830312,-309379410.4830312,2029-05-01,True
339,5.892088132227327,1.1256296077732117,0.7604102474021962,1.0737550075347615,0.964327094701891,109.4340272780156,4890860645.774605,-987311633.80791,824064323.0581044,642597003.2714202,-592597003.2714202,2029-10-01,False
340,2.3698300183207266,1.172544040196304,1.011524165123102,0.9671085056905909,0.9853038950903469,196.3263416484003,5094703854.652941,380695936.4983394,1500716424.6055517,428713053.65697503,-378713053.65697503,2029-06-01,True
341,3.993648077183793,1.1739411159329443,0.9374859944854366,1.1764568653547134,1.0358773415822167,0.4060198778111044,5100774148.728642,154246436.93359947,1321722869.067589,379343114.4927477,-329343114.4927477,2029-08-01,True
342,5.184745411718438,1.1159203610141815,0.824768286441711,1.0453443515529093,1.038611330255155,-18.79379259589069,4848673968.606619,-201309986.59954453,1100268255.1997068,394886896.6365581,-344886896.6365581,2029-09-01,False
343,5.2450648439530845,1.191512976372845,0.8756528652206659,1.0678039334277456,1.0348171257916623,120.84434034388414,5177123882.340012,-193894255.3530066,1178538175.0941737,496907816.93926895,-446907816.93926895,2029-09-01,False
344,2.707691540815524,1.005937314462088,1.0128088584112431,1.0336574110152377,0.9777738187231064,23.77063077809568,4370797631.337772,886781807.4219929,1414273967.6886904,267739683.53656548,-217739683.53656548,2029-07-01,True
345,5.017334297497468,1.2276943490445544,0.9138568851591147,1.1994377472609408,0.9557317472079316,127.41186907293039,5334331946.598589,-659661341.1570092,1067345277.06885,631086730.0229353,-581086730.0229353,2029-09-01,False
346,9.565398648503514,1.0968480276261636,0.8645878817295909,1.1492370985193798,0.9684008305978173,133.37204498500986,4765804680.035681,-380554689.3404447,802461616.7160217,488276069.04287744,-438276069.04287744,2030-02-01,False
347,12.187209140060661,1.0472268217123566,0.8701491512685633,0.9720202561249082,0.9685715139027908,59.59473452265658,4550200540.340189,-172500643.251665,743915678.9615948,379230326.49747545,-329230326.49747545,2030-04-01,False
348,7.307085160941071,1.0460111360095121,0.9448147591839974,1.0332453169346723,0.9652886974096926,94.67770776033137,4544918385.96133,304791695.49833846,1066847521.1886632,350231448.1350008,-300231448.1350008,2029-11-01,True
349,7.702797845305052,1.1002373730718082,0.8843933016706602,1.148345731060952,0.9829588303296596,63.26892458516532,4780531385.997007,-173607468.07999086,942541753.6017833,427766772.1939201,-377766772.1939201,2029-12-01,False
350,10.260050660786375,1.0782376085607812,0.7739968280530585,1.0702714307093346,0.9385649666574539,69.61599651779252,4684942409.196594,-889587018.049844,658022224.4139202,551487217.6669282,-501487217.6669282,2030-02-01,False
351,8.049833798643734,1.0330388525769252,0.9712493625580337,1.180030969854969,0.9857239317808209,179.8116314264777,4488553814.446739,523502605.2575275,1065634138.7300674,349034666.8891372,-299034666.8891372,2029-12-01,True
352,7.667711739587216,1.276805931875354,0.8798344831776966,1.0133093867864762,0.9789303922388066,133.95597898384418,5547721773.998413,-749992799.5889262,950879519.5781221,656524509.7317129,-606524509.7317129,2029-12-01,False
353,3.1564377618739914,1.1298841116790135,0.7525043083923721,1.1757901794107055,0.9563461740835626,-1.2802657703112246,4909346465.245314,-1190331226.4278274,891278170.6754797,650378878.7856276,-600378878.7856276,2029-07-01,False
354,2.4621065619895486,1.0590058437154564,0.8631369323820103,0.9729048626106392,0.9578986851864941,57.59416429160518,4601380390.943657,-229120132.3679564,1165318566.2277339,416367341.1854053,-366367341.1854053,2029-06-01,False
355,4.672992432769908,1.0855484827617825,0.8792412603476101,1.044026382021645,0.9328142550257509,-11.111739206159783,4716708157.599945,-396844826.85611784,998280444.4839667,440373352.51281154,-390373352.51281154,2029-09-01,False
356,3.3642831047285733,1.1650829038659771,1.0406360756685475,1.1761720435723324,0.9777858101870336,133.6262159544124,5062285217.29767,381812844.76103926,1431427555.7844708,406045690.65577054,-356045690.65577054,2029-07-01,True
357,4.204154945336159,1.1699641203747855,0.9620309889181894,1.145784950152321,1.0168759613055305,112.1658662481972,5083494103.028442,215141167.57087517,1331906099.5174966,413362921.2451638,-363362921.2451638,2029-08-01,True
358,8.287083016094812,1.179661414807767,0.8718972671341776,1.176492582388752,0.9336466644955465,326.0608671069373,5125628847.339747,-794212449.3680155,839404153.6593838,725909716.6470586,-675909716.6470586,2029-12-01,False
359,8.32661481496644,1.021688353335395,0.9415693014572827,0.9735845285902985,1.0008773267132571,208.30417143015652,4439235895.2422905,620300475.8839296,1085084589.2311811,339224515.09363484,-289224515.09363484,2029-12-01,True
360,6.53926514563094,1.1965261255937494,0.8055667538245521,1.03542267438794,0.9704991507687295,0.4725387679864639,5198906015.704841,-938558323.7562987,868874854.9776691,599175107.2446591,-549175107.2446591,2029-11-01,False
361,5.210816434956161,1.0640226370046093,0.8913959710880367,1.058977487652948,1.014416621880725,77.35956278057154,4623178357.785027,228421620.0469632,1168955499.032813,354703640.49101776,-304703640.49101776,2029-09-01,True
362,10.143063135113318,1.0927866514145412,0.8765886889526512,1.071605186576615,0.9708019733930777,74.26720719203745,4748158000.396181,-254912022.04205978,832509592.796297,435491647.2736151,-385491647.2736151,2030-02-01,False
363,5.655846685939272,1.0386988609168921,0.8822478343094843,1.082678807862142,0.9704336491506602,217.30198232482766,4513146550.683896,5365546.557834744,1020780393.5878347,436789183.03582287,-386789183.03582287,2029-10-01,True
364,3.791624802900375,1.2524491230003016,0.9662805167040233,1.1970209642017868,1.008774204989087,42.337617205007845,5441891439.43631,-144551720.77442598,1311783722.3626773,471515981.9711083,-421515981.9711083,2029-08-01,False
365,5.857789777271893,1.0432773898773735,0.9738819182006014,1.086043001144631,0.9562262551863706,266.09467955318405,4533040259.017187,390565914.15923274,1133785150.536215,399159554.567734,-349159554.567734,2029-10-01,True
366,2.5397675062096923,1.1193813624778834,0.9533156742084499,0.9840681487241096,0.9850191439627419,214.31699275999745,4863712019.966403,238343862.71324456,1334791049.0377166,428083879.57268685,-378083879.57268685,2029-07-01,True
367,1.944615542314467,1.108991555785551,0.8590686051038326,1.1013879288719937,0.9377376258520079,270.6598655600502,4818568309.888219,-608372047.3687431,1091628768.8629324,648956110.575834,-598956110.575834,2029-06-01,False
368,10.160989898432469,1.0471077283077048,0.8755001226704012,1.0866872267396597,0.9955909431680683,113.9186612966324,4549683079.496977,26414241.418620825,866190958.327735,380691558.69671196,-330691558.69671196,2030-02-01,True
369,2.9584310081214675,1.025187275960552,1.05690577087229,1.0638042875728209,1.0134156230893463,122.48648493531522,4454438714.048598,1305118294.190363,1570993669.2218313,271906968.8147986,-221906968.8147986,2029-07-01,True
370,10.703042219930692,1.0198379713650059,0.8123506118649162,1.176667817819696,1.0265197311124903,87.41559899779136,4431195985.58095,-130664573.01428771,770018347.1776965,376446626.52244985,-326446626.52244985,2030-03-01,False
371,4.498583483455851,1.0976223272335606,0.8964338223500057,1.019192752993356,1.0173341390954322,73.2820183252149,4769169011.829821,170317930.17961717,1241077465.2920418,371808086.98281014,-321808086.98281014,2029-08-01,True
372,7.576460269202908,1.0123445474866952,0.7738386440981431,1.0995102741723954,0.963782366613972,164.3819493475921,4398637058.82969,-526467404.6807804,763912498.9617795,507674099.35603833,-457674099.35603833,2029-12-01,False
373,2.2945995993755646,1.2387536386199685,0.958705332071418,1.1560192419805022,0.9404678470953686,88.59891101149447,5382384559.803762,-581119418.7331679,1259246029.2997942,598440185.4903055,-548440185.4903055,2029-06-01,False
374,4.596180722115518,1.1139368765575672,0.8690159814112385,0.984730464923253,0.9665322520951278,73.58381316999782,4840055728.64263,-314966737.0474515,1055374049.9966948,471553937.68356454,-421553937.68356454,2029-09-01,False
375,4.727944176443396,1.0496434567545065,0.8599637410811893,1.0941791626846127,0.9682484140104133,93.95486650394813,4560700819.5983305,-185715923.2673931,1024565066.1241227,425899590.23289376,-375899590.23289376,2029-09-01,False
376,5.922054009906491,1.1693675708528914,0.8883428737274828,1.0866657607567145,1.0311619418826103,131.36334116119747,5080902095.355812,-66719174.2918998,1139758224.0190825,465938706.15154135,-415938706.15154135,2029-10-01,False
377,10.446362527276625,1.1757692159502353,0.7862733535248609,1.059607748707844,0.9937180604689229,313.5471708206344,5108717243.303772,-862583703.3090012,749704277.1423012,698702152.2534919,-648702152.2534919,2030-02-01,False
378,5.292111666001439,1.0215276078551,0.9250324029721217,1.0046266596699125,0.9989211920943101,128.11647142290573,4438537456.13041,509871727.0912112,1206166626.4581032,327841287.2302615,-277841287.2302615,2029-09-01,True
379,7.7774917897057065,1.2011479117596071,0.9368993123174338,1.091369726392741,0.9992357222263148,224.4830694498417,5218987676.595492,-98735389.64554775,1055413200.4834429,534900107.7212454,-484900107.7212454,2029-12-01,False
380,9.71835663311158,0.998553235711956,0.9239682186039644,1.0244800995697756,1.0117068133110958,162.4893830214836,4338713809.168449,577140232.7601379,964926615.1213437,315728993.68989795,-265728993.68989795,2030-02-01,True
381,4.990624165045691,1.0476050940719268,0.8792449911890575,1.1100589694853578,0.9495208495740902,24.933148341053737,4551844133.742521,-198436229.35620213,1017681748.3492303,397592753.8996746,-347592753.8996746,2029-09-01,False
382,10.040710436436498,1.1671953846758056,0.8422483570982788,1.038215482146094,1.0328750725512281,179.17391497757652,5071463946.416375,-324628495.75422204,883280383.8045713,523112973.99382305,-473112973.99382305,2030-02-01,False
383,6.615765482457607,1.0720323266084595,0.8695812848709886,0.9761148088293099,0.9966058018364381,0.8970873765196146,4657980459.113756,19612551.892823696,1018463138.4337964,357645226.88141394,-307645226.88141394,2029-11-01,True
384,0.5215466570956294,1.1577545521712602,1.0143277906346138,1.122189447503446,0.9752308599412006,123.29429860739563,5030443529.184126,264633895.91595495,1501402326.1777816,410145982.5977335,-360145982.5977335,2029-05-01,True
385,5.115130792795808,1.0750889291726256,0.9175454965852192,1.0599322476317417,0.9850443438985343,249.06441682988822,4671261397.255057,168614527.83779442,1156213010.9313526,435033940.8603088,-385033940.8603088,2029-09-01,True
386,13.164128254654726,1.0166809158996484,0.8896299612541025,1.0172224349545176,0.9650034282719488,81.3330922231917,4417478579.583972,-72600478.79725957,709021919.6395805,352964581.85454834,-302964581.85454834,2030-05-01,False
387,3.1263524067353865,1.1671575700158738,0.912671736286428,1.172154574114255,0.9197764839889242,13.393065771576275,5071299641.718971,-694038962.3095701,1087861101.6651413,556130258.6665264,-506130258.66652644,2029-07-01,False
388,4.859885209158923,1.0172303649515249,0.8601862112043461,1.2117811296357834,0.9500750965033056,59.02781518826029,4419865935.714375,-241571668.5224129,970934069.4890435,411445238.63451684,-361445238.63451684,2029-09-01,False
389,6.274049808042979,1.1062224784742258,0.9283669470688016,1.0515163425065377,1.0073503198006943,41.185706591262274,4806536668.9705105,252518208.98531532,1167598599.3942227,359062679.68150437,-309062679.68150437,2029-10-01,True
390,5.054329003244373,1.1476654545535312,0.9866791077764483,1.050436241761077,0.9826303391019697,14.408048413499458,4986606400.035093,268540310.85032535,1266964104.3682158,367441224.74186224,-317441224.74186224,2029-09-01,True
391,3.088344044024632,1.0131115526850558,0.9546317903423414,1.0374986100815322,0.9961420901539458,13.1181173879297,4401969696.416567,653271094.1972879,1350224617.1551282,280736651.9938296,-230736651.9938296,2029-07-01,True
392,9.613280503287857,1.1890840805777172,0.8015589969295916,0.9679993698694659,0.9259897240420881,229.01660161275595,5166570330.110181,-1134831874.4996653,688145906.7805413,721793793.4408569,-671793793.4408569,2030-02-01,False
393,3.6253821021936656,1.116181731527556,0.8985582997171182,1.1320414662707496,0.9765949059510359,126.54101957210798,4849809623.48723,-192339788.04142654,1142657545.7403471,470879983.2865933,-420879983.2865933,2029-08-01,False
394,12.764229604653977,1.038264205837469,0.9768899566889416,0.981324830367809,0.9757085545686592,243.38612845085476,4511257974.363803,361404988.885581,823159765.6018217,364230972.43535376,-314230972.43535376,2030-05-01,True
395,7.15382991626537,1.1465531151459463,0.8603429111597202,1.0579526520588747,0.9663247522572728,131.24059109560437,4981773285.309136,-499060550.26572573,939657126.9734887,552521716.9275467,-502521716.92754674,2029-11-01,False
396,5.3231290328894225,1.075487890086282,0.8711619985491179,1.0309843141679873,0.9661858516800766,44.84982169747943,4672994882.424895,-196902680.44772935,1049987588.2942691,415480347.3972758,-365480347.3972758,2029-09-01,False
397,9.768522986060344,1.1274848717043644,0.8200361166500398,1.1079014839217074,1.0100062244090249,69.38232835363672,4898921767.555463,-473926682.7395768,810676631.7290082,486234090.5880513,-436234090.5880513,2030-02-01,False
398,2.904071845338331,0.9787505757526824,0.7794501921482604,1.1235883461731608,1.0384007106440862,1.8923823752253242,4252671251.645405,-38745294.50743377,1093873744.3798292,320933017.1668162,-270933017.1668162,2029-07-01,False
399,8.061139357686944,1.0141477272497301,0.9304555423427814,1.1220860105772412,0.9656540384684206,-24.385877593799467,4406471874.900077,271897630.3558768,982344463.7786952,303477708.2370721,-253477708.2370721,2029-12-01,True
400,6.471820226479686,1.2744089504879945,0.8588156447534624,1.0190772542971627,0.9385630744760085,139.1103653329676,5537306889.870336,-1098719809.587596,939208812.3736628,751412353.3874578,-701412353.3874578,2029-10-01,False
401,6.483505731422278,1.175347918670991,0.9596276410744312,1.1617367596078463,1.0048404310538084,71.80322239073426,5106886706.625456,105915141.25048435,1192776241.7451966,417346309.6220559,-367346309.6220559,2029-10-01,True
402,6.114750269180218,1.070156288658515,0.8770603272327304,1.1777170091125178,0.992206462326695,299.5920772607181,4649829074.221248,-52572862.61437774,1035442990.3563491,503148209.20615697,-453148209.20615697,2029-10-01,False
403,4.9649435608085,1.1139901359789688,0.9108827739995109,0.9995018730653329,0.9532956277223492,132.66071698942278,4840287140.828619,-172482768.58759117,1095077396.6144297,470662457.83061135,-420662457.83061135,2029-09-01,False
404,1.9424111530384987,1.2283993876583792,0.8162471163690848,1.0208292312951073,1.0003600246913407,26.263179237157573,5337395339.375658,-892961333.4097887,1154125695.852857,627784957.6514347,-577784957.6514347,2029-06-01,False
405,10.263549002884865,1.1567604545177752,0.7916438421062316,1.1074680509963057,0.9878075542593704,194.22754824421574,5026124174.879733,-829678075.6662446,742349830.4502995,626971805.6681948,-576971805.6681948,2030-02-01,False
406,9.095685506465458,1.1548539429586597,0.9293943334626529,1.0431566261235732,0.9936206904016576,284.4039518193203,5017840382.155376,-2186755.937629938,991728601.817039,516658555.75144863,-466658555.75144863,2030-01-01,False
407,6.400858553365545,1.1415481024376237,0.9008236089578601,1.1220970151156267,1.045051022282903,48.09872294818199,4960026505.091475,160356691.99402297,1179777356.633736,382435709.37014323,-332435709.37014323,2029-10-01,True
408,3.366703974544048,1.11439273814879,0.9097547883853581,1.0837293300612139,0.9242670264493051,105.92551471537402,4842036447.256493,-432515705.87457037,1110106120.464186,519859131.5327847,-469859131.5327847,2029-07-01,False
409,6.35912025282288,1.1238532233550986,0.9417596754070323,1.1137158507695912,0.9886505553006304,205.17015341768638,4883142255.477903,122778048.27446306,1142037356.3232615,447975230.52431107,-397975230.52431107,2029-10-01,True
410,6.751999507163568,1.114004228966847,0.9329401157152128,0.9977873784044575,0.9572527596601792,132.60629739068594,4840348374.86095,-20879650.734081745,1040847683.7247038,438392086.37444127,-388392086.37444127,2029-11-01,False
411,9.783154040783444,1.1450582574331303,0.802234568580968,1.0875522127918251,0.9515834842914396,186.91001250497408,4975278128.546951,-911890892.1997653,708510712.950108,637030984.7375033,-587030984.7375033,2030-02-01,False
412,9.084892610656876,1.1256168849622477,0.9303186230684954,1.0457048609381654,0.973177867240961,233.42742767500818,4890805365.160966,-25281297.891283274,958556333.4601033,484292198.64838576,-434292198.64838576,2030-01-01,False
413,7.776242801603031,1.1104678754016857,0.8859631961953558,0.9807741506781231,0.9414257023587606,57.61743061587299,4824982918.620324,-349807736.38923144,902455527.639054,467413217.75543773,-417413217.75543773,2029-12-01,False
414,4.633767889712239,1.2353621225696987,0.9143848603555185,1.0280325246005966,0.9356230494138019,92.47221299670278,5367648422.565341,-710442858.7806399,1061071203.9995675,626325383.4584984,-576325383.4584984,2029-09-01,False
415,8.920855286285688,1.0852304512904727,0.9636580926372872,1.1339537065203695,0.9364670979978452,152.17678412956272,4715326310.857103,1231932.3146859407,925969222.7918352,427818845.17705166,-377818845.17705166,2030-01-01,True
416,11.606978661180705,1.0885287915643973,0.7817302021495642,1.173880814771347,1.0150499779186204,131.4002395264354,4729657599.347306,-609817157.3819871,674845944.1148186,500996932.2293564,-450996932.2293564,2030-04-01,False
417,6.082641655713779,1.0529464200131768,0.9741722121118178,1.0709443943205408,0.9201626769480314,171.95926209122752,4575052194.957253,127728165.27277637,1065754235.0575354,406557924.63386875,-356557924.63386875,2029-10-01,True
418,11.367411496716368,1.1869533577582339,0.863994516866957,0.9819491096782785,1.0249738103509722,270.6669834682315,5157312339.459526,-314907865.30806565,860522402.9442172,563596406.7092628,-513596406.70926285,2030-03-01,False
419,5.909149906208972,1.1364314895618073,0.9060174307455311,1.0581391353936456,0.9378600215417847,26.191691815221958,4937794822.146052,-403852471.09560406,1001679128.7735214,479957362.54195726,-429957362.54195726,2029-10-01,False
420,3.6101246812079077,1.1894591832453256,0.8244425971288959,1.0264930951763518,0.9811555929859453,63.612820952111136,5168200151.200939,-781818903.8723303,1044693677.9602479,605063817.8453689,-555063817.8453689,2029-08-01,False
421,3.02317289353356,1.1192683062631448,0.8859318434494923,1.0940242461670664,1.0196381172239122,45.18186742286609,4863220790.713364,-8043872.926120281,1262360398.8315666,391703266.21359247,-341703266.21359247,2029-07-01,False
422,10.518723276415525,1.2145965431802337,0.9764941523012001,1.09502861415592,0.9868457436382017,160.05597138538457,5277421980.118115,-105733309.45497489,929925915.8548287,489620357.7856282,-439620357.7856282,2030-03-01,False
423,7.417399994720463,0.9859320994970173,1.0186499967322191,1.0863100992372565,1.0020979260754341,100.45678511755989,4283874972.31454,1120173206.3965244,1238789447.673193,261207437.0148902,-211207437.0148902,2029-11-01,True
424,0.8332130455559212,1.1085010510701379,0.9147763356386793,1.0608586854847624,0.9638482940253295,72.43188011536589,4816437066.899749,-148702395.32144535,1301328503.087239,424717085.1687562,-374717085.1687562,2029-05-01,False
425,5.867121200313237,1.0838306331810017,1.0249745924853428,1.0155420489284526,0.9619353437991995,82.80673271891851,4709244101.171452,591397286.1710898,1237298047.867611,337398390.8410176,-287398390.8410176,2029-10-01,True
426,6.003956270319301,1.106470062320235,0.9394351540062249,1.18661555397618,0.9585034445646272,174.72067128580065,4807612420.781421,-63109457.42927909,1067336454.614238,465904428.85991466,-415904428.85991466,2029-10-01,False
427,1.1841669511898576,1.063467143033583,0.9062424109974555,0.971981682567955,0.9866401494305204,170.64298407971552,4620764736.480918,171529870.61396527,1354907409.3199997,390889069.92119896,-340889069.92119896,2029-05-01,True
428,8.0453749133406,1.1098415738450103,0.9325442564276938,1.0544621853175848,0.9222494132524602,27.441018500990694,4822261638.356569,-269566482.8475164,920840875.3604276,439303128.26955867,-389303128.26955867,2029-12-01,False
429,7.050138806292962,1.2817664158492101,0.7543814236094807,1.0811990532745595,0.9988687170634929,218.38496590961907,5569275076.864819,-1373966870.0657463,828650202.770747,844837167.4155769,-794837167.4155769,2029-11-01,False
430,6.020569329279789,1.1313871752142532,0.9487632154689906,1.1503399544530872,0.9383076290891752,264.08271202770857,4915877276.30593,-201755973.9727975,1049123416.1813071,554887442.9758992,-504887442.9758992,2029-10-01,False
431,1.207052028243986,1.1893100789215278,0.7957640013902734,1.0201419427201663,0.9068359166593509,114.4701092294315,5167552292.914038,-1393179926.621659,973933705.8472682,803108631.1174355,-753108631.1174355,2029-05-01,False
432,4.346518334840788,1.0422952658946474,0.9036887150266237,1.0554333192063488,1.0006081063669026,246.6222006763698,4528772930.3122425,297916820.72457564,1213803307.4792423,396234398.44336325,-346234398.44336325,2029-08-01,True
433,7.025719768133163,1.0312456585346936,0.8686446482194929,1.1697087695330346,0.932631486575004,106.45448872763566,4480762386.333243,-310924624.5076338,876083126.9124087,454209363.3783703,-404209363.3783703,2029-11-01,False
434,11.162861775078165,1.2392524086232017,0.8953795816030394,1.1023105763743324,0.974033419347265,192.98424901824075,5384551715.467812,-675441255.3754165,810151687.2478276,623318984.6847619,-573318984.6847619,2030-03-01,False
435,1.3298701135103068,1.0366916662747097,0.9343410145190632,1.0276026521323476,0.9907847075691258,95.16671673520037,4504425289.9636135,418293500.86844945,1406864040.9452584,331818482.4283712,-281818482.4283712,2029-05-01,True
436,10.016330603312444,1.183727054049048,0.9120006964704683,1.1262239918278325,0.9570408155167954,125.11331226856993,5143294049.843113,-488220307.0594616,848158802.3604993,543845059.4346867,-493845059.43468666,2030-02-01,False
437,3.325506713922493,1.19799159547062,0.9750362357001017,1.1653175462328202,1.0141323028736822,286.4360653038964,5205273482.319843,163803562.06795537,1399961725.604275,511114597.7372471,-461114597.7372471,2029-07-01,True
438,3.5758675830332214,1.228588915086589,0.9267044912746925,1.0585674223942532,0.9820583037278482,93.37413085705757,5338218836.051229,-363903941.04534876,1215590173.6310482,540692629.9787887,-490692629.97878873,2029-08-01,False
439,4.019890830984528,1.0592251227738378,0.7985214213536223,1.070601650354526,1.015670677184014,157.68566597218623,4602333158.452325,-290867513.9284936,1054047849.3402922,479604744.39420664,-429604744.39420664,2029-08-01,False
440,5.810774675575734,1.093260430215134,0.90637929511758,1.0231032638942321,1.0068818682052147,59.100769002292935,4750216569.284757,188605200.6099589,1136103712.6948261,365649561.4768701,-315649561.4768701,2029-10-01,True
441,7.701364111319326,1.1660107424451953,0.9273649062490433,1.1516077117188679,0.9590982591064052,241.1961495363621,5066316675.924374,-307470276.27810574,961706232.8601398,573383067.2331654,-523383067.2331654,2029-12-01,False
442,7.845120987696231,1.177307241927568,0.9430164633322894,1.146413419596762,1.0414875419845486,109.20192162823196,5115399966.175283,237555817.57606757,1129542109.32715,412963149.0658481,-362963149.0658481,2029-12-01,True
443,8.895903186590193,1.1617775923084428,0.904050776676598,1.1754716572718096,0.9687976100956359,141.54518865620722,5047923638.580184,-388661966.82276726,895576000.1822909,530929169.6647277,-480929169.6647277,2030-01-01,False
444,2.435728226115107,1.055977226037762,0.9793799265553388,1.0545370797200806,0.968767790956109,71.48605307374676,4588221047.134075,444603250.9630978,1382932659.5929992,334074844.06536067,-284074844.06536067,2029-06-01,True
445,5.563498758468864,1.1794807430699417,0.9945988991313494,0.9881017282169577,0.9831839665800282,119.1912843700079,5124843828.638896,254163327.25026083,1238602775.1703653,419823239.0144216,-369823239.0144216,2029-10-01,True
446,6.651493965847274,1.0966683039482987,0.8926807244594354,1.066498416746362,0.9837504026573923,126.6131631075315,4765023780.655357,-56148679.36009693,1016464681.8931859,433069047.6106395,-383069047.6106395,2029-11-01,False
447,5.403502058564225,1.1832698889954458,0.9581296806842375,1.0461390140710727,1.0042404079335367,229.02507243420237,5141307667.685211,142143876.91030002,1264649322.3506148,481640307.001251,-431640307.001251,2029-09-01,True
448,2.93181914533531,1.123321331614314,0.8660867451934677,1.1180689635483367,0.95352965488684,168.727697695713,4880831185.864195,-532807397.8935876,1089681676.7495654,579194245.610191,-529194245.610191,2029-07-01,False
449,3.7798122624314954,1.1087764488996183,1.014226381954019,1.0522089717052936,1.013878733447091,313.8677169333221,4817633670.468842,786096273.4324813,1437284185.2513382,400463315.1894141,-350463315.1894141,2029-08-01,True
450,9.814204834529388,1.0422638074289805,0.9742215374178032,0.9725719210105656,0.9686995094916383,236.3045178196881,4528636243.27892,468298348.2806783,969835088.0618883,371290158.46547145,-321290158.46547145,2030-02-01,True
451,7.3988871988420595,1.1130480916515515,0.8903297656787562,1.136563671511438,0.9947764836456091,119.43662901832681,4836193958.225991,-100239978.16545188,1020416868.2494739,445607062.3003999,-395607062.3003999,2029-11-01,False
452,10.120284444621278,1.0568601008000724,0.8328950170958185,1.0973108783649368,1.0328518397012563,71.80063381775244,4592057137.976315,-39742893.036001086,862136412.0902164,374942567.99411964,-324942567.99411964,2030-02-01,False
453,3.7391899149808214,1.0354423819670173,0.9845744940697392,1.026435634049702,0.9777054844956176,319.7882109139571,4498997149.64669,651646598.3330628,1311805132.110049,382616541.899337,-332616541.899337,2029-08-01,True
454,0.8245546989948208,1.117860382042257,0.9157529575621527,1.1352359816319497,0.9652945516458558,107.17112175423648,4857103359.973606,-210238224.20438063,1290421998.8377087,460834210.0360513,-410834210.0360513,2029-05-01,False
455,3.066680112684785,1.1607627180901496,0.9662776627205469,1.007155711489801,0.9687130619886777,246.5132836363444,5043514010.1017,43805645.7657454,1317351598.0881908,498493300.34014153,-448493300.34014153,2029-07-01,True
456,0.3893678541483373,1.0704054803051162,0.9237576082553252,1.045000463659826,0.9571361730441585,117.6290648345221,4650911811.92573,1467886.410947442,1354367397.7367241,400367108.696544,-350367108.696544,2029-04-01,True
457,3.188305828201374,1.1124259293606107,0.9506071007312614,1.0844101940994353,0.9334262168110956,225.2637238673421,4833490663.071854,-146521793.99307632,1197205574.8085349,512290847.29913545,-462290847.29913545,2029-07-01,False
458,3.130296934685165,1.167364927887502,0.8842262776964563,1.128722854274554,0.9497521340332669,55.82875895391473,5072200611.671196,-631136256.7351627,1110890355.0098999,561098112.1516552,-511098112.1516552,2029-07-01,False
459,5.6085530729466875,0.9966577331499522,0.8498161813523974,1.114575514250637,1.0086784139003229,19.621274307991712,4330477850.536543,166182053.68003905,1031911881.1288066,316622998.36315876,-266622998.36315876,2029-10-01,True
460,9.936858274848712,1.1769320791724254,0.9870830559118403,1.1088909904354163,0.9915073270108694,132.0764430688742,5113769884.004188,136906369.60109186,1002676094.0201019,430531645.4987937,-380531645.4987937,2030-02-01,True
461,7.027927957112326,1.2222144159215995,0.8067124310924898,1.0420795168920827,0.9294866017565684,275.70677819884133,5310521637.17935,-1226699362.1998858,804176151.6127057,822038879.607713,-772038879.607713,2029-11-01,False
462,5.18734802910692,1.1441660062970178,0.9794872595906481,1.217350808852408,0.9440612016802447,208.40642871875457,4971401297.360542,-102620349.4102447,1142208592.012178,511296304.5151086,-461296304.5151086,2029-09-01,False
463,10.030013317294767,1.0046555189815964,0.9598346110453885,1.0481939721032838,0.9892568218681269,129.55685450412952,4365228229.975037,597358359.698172,972948129.7091912,309400525.54272175,-259400525.54272175,2030-02-01,True
464,3.813864984087883,1.034276722933653,0.8135288887727892,0.9983922452418146,0.9883298728833243,95.20554770384047,4493932361.146722,-232621521.2336588,1043818026.1192658,426302901.31442285,-376302901.31442285,2029-08-01,False
465,3.483026347808592,1.148187632040079,0.946966652191806,1.0779277712387123,1.0238668233291748,102.09159583455451,4988875261.214143,283858584.6503526,1387850098.889575,391071076.5800318,-341071076.5800318,2029-07-01,True
466,9.206339183640651,1.015368653980692,0.9569714051186321,1.2143387955937375,1.0098662395360474,144.97920088685132,4411776801.546106,612482306.1849533,1029649763.1234746,318637822.9113994,-268637822.9113994,2030-01-01,True
467,6.771393564856535,1.0800592313778177,0.9456452751519668,1.1255995491326,1.0456871183342764,124.71416311725963,4692857360.336617,640811418.7362531,1200130237.2657316,336428838.0913702,-286428838.0913702,2029-11-01,True
468,1.8528431351069004,1.1261327365910354,0.8143557439622316,1.0298735024206336,0.9628120922726575,185.9969125743087,4893046740.488049,-735179858.5490195,1075897875.9536152,639474699.9210167,-589474699.9210167,2029-06-01,False
469,3.2083102931599417,1.0422357600510141,0.7779941836645046,1.154998096328207,0.9932708801032366,-1.0429991006639625,4528514377.421657,-531728315.6283349,1004568623.2533555,454164617.1069565,-404164617.1069565,2029-07-01,False
470,1.258717250113947,1.1183102572414563,0.8653739083062912,1.0883866825592816,0.9722166885710747,262.42863613615157,4859058067.714128,-409113270.8065671,1221001439.3749063,596474567.3547165,-546474567.3547165,2029-05-01,False
471,4.014673870853867,1.1450809035632767,0.7835866535451522,1.1898407580676178,1.0357856907673182,188.46815453800212,4975376525.982437,-633753775.8543049,1042661383.341423,615226696.7010083,-565226696.7010083,2029-08-01,False
472,5.347240094565217,1.0547403415898016,0.9725395328283513,1.1174120052263692,0.9516086085331836,115.7384568814731,4582846784.207687,281920973.6539568,1166755164.8384206,365335744.11098987,-315335744.11098987,2029-09-01,True
473,5.327736817551598,1.186050489856071,0.946425632825141,1.0973835562839374,0.9893632779325467,77.3899712024017,5153389378.424629,-70217972.91447687,1205238191.85098,450069631.87488914,-400069631.87488914,2029-09-01,False
474,4.621278145511232,1.0031627298235133,0.9667648046129288,1.060224857849255,0.972517999731452,71.33167721587633,4358742061.083165,601717246.8766927,1211633912.5604134,298966044.48716307,-248966044.48716307,2029-09-01,True
475,3.4246062199511376,1.1244126437688733,0.8518899751203061,0.9860314251534789,1.0005917807222264,100.29405982363292,4885572937.175755,-271699555.4603863,1182309558.29818,474036080.148836,-424036080.148836,2029-07-01,False
476,4.685118451955635,1.093754048421263,0.9731312990487957,1.0428961494226774,0.9995954388790784,272.2470841572763,4752361340.390387,517161112.63500905,1281059088.9149122,406108088.17067355,-356108088.17067355,2029-09-01,True
477,7.109539016108713,1.0938198478806493,0.9585594790253121,1.0642164685638298,0.9705204030993704,132.12002468622393,4752647239.041421,229003872.66327047,1091391115.9319177,392876901.9998023,-342876901.9998023,2029-11-01,True
478,4.226624271691032,1.025218163299989,0.8961559820538523,1.0039318158452186,0.9701804651072174,139.50860378947797,4454572919.538452,154090995.77640915,1150223041.271521,370654084.42774445,-320654084.42774445,2029-08-01,True
479,10.885447924466593,0.9984430891923163,0.935604009253876,1.06419017558468,0.9155927399275968,72.36376324845205,4338235222.540614,3676972.16630435,775692428.2731918,351756819.2682583,-301756819.2682583,2030-03-01,True
480,2.5758831751205036,1.054048929530553,0.8633103423025592,1.0552690094131068,0.9796773036809523,-42.29288409434722,4579842598.810253,-124141563.6225549,1148668284.1909962,351462798.12010735,-301462798.12010735,2029-07-01,False
481,3.010761397920713,1.0217859897779349,0.9227697469171701,1.0442087842902024,0.9811390983820611,65.3663648143629,4439660125.585127,346161489.0373105,1259469921.625423,324715721.21308357,-274715721.21308357,2029-07-01,True
482,1.164836395767557,1.2337749610420232,0.8100080411126515,1.0047019217854976,0.9419352109583544,306.7293679191911,5360752205.727591,-1262108363.7792225,1072028350.4330816,903738098.5649414,-853738098.5649414,2029-05-01,False
483,6.683746424829129,1.1292653766438923,1.0367037904790501,0.9940229524004714,1.0336372181978135,60.63809829006668,4906658061.517712,995815650.5780562,1347815054.4341555,311045386.6403868,-261045386.64038682,2029-11-01,True
484,6.735704473156737,1.0917267436386726,0.889468568319004,1.1773970425884637,0.9423170502431713,332.87986879794306,4743552701.110032,-349995728.46176577,920756509.0898037,596996090.9388798,-546996090.9388798,2029-11-01,False
485,4.676776767277145,1.137914722478764,1.0238142934920582,0.983598562619726,1.021540832948143,142.10853441142498,4944239469.17023,827321049.1409869,1425768452.3940215,353203448.59835446,-303203448.59835446,2029-09-01,True
486,7.566926322265796,1.0380173999987377,0.9197432848086794,1.1035825588106085,0.9739930245945669,46.4318966232823,4510185602.994515,198570002.1833855,984815884.9566054,342719548.47199106,-292719548.47199106,2029-12-01,True
487,3.697386672339301,1.1956380374193438,0.7707782459709929,1.1111789554114946,1.0474692656011608,-28.810857346131325,5195047272.587049,-804291184.4260131,1052726511.5727594,556387630.2599752,-506387630.2599752,2029-08-01,False
488,3.003091446812207,1.1438782324812022,0.7869874199158622,1.08708835583836,0.9923979261431595,147.05822217051272,4970150920.130823,-807277355.0561545,1030842573.5318376,639260102.8196017,-589260102.8196017,2029-07-01,False
489,4.572691710936223,1.1495231437722087,0.9308393303333934,1.0227769694969522,0.9822720383271699,241.32949670629455,4994678059.690247,-16110130.97192216,1179676411.2695615,505762148.70336235,-455762148.70336235,2029-09-01,False
490,7.170407039703098,1.1012287866743773,0.8750951027422689,0.9932376268389181,0.9541804908902489,-24.092372065111533,4784839078.100169,-307736333.32708514,951257871.5209284,417914464.80565184,-367914464.80565184,2029-11-01,False
491,12.631653718350146,1.0552747389755155,0.973091648626632,1.0146008116548626,0.9583370705063846,108.8107214713653,4585168740.848615,160866868.86862087,789848093.6176281,352403464.01654446,-302403464.01654446,2030-05-01,True
492,4.274610186723862,1.1771856718230223,1.0184535326053978,1.1556897726731707,0.942929411868474,200.56395225692373,5114871744.071032,3670361.2472218275,1264470942.6681304,497159011.20490444,-447159011.20490444,2029-08-01,True
493,2.878372308278385,1.2195071852327501,0.9168179805302596,1.0453592706213901,0.9434085932507644,-23.381485940415892,5298758719.836298,-641976011.9019034,1169577521.528077,539091675.4718571,-489091675.4718571,2029-07-01,False
494,3.7262624079645206,1.2198046181718807,0.9690510992078898,1.1985059202028894,0.9347726653199964,148.05415169052608,5300051065.956821,-490124726.9788928,1158829857.702705,603686030.8315055,-553686030.8315055,2029-08-01,False
495,3.794789394119717,1.1151001341043647,0.8748225611470966,1.0367179567507028,0.983107367156452,54.876545100286464,4845110082.683464,-231179760.58234286,1132949688.5416307,440917091.8703891,-390917091.8703891,2029-08-01,False
496,5.37901868556116,1.1383855124850926,0.8179184307169683,1.177102253140383,0.9779018381904401,215.66012203531753,4946285051.747726,-708084333.2375219,959942837.7152591,645864424.276698,-595864424.276698,2029-09-01,False
497,7.039163863941981,1.1527181966550057,0.9523809607574375,1.1556240207908905,0.986304294242019,79.20150580888512,5008560564.466,33287695.23264849,1095235724.1398718,421604960.16398185,-371604960.16398185,2029-11-01,True
498,2.360622799276835,1.1283828281752393,0.7904499093117902,1.0292338719643752,0.9269904837900869,137.60592969825336,4902823388.421414,-1073045232.9511675,965040156.738915,701692368.0888277,-651692368.0888277,2029-06-01,False
499,2.9964871094000407,1.1292910883803187,0.9676273706080709,1.13923890177254,0.9609468793101954,137.62168959484023,4906769779.012484,22885615.896109343,1274697238.0207133,437077825.986354,-387077825.986354,2029-07-01,True
500,6.178331789962595,1.101435051494811,0.941377265122281,1.023263888248007,1.0352370062541956,26.712382478032495,4785735298.744953,533252637.980719,1247336867.3420656,324620589.9934006,-274620589.9934006,2029-10-01,True
