simulation_id,site_id,site_name,ready_for_service,total_capex_usd,unlevered_npv_usd,unlevered_irr
1,S01,Atlas East,2028-12-01,1478424920.758068,-28354600.37037444,0.11192540884463553
1,S02,Atlas Central,2029-06-01,2151929606.881188,128213523.05227542,0.14879495546583432
1,S03,Atlas West,2029-12-01,1127983458.0598593,-6410010.298473835,0.11649869569844529
2,S01,Atlas East,2028-12-01,1584224253.151304,-311535489.028239,0.030303744086290996
2,S02,Atlas Central,2029-06-01,2305926412.920232,-290399461.47503567,0.0541769958307623
2,S03,Atlas West,2029-12-01,1208704430.182106,-208303501.59391582,0.00583276182208281
3,S01,Atlas East,2028-11-01,1599559758.7685845,-160123264.78834558,0.07773901484431911
3,S02,Atlas Central,2029-05-01,2328248093.318718,-59104270.20102,0.10774564714177681
3,S03,Atlas West,2029-11-01,1220404852.9864016,-89373635.5135423,0.0754480001423663
4,S01,Atlas East,2029-01-01,1530918286.961022,105023625.38782775,0.14883715348751103
4,S02,Atlas Central,2029-07-01,2228336617.68771,300704668.06037736,0.18583135288992603
4,S03,Atlas West,2030-01-01,1168033952.273965,66503238.15013552,0.15575215583198143
5,S01,Atlas East,2028-12-01,1416303553.7233067,-55564790.73993933,0.10335757286191471
5,S02,Atlas Central,2029-06-01,2061508505.9750357,72225408.33464932,0.13708212839918166
5,S03,Atlas West,2029-12-01,1080587155.8037083,-30472649.372279286,0.10247739916876686
6,S01,Atlas East,2028-12-01,1688447984.6633387,-289091025.1683388,0.04294770074552057
6,S02,Atlas Central,2029-06-01,2457629844.343304,-248629884.2463398,0.06773433742433399
6,S03,Atlas West,2029-12-01,1288223277.1875844,-190050892.8406273,0.02341932349310305
7,S01,Atlas East,2028-07-01,1487654760.0160007,-198113549.1064018,0.06923678180765624
7,S02,Atlas Central,2029-01-01,2165364150.6899567,-114102440.48963952,0.09742818985164314
7,S03,Atlas West,2029-07-01,1135025483.5677636,-106911714.85222936,0.07018005420888662
8,S01,Atlas East,2028-12-01,1448403932.7572808,45732627.55038643,0.13301449547357747
8,S02,Atlas Central,2029-06-01,2108232391.0133755,235817714.60638285,0.17298019046406954
8,S03,Atlas West,2029-12-01,1105078556.103703,46797736.29764986,0.14560154571106643
9,S01,Atlas East,2028-11-01,1397939762.4885457,-37954051.8732034,0.1088755034978901
9,S02,Atlas Central,2029-05-01,2034778987.6222162,97115509.22631907,0.1423785484350688
9,S03,Atlas West,2029-11-01,1066576263.2320015,-10055169.0475744,0.11441265470855155
10,S01,Atlas East,2028-12-01,1582107905.6058598,-224594069.40304458,0.05705704290688263
10,S02,Atlas Central,2029-06-01,2302845951.4929733,-155575327.52061582,0.08564464838400587
10,S03,Atlas West,2029-12-01,1207089735.3881745,-143579902.0246104,0.043196581962240854
11,S01,Atlas East,2028-11-01,1486482306.1883075,-31138255.91232705,0.11144302880500034
11,S02,Atlas Central,2029-05-01,2163657579.007426,129141674.95244455,0.14785646409015185
11,S03,Atlas West,2029-11-01,1134130944.7214494,2930788.9679601192,0.12152420431491184
12,S01,Atlas East,2028-10-01,1446336693.4309108,-318665449.0258081,0.02455318971571141
12,S02,Atlas Central,2029-04-01,2105223409.3272145,-301971389.41831946,0.049548333979410275
12,S03,Atlas West,2029-10-01,1103501329.0621023,-199616555.44839346,0.008912461940358662
13,S01,Atlas East,2029-01-01,1427891138.0266886,-239869440.67441607,0.04211907193389197
13,S02,Atlas Central,2029-07-01,2078374878.683291,-207549959.20541573,0.06661657023754586
13,S03,Atlas West,2030-01-01,1089428053.4573994,-171553860.15145195,0.012187486303310013
14,S01,Atlas East,2028-10-01,1583361879.4090705,-38149871.017243385,0.11043762566026327
14,S02,Atlas Central,2029-04-01,2304671180.0287585,121890693.96110606,0.14392859891673204
14,S03,Atlas West,2029-10-01,1208046470.9565501,5838237.955202937,0.12273924065003783
15,S01,Atlas East,2028-05-01,1377827738.7659903,15387268.833771706,0.12378622683042217
15,S02,Atlas Central,2028-11-01,2005504819.7593858,197172121.7333281,0.15725146260894318
15,S03,Atlas West,2029-05-01,1051231534.0214592,46218472.198046565,0.14047029728681726
16,S01,Atlas East,2028-07-01,1551533743.5635142,-178685123.8299806,0.0764686904162366
16,S02,Atlas Central,2029-01-01,2258343560.075782,-81717543.07244754,0.10460963011695212
16,S03,Atlas West,2029-07-01,1183762782.126237,-91449202.77387285,0.07944701377023344
17,S01,Atlas East,2028-09-01,1376730865.8476214,-93727288.82148087,0.09327537960436794
17,S02,Atlas Central,2029-03-01,2003908260.2893157,30781974.977289677,0.1268203925955418
17,S03,Atlas West,2029-09-01,1050394660.6096666,-33739951.247725844,0.10221403227588999
18,S01,Atlas East,2028-08-01,1690177405.8616424,-177365668.69292295,0.07937202171704105
18,S02,Atlas Central,2029-02-01,2460147112.976391,-64597204.1515944,0.10851594382760288
18,S03,Atlas West,2029-08-01,1289542761.509253,-84078347.32778633,0.08470109664455183
19,S01,Atlas East,2028-06-01,1639771819.8705115,-249494315.2398386,0.0631393903224009
19,S02,Atlas Central,2028-12-01,2386778982.2559667,-180240702.67757082,0.08832891108116625
19,S03,Atlas West,2029-06-01,1251085166.2715752,-141013908.18396974,0.061943411992354314
20,S01,Atlas East,2028-07-01,1615190232.9961348,-125013602.41921091,0.0912099024516666
20,S02,Atlas Central,2029-01-01,2350999116.9165964,7659383.756582022,0.12136395632842167
20,S03,Atlas West,2029-07-01,1232330325.9155695,-48616433.046446204,0.09961547060560894
21,S01,Atlas East,2028-10-01,1536518967.1018503,-390556210.1256838,0.007962537108492818
21,S02,Atlas Central,2029-04-01,2236488718.781583,-398939665.7217188,0.030894276077131577
21,S03,Atlas West,2029-10-01,1172307063.7888193,-248307978.6668179,-0.012102671784148145
22,S01,Atlas East,2028-08-01,1399665469.8330235,-233490099.29659057,0.053571375223675055
22,S02,Atlas Central,2029-02-01,2037290850.5347342,-175093825.0127933,0.08147241416610385
22,S03,Atlas West,2029-08-01,1067892914.0207515,-135540897.86303663,0.049433196432390414
23,S01,Atlas East,2028-10-01,1456600575.7324717,113715352.9995681,0.14980140319548996
23,S02,Atlas Central,2029-04-01,2120163060.23282,326663855.2904484,0.1871707504134701
23,S03,Atlas West,2029-10-01,1111332291.1144044,107776261.78872049,0.1730942141462437
24,S01,Atlas East,2028-12-01,1374432374.2738461,120871086.12618113,0.15552853555692248
24,S02,Atlas Central,2029-06-01,2000562678.1097095,329813607.29825544,0.19667590742620877
24,S03,Atlas West,2029-12-01,1048640996.6681937,94543636.80393684,0.17358645694664188
25,S01,Atlas East,2028-09-01,1436896331.9472406,-100259285.79257941,0.09264281064640012
25,S02,Atlas Central,2029-03-01,2091482438.7232056,23574564.89200735,0.12500701223807642
25,S03,Atlas West,2029-09-01,1096298682.8930798,-37133527.00503409,0.10124952913771312
26,S01,Atlas East,2029-01-01,1636022375.631014,-399553553.8332541,0.0023484678288547833
26,S02,Atlas Central,2029-07-01,2381321457.8629208,-422991073.8460078,0.02146434983030021
26,S03,Atlas West,2030-01-01,1248224479.185144,-280323947.816589,-0.0389116027354478
27,S01,Atlas East,2028-08-01,1539527198.5356483,-140773107.02403915,0.08479279561780695
27,S02,Atlas Central,2029-02-01,2240867366.7574434,-19918943.003047705,0.11614069319404696
27,S03,Atlas West,2029-08-01,1174602232.9568279,-61428014.12287903,0.09184796047568033
28,S01,Atlas East,2028-08-01,1348743936.638711,131050632.63113737,0.15473938947292964
28,S02,Atlas Central,2029-02-01,1963171729.996346,354213679.59342456,0.19295881061855535
28,S03,Atlas West,2029-08-01,1029041670.1762017,125048965.69019222,0.18114419607366905
29,S01,Atlas East,2028-08-01,1674869507.8892736,-349437032.1614784,0.035132730763562936
29,S02,Atlas Central,2029-02-01,2437865617.0388317,-325298438.97618604,0.05878446590914188
29,S03,Atlas West,2029-08-01,1277863402.3155198,-212245550.18928444,0.02581123854742695
30,S01,Atlas East,2028-07-01,1353788094.2476459,63028648.67340219,0.13648280434433557
30,S02,Atlas Central,2029-01-01,1970513781.627129,267398089.7662084,0.1739936103518871
30,S03,Atlas West,2029-07-01,1032890175.6111668,81349996.33893716,0.15882189173982675
31,S01,Atlas East,2029-02-01,1634477496.9706147,-113739442.02318966,0.0880981497045028
31,S02,Atlas Central,2029-08-01,2379072801.146117,-30365553.491318226,0.11316876029393308
31,S03,Atlas West,2030-02-01,1247045793.9849873,-103712620.21060658,0.062428416119519436
32,S01,Atlas East,2028-09-01,1379811410.3432112,202188252.97653258,0.17295186164091692
32,S02,Atlas Central,2029-03-01,2008392163.9440074,458870804.98035455,0.2138588153851655
32,S03,Atlas West,2029-09-01,1052745001.9655612,177055386.89886928,0.20637244482663752
33,S01,Atlas East,2028-07-01,1603265932.6389868,-297235004.635324,0.047538448334532024
33,S02,Atlas Central,2029-01-01,2333642635.285637,-259125715.96036553,0.07115942908691264
33,S03,Atlas West,2029-07-01,1223232526.3838196,-178943156.18024743,0.04070382500387826
34,S01,Atlas East,2028-07-01,1447904732.21564,15123178.56256771,0.12374371685774621
34,S02,Atlas Central,2029-01-01,2107505776.8916535,208771614.49824405,0.15991222552919448
34,S03,Atlas West,2029-07-01,1104697684.57934,51831364.430305004,0.1433914922382642
35,S01,Atlas East,2028-05-01,1426678089.5125685,-271078706.6028093,0.04982370025686822
35,S02,Atlas Central,2028-11-01,2076609219.1794052,-221323943.66757655,0.07612449571731372
35,S03,Atlas West,2029-05-01,1088502542.3688483,-159527328.8039757,0.04600871357193137
36,S01,Atlas East,2028-11-01,1516036738.2186565,-184379062.58237576,0.0681029597435523
36,S02,Atlas Central,2029-05-01,2206675696.740489,-97165904.24714541,0.09856787967097391
36,S03,Atlas West,2029-11-01,1156679881.7520123,-106969017.99908948,0.06324618151280204
37,S01,Atlas East,2028-07-01,1391927500.3939552,132088719.05833697,0.1529666472495883
37,S02,Atlas Central,2029-01-01,2026027806.1289797,366628434.1751065,0.1908168230033842
37,S03,Atlas West,2029-07-01,1061989129.930203,130105975.27932131,0.17939477470161957
38,S01,Atlas East,2028-11-01,1677221013.5731642,-430240682.63701653,0.003251296048126351
38,S02,Atlas Central,2029-05-01,2441288364.2009387,-438043676.69267607,0.027174483425084217
38,S03,Atlas West,2029-11-01,1279657514.0595253,-275548948.55808926,-0.019906164685524086
39,S01,Atlas East,2028-11-01,1384737360.4976985,-32392251.31602776,0.11042853524051255
39,S02,Atlas Central,2029-05-01,2015562158.0577612,109380780.46749759,0.14538425035868952
39,S03,Atlas West,2029-11-01,1056503319.4908366,-4022446.5966382027,0.11774837443807962
40,S01,Atlas East,2029-03-01,1591690150.6310992,-274455723.9593282,0.03463629963373838
40,S02,Atlas Central,2029-09-01,2316793441.4741554,-274927939.1751299,0.05111586042867855
40,S03,Atlas West,2030-03-01,1214400633.4444685,-228130638.15647554,-0.022067487753927306
41,S01,Atlas East,2029-01-01,1588571324.381136,-223903577.39941287,0.05539373458449126
41,S02,Atlas Central,2029-07-01,2312253816.599209,-172683202.78078365,0.08046102044427506
41,S03,Atlas West,2030-01-01,1212021084.5278296,-159881064.85501862,0.030625009938238357
42,S01,Atlas East,2028-11-01,1472015890.972825,-65167269.166136384,0.10172664120109443
42,S02,Atlas Central,2029-05-01,2142600907.9715567,71034333.60671186,0.1356389772135287
42,S03,Atlas West,2029-11-01,1123093605.7051926,-24744554.085126877,0.10687163571732938
43,S01,Atlas East,2028-09-01,1431752916.0715785,-83922452.28736484,0.09710680691787332
43,S02,Atlas Central,2029-03-01,2083995911.1708536,47199483.36029744,0.1300213294006265
43,S03,Atlas West,2029-09-01,1092374447.0768342,-25643217.41722405,0.10705381002869507
44,S01,Atlas East,2028-06-01,1519865953.8566794,-307485136.68878424,0.04271576602226057
44,S02,Atlas Central,2028-12-01,2212249332.8358335,-267408540.04181147,0.06834402621690772
44,S03,Atlas West,2029-06-01,1159601431.461022,-182472393.53265285,0.037347375584151354
45,S01,Atlas East,2029-03-01,1406944165.4128318,-124176489.320395,0.07797452349635181
45,S02,Atlas Central,2029-09-01,2047885396.323122,-76224613.54861093,0.09915618541675553
45,S03,Atlas West,2030-03-01,1073446289.1668273,-127213834.84900475,0.033170404149036825
46,S01,Atlas East,2028-06-01,1409956090.2095547,-216086706.74018216,0.06273280567517459
46,S02,Atlas Central,2028-12-01,2052269420.1939073,-148704864.69797444,0.08968297352887067
46,S03,Atlas West,2029-06-01,1075744276.2339563,-122902102.87010646,0.061163794527081095
47,S01,Atlas East,2028-08-01,1495106810.8040948,-86304885.78958559,0.09813439618656172
47,S02,Atlas Central,2029-02-01,2176211024.614849,62638498.68085742,0.13229149982143906
47,S03,Atlas West,2029-08-01,1140711122.3171983,-19952153.388863206,0.11073024954680899
48,S01,Atlas East,2028-08-01,1432176214.383172,-105868304.08711088,0.09179910259747093
48,S02,Atlas Central,2029-02-01,2084612045.3799505,19295014.005933046,0.12398336027905499
48,S03,Atlas West,2029-08-01,1092697408.0108645,-40204662.219382524,0.10034529835746131
49,S01,Atlas East,2028-10-01,1382948946.8372936,241450891.44749868,0.18433094810148987
49,S02,Atlas Central,2029-04-01,2012959022.6187272,512221454.9461088,0.22712542397849633
49,S03,Atlas West,2029-10-01,1055138826.1054906,199566246.02322268,0.2202082373385985
50,S01,Atlas East,2029-01-01,1639801842.6347215,52958698.306277275,0.13375299196561397
50,S02,Atlas Central,2029-07-01,2386822682.0572057,242467115.18095422,0.17014154320979125
50,S03,Atlas West,2030-01-01,1251108072.5287132,34825057.57168448,0.13766432479536617
51,S01,Atlas East,2028-12-01,1396025162.400192,92988235.01032448,0.14711559079586212
51,S02,Atlas Central,2029-06-01,2031992180.826946,291955990.2534027,0.18731270908568454
51,S03,Atlas West,2029-12-01,1065115494.275702,75771025.58065271,0.1625683863666212
52,S01,Atlas East,2028-09-01,1533333998.6034312,-187373343.40461504,0.07090999130766451
52,S02,Atlas Central,2029-03-01,2231852820.18944,-103900933.85662031,0.098796119419301
52,S03,Atlas West,2029-09-01,1169877050.786322,-100744549.52155602,0.07120951664911557
53,S01,Atlas East,2028-08-01,1461363000.4415734,-109753681.2193191,0.09129026450381339
53,S02,Atlas Central,2029-02-01,2127095033.976068,9907779.509381056,0.12201059914637225
53,S03,Atlas West,2029-08-01,1114965844.7813487,-45084623.89267659,0.09834629363456604
54,S01,Atlas East,2028-08-01,1671502449.9977117,-109940853.20600438,0.09495148626870753
54,S02,Atlas Central,2029-02-01,2432964677.2188916,30946146.782945633,0.1254764294877695
54,S03,Atlas West,2029-08-01,1275294461.8501058,-37146557.774967074,0.10446568842148185
55,S01,Atlas East,2029-01-01,1537375699.9486842,17319363.79306686,0.12483281134464086
55,S02,Atlas Central,2029-07-01,2237735741.036418,179928233.10891843,0.1599658734437852
55,S03,Atlas West,2030-01-01,1172960719.220107,8666113.419314742,0.12472194656219493
56,S01,Atlas East,2028-12-01,1418680074.7295263,-35155212.68037748,0.10955583919444156
56,S02,Atlas Central,2029-06-01,2064967664.3285327,117002524.48920584,0.14738868251781678
56,S03,Atlas West,2029-12-01,1082400353.312157,-9994402.224224448,0.11430713466484099
57,S01,Atlas East,2028-06-01,1561631780.2555075,-423141548.6188518,0.012667721581864022
57,S02,Atlas Central,2028-12-01,2273041813.4830165,-432866555.99863434,0.03578329933591462
57,S03,Atlas West,2029-06-01,1191467210.1208687,-264967843.0622133,-0.0007775456918003298
58,S01,Atlas East,2029-01-01,1519648161.033033,88200983.649629,0.14446184668956885
58,S02,Atlas Central,2029-07-01,2211932323.2814145,283800763.8241415,0.1826836135120451
58,S03,Atlas West,2030-01-01,1159435263.6029806,58760779.79123914,0.15187447098167373
59,S01,Atlas East,2028-10-01,1380069425.0753136,83509515.00991583,0.14322912780034747
59,S02,Atlas Central,2029-04-01,2008767718.720734,283722068.23649764,0.18180162974710035
59,S03,Atlas West,2029-10-01,1052941857.6500537,87243098.30418372,0.16556178669262112
60,S01,Atlas East,2028-09-01,1499899493.40167,-11746274.214044929,0.11700240411456608
60,S02,Atlas Central,2029-03-01,2183187040.395764,164071656.98238325,0.15260417539029114
60,S03,Atlas West,2029-09-01,1144367761.632385,30245159.763327956,0.13429562561001762
61,S01,Atlas East,2029-03-01,1390356505.7310119,-98616820.03114367,0.08642176918770672
61,S02,Atlas Central,2029-09-01,2023741136.1195838,-45134430.670452595,0.10757375416474058
61,S03,Atlas West,2030-03-01,1060790519.1873646,-110872269.33460891,0.043811888530155274
62,S01,Atlas East,2028-12-01,1543295677.787314,-142334093.2733488,0.07996946101329594
62,S02,Atlas Central,2029-06-01,2246352597.6682014,-36766610.52981496,0.11184852243856791
62,S03,Atlas West,2029-12-01,1177477443.0525432,-85483345.67965364,0.07403001049484459
63,S01,Atlas East,2028-09-01,1448908888.0609252,-85764686.04421723,0.09684697560730404
63,S02,Atlas Central,2029-03-01,2108967381.5109024,35570722.505316734,0.12748667410574455
63,S03,Atlas West,2029-09-01,1105463818.2983356,-31268535.46209383,0.10435833981735332
64,S01,Atlas East,2028-09-01,1563036318.1849914,-91548938.11652946,0.09710374357709939
64,S02,Atlas Central,2029-03-01,2275086196.469265,52029604.780252695,0.13012814644180937
64,S03,Atlas West,2029-09-01,1192538820.5411417,-25307621.12715876,0.10829761516397518
65,S01,Atlas East,2028-09-01,1712310096.0263245,-297574048.5802218,0.04847619353879029
65,S02,Atlas Central,2029-03-01,2492362473.1049833,-234513459.30679154,0.07621678525473063
65,S03,Atlas West,2029-09-01,1306429184.3756402,-168155828.53841627,0.04562694538603074
66,S01,Atlas East,2028-11-01,1391214768.5899734,-90130288.14399385,0.09309819742822811
66,S02,Atlas Central,2029-05-01,2024990385.392073,39731231.91805744,0.1292858784672386
66,S03,Atlas West,2029-11-01,1061445341.9612391,-39146801.07334602,0.09792919849200343
67,S01,Atlas East,2029-01-01,1444196850.1910071,-61100383.52637708,0.10144213207917119
67,S02,Atlas Central,2029-07-01,2102108748.6113548,57825299.38006234,0.13395136359815352
67,S03,Atlas West,2030-01-01,1101868707.9235091,-47027906.38485789,0.09217953070947726
68,S01,Atlas East,2028-12-01,1386681492.4052796,189971381.0847162,0.17433594126748408
68,S02,Atlas Central,2029-06-01,2018391950.0565736,447242851.36330724,0.22104087164843356
68,S03,Atlas West,2029-12-01,1057986620.1314355,148732010.24216497,0.20205774285000921
69,S01,Atlas East,2028-06-01,1743952564.6614084,-345919260.29264903,0.044214428204008005
69,S02,Atlas Central,2028-12-01,2538419844.1182723,-305651928.95496297,0.06845078664361215
69,S03,Atlas West,2029-06-01,1330571216.0009263,-204568228.31645572,0.039248233058619686
70,S01,Atlas East,2028-05-01,1429818880.356337,-249121321.3101251,0.0560385861940913
70,S02,Atlas Central,2028-11-01,2081180814.7408905,-188584566.28470755,0.08292412094764345
70,S03,Atlas West,2029-05-01,1090898849.457057,-143972974.01724815,0.053767524952700096
71,S01,Atlas East,2028-11-01,1347855441.6331072,-205884401.80932212,0.05389766206208346
71,S02,Atlas Central,2029-05-01,1961878476.1548562,-153134079.53264737,0.08147935833001907
71,S03,Atlas West,2029-11-01,1028363781.3941486,-130412691.06871617,0.04103184733375165
72,S01,Atlas East,2028-08-01,1611720419.0884204,-331446431.1827024,0.036443580990157765
72,S02,Atlas Central,2029-02-01,2345948610.0064783,-305640586.9228945,0.06030920228707881
72,S03,Atlas West,2029-08-01,1229682986.4156096,-201535927.45259786,0.027144458805266725
73,S01,Atlas East,2028-11-01,1606382966.480143,-448467947.2232846,-0.008667058017394091
73,S02,Atlas Central,2029-05-01,2338179651.209986,-484767469.5367191,0.011235368176881089
73,S03,Atlas West,2029-11-01,1225610707.758924,-295857052.2913141,-0.03896790412635709
74,S01,Atlas East,2028-12-01,1530416173.0849442,72750014.77716029,0.13948843585487714
74,S02,Atlas Central,2029-06-01,2227605763.045863,269313685.5378313,0.17711781028630158
74,S03,Atlas West,2029-12-01,1167650857.9833279,62000111.11205149,0.15199182571955117
75,S01,Atlas East,2028-08-01,1556136574.623384,-48193901.21773589,0.1083836891841381
75,S02,Atlas Central,2029-02-01,2265043236.3962593,118984971.71195412,0.1422477986656705
75,S03,Atlas West,2029-08-01,1187274571.7496932,6848799.172971606,0.12303100017027369
76,S01,Atlas East,2028-06-01,1629327392.8441787,-219003575.40279698,0.07023376126585479
76,S02,Atlas Central,2028-12-01,2371576538.473193,-132614640.3315022,0.09676636273040362
76,S03,Atlas West,2029-06-01,1243116455.2811139,-117422179.48486257,0.07178194258123471
77,S01,Atlas East,2029-04-01,1483318867.9018521,46922291.85458696,0.1348432875277885
77,S02,Atlas Central,2029-10-01,2159053018.834918,141570760.92675567,0.15671393310818793
77,S03,Atlas West,2030-04-01,1131717358.4732652,-43565032.25636804,0.09140437498017207
78,S01,Atlas East,2029-03-01,1445690465.5231233,26032116.90534866,0.12822618942208508
78,S02,Atlas Central,2029-09-01,2104282788.7058794,142286685.71159673,0.15640673863733423
78,S03,Atlas West,2030-03-01,1103008281.1028275,-28500253.041306973,0.10174248373139694
79,S01,Atlas East,2028-07-01,1496112322.3544664,-195201851.53091908,0.07042540280649878
79,S02,Atlas Central,2029-01-01,2177674602.538168,-106987614.01227331,0.0990175474129451
79,S03,Atlas West,2029-07-01,1141478290.3889635,-102984513.0973475,0.07242314206287914
80,S01,Atlas East,2028-08-01,1446523170.7294524,-46275544.50800967,0.10799171573309074
80,S02,Atlas Central,2029-02-01,2105494837.395092,105138773.33589172,0.1411693226806452
80,S03,Atlas West,2029-08-01,1103643604.334323,1938043.4664269686,0.120924212162276
81,S01,Atlas East,2028-09-01,1423210148.9195445,-93091077.38408732,0.09440075705891693
81,S02,Atlas Central,2029-03-01,2071561438.982893,34984989.20037007,0.12748458215084568
81,S03,Atlas West,2029-09-01,1085856632.1386156,-31929376.15637064,0.10375357611703429
82,S01,Atlas East,2028-09-01,1425516927.4416618,38091355.336242795,0.13009261067936118
82,S02,Atlas Central,2029-03-01,2074919083.2761965,225531731.81472325,0.16657000309767334
82,S03,Atlas West,2029-09-01,1087616618.7147493,61483368.98911083,0.15022573629576264
83,S01,Atlas East,2028-11-01,1449339661.8664985,47086819.706344366,0.13299089454958213
83,S02,Atlas Central,2029-05-01,2109594396.7167926,240386222.42972136,0.17210406590304084
83,S03,Atlas West,2029-11-01,1105792482.7574024,57352341.12212467,0.15001218989993226
84,S01,Atlas East,2028-09-01,1497269815.5871668,65319854.68416214,0.13637514729140476
84,S02,Atlas Central,2029-03-01,2179359398.243543,276067199.03392005,0.1739419176855601
84,S03,Atlas West,2029-09-01,1142361414.8553941,85367234.46574116,0.1596984630055407
85,S01,Atlas East,2028-10-01,1589826557.8446658,-237469409.4754051,0.05745824957027179
85,S02,Atlas Central,2029-04-01,2314080878.640569,-164133387.144233,0.08626273330149559
85,S03,Atlas West,2029-10-01,1212978781.1703746,-134272831.8572266,0.05416846616646431
86,S01,Atlas East,2028-06-01,1608235019.5330393,-428418024.88031745,0.014852490611204416
86,S02,Atlas Central,2028-12-01,2340875417.320313,-447355184.6873565,0.03552005752084009
86,S03,Atlas West,2029-06-01,1227023755.6437263,-271199880.1176063,0.00012156362961390776
87,S01,Atlas East,2028-08-01,1567711662.866221,-373955187.6477028,0.021590383328855767
87,S02,Atlas Central,2029-02-01,2281891420.394166,-370490379.9439194,0.04455216729339484
87,S03,Atlas West,2029-08-01,1196105935.3720055,-232545610.10390556,0.008281456658355335
88,S01,Atlas East,2028-07-01,1521730556.9353268,-174746631.52496183,0.07648989727204492
88,S02,Atlas Central,2029-01-01,2214963366.205865,-86553400.35199475,0.10333053544986037
88,S03,Atlas West,2029-07-01,1161024054.5506568,-93673381.02993107,0.07752105178005242
89,S01,Atlas East,2028-12-01,1448060764.0211253,3920679.33548975,0.12112937484041075
89,S02,Atlas Central,2029-06-01,2107732889.8529713,171052768.5390699,0.1588900881786468
89,S03,Atlas West,2029-12-01,1104816731.0679698,15758329.266007662,0.12871797029190257
90,S01,Atlas East,2028-05-01,1420680027.9850204,-66399840.120937705,0.10376896015065729
90,S02,Atlas Central,2028-11-01,2067878707.4004188,74316202.6476233,0.1339543778242056
90,S03,Atlas West,2029-05-01,1083926243.5737562,-14547526.018136144,0.11360266831340149
91,S01,Atlas East,2029-05-01,1508968336.0563564,-57947823.904529095,0.10083052077740096
91,S02,Atlas Central,2029-11-01,2196387244.7042522,-32378895.531213045,0.11114013638048159
91,S03,Atlas West,2030-05-01,1151286952.69485,-139784071.582587,0.022298456947896783
92,S01,Atlas East,2028-09-01,1373151180.3756948,103315477.75838637,0.14786498678196813
92,S02,Atlas Central,2029-03-01,1998697829.2135115,318991697.74378467,0.18707247810002925
92,S03,Atlas West,2029-09-01,1047663493.1755302,108202374.26506329,0.1742281186158774
93,S01,Atlas East,2028-07-01,1642465947.74559,-466760623.1593517,0.0034036167753126456
93,S02,Atlas Central,2029-01-01,2390700435.051914,-503497614.2265823,0.022936451602062702
93,S03,Atlas West,2029-07-01,1253140686.0577464,-298872068.6874018,-0.015253317145494716
94,S01,Atlas East,2028-10-01,1492176426.8142798,-198924967.1675005,0.06450560161303165
94,S02,Atlas Central,2029-04-01,2171945687.918563,-127691147.85715818,0.09216050864624337
94,S03,Atlas West,2029-10-01,1138475347.8657098,-114917820.43607116,0.06019326504230871
95,S01,Atlas East,2028-11-01,1542964904.7427826,-30120142.35305667,0.11203014493879881
95,S02,Atlas Central,2029-05-01,2245871139.1256056,126251861.32083249,0.14627450139917397
95,S03,Atlas West,2029-11-01,1177225075.4704192,934537.9415931702,0.12046861320816338
96,S01,Atlas East,2028-08-01,1609394002.332078,-129573443.72728634,0.0891328954263888
96,S02,Atlas Central,2029-02-01,2342562381.172247,-4158570.645381689,0.11923103793719259
96,S03,Atlas West,2029-08-01,1227908016.594104,-53569183.440155864,0.09658814457379461
97,S01,Atlas East,2029-02-01,1517756447.8132708,41459252.457069635,0.13202548726317254
97,S02,Atlas Central,2029-08-01,2209178829.594872,191298254.14436126,0.16455911695258307
97,S03,Atlas West,2030-02-01,1157991956.479755,3443572.0551968813,0.12198756439699121
98,S01,Atlas East,2028-06-01,1468659072.7316022,15729934.627909064,0.12373302773792805
98,S02,Atlas Central,2028-12-01,2137714872.5315542,207366014.90159464,0.15792058098833794
98,S03,Atlas West,2029-06-01,1120532477.713741,50526738.734978795,0.14172179385134775
99,S01,Atlas East,2028-07-01,1338962756.3626714,178009244.5847931,0.1655634181917216
99,S02,Atlas Central,2029-01-01,1948934678.705666,430684703.28599596,0.20529909259251045
99,S03,Atlas West,2029-07-01,1021578991.8915197,161982692.80405676,0.19588967611474284
100,S01,Atlas East,2028-05-01,1439781667.1297956,140774097.19052792,0.15216275266602053
100,S02,Atlas Central,2028-11-01,2095682204.3778136,381418960.33657527,0.18704928839028656
100,S03,Atlas West,2029-05-01,1098500086.7731032,136072615.21336496,0.17606331268111308
101,S01,Atlas East,2028-09-01,1574660795.4740107,104165331.32668996,0.1446430146772968
101,S02,Atlas Central,2029-03-01,2292006268.9677267,335091419.7857547,0.18187456558326964
101,S03,Atlas West,2029-09-01,1201407866.1764674,113441155.24285567,0.16983287255310286
102,S01,Atlas East,2029-02-01,1388111619.9242685,108751247.67065382,0.1538207409437593
102,S02,Atlas Central,2029-08-01,2020473580.1119907,282580850.8562648,0.1905668076884468
102,S03,Atlas West,2030-02-01,1059077754.4607383,50785439.15800822,0.15150467118957356
103,S01,Atlas East,2029-04-01,1709148476.524802,-270118712.52331746,0.0394835227726551
103,S02,Atlas Central,2029-10-01,2487760560.2749896,-300399146.38980293,0.0469556129990949
103,S03,Atlas West,2030-04-01,1304016985.792997,-254348991.79328203,-0.03496711581329204
104,S01,Atlas East,2028-07-01,1351179109.0262022,256698032.0605142,0.18391960632060944
104,S02,Atlas Central,2029-01-01,1966716258.6936946,541048662.2474697,0.2244104869531609
104,S03,Atlas West,2029-07-01,1030899616.5162878,216504891.691638,0.21884665437409323
105,S01,Atlas East,2029-04-01,1471776193.3507369,82854240.15912962,0.14619482710576137
105,S02,Atlas Central,2029-10-01,2142252014.7660725,183375207.64455462,0.16760434925177448
105,S03,Atlas West,2030-04-01,1122910725.2972288,-23820774.99844694,0.10433800937610127
106,S01,Atlas East,2029-03-01,1599481495.1918588,-452469004.0494001,-0.02831959924365668
106,S02,Atlas Central,2029-09-01,2328134176.3348165,-536687150.92279816,-0.021273967533589233
106,S03,Atlas West,2030-03-01,1220345140.7760105,-347663386.12210643,-0.10621718519667545
107,S01,Atlas East,2028-11-01,1557289345.4965048,-10624577.94888568,0.1172266962236086
107,S02,Atlas Central,2029-05-01,2266721158.444913,166524796.04236627,0.15413213584643115
107,S03,Atlas West,2029-11-01,1188154093.2306666,19467220.82233417,0.1296177583416318
108,S01,Atlas East,2028-06-01,1428058944.0988913,-149646422.5352081,0.0817345092849473
108,S02,Atlas Central,2028-12-01,2078619129.7439418,-34026793.42554402,0.11331710929942873
108,S03,Atlas West,2029-06-01,1089556083.2754502,-67806962.2474693,0.08870404139546362
109,S01,Atlas East,2028-11-01,1342920558.4475014,30576153.054477096,0.1291314772028731
109,S02,Atlas Central,2029-05-01,1954695479.5180302,211748604.7345991,0.16959535874902554
109,S03,Atlas West,2029-11-01,1024598648.2969829,45559663.40531647,0.14578481592536896
110,S01,Atlas East,2029-01-01,1456869265.4980578,105260932.42884445,0.15027492234303508
110,S02,Atlas Central,2029-07-01,2120554153.11384,300741076.15972924,0.18892060157717028
110,S03,Atlas West,2030-01-01,1111537291.454074,68274381.22582746,0.15846260497225928
111,S01,Atlas East,2028-08-01,1630642396.8868637,-330570996.9657141,0.03782116571018479
111,S02,Atlas Central,2029-02-01,2373490599.913102,-307313114.5840812,0.06073864526789641
111,S03,Atlas West,2029-08-01,1244119754.6618292,-202245187.59256637,0.028007564771656224
112,S01,Atlas East,2029-01-01,1741911548.5106745,-401172991.3285326,0.009826119887910156
112,S02,Atlas Central,2029-07-01,2535449031.721093,-419592826.8465221,0.028695446021494986
112,S03,Atlas West,2030-01-01,1329013996.2711074,-281692463.1643864,-0.029093074090078663
113,S01,Atlas East,2029-05-01,1553067342.7666502,17991567.100466847,0.1256763050114864
113,S02,Atlas Central,2029-11-01,2260575798.915902,57337729.24605608,0.13502463597965053
113,S03,Atlas West,2030-05-01,1184932861.518259,-98762063.07952988,0.053898904365380806
114,S01,Atlas East,2028-07-01,1460868206.8165622,-363103755.60962784,0.020069574358141162
114,S02,Atlas Central,2029-01-01,2126374834.3663297,-361721038.0623677,0.043282117991878755
114,S03,Atlas West,2029-07-01,1114588335.571155,-227510259.9188075,0.006442104361299439
115,S01,Atlas East,2028-11-01,1455770275.4506319,-46836709.75930345,0.10679773340441168
115,S02,Atlas Central,2029-05-01,2118954512.0448086,107236218.42020464,0.14369924074212626
115,S03,Atlas West,2029-11-01,1110698802.7512228,-7260263.017811775,0.1161309458422537
116,S01,Atlas East,2028-08-01,1636502297.9089088,-221942885.93391526,0.06670648513008448
116,S02,Atlas Central,2029-02-01,2382020011.4007454,-146327917.62762904,0.0927110505594726
116,S03,Atlas West,2029-08-01,1248590642.1082788,-123204458.0427984,0.06576015802269897
117,S01,Atlas East,2028-12-01,1518799031.7013645,-79009100.02517748,0.09781843822535818
117,S02,Atlas Central,2029-06-01,2210696368.3653197,50045100.94917655,0.13109374333031587
117,S03,Atlas West,2029-12-01,1158787409.3721523,-43478966.503739595,0.09659314134571173
118,S01,Atlas East,2028-07-01,1624103694.549994,-228185582.10310817,0.06622124477181024
118,S02,Atlas Central,2029-01-01,2363973155.400547,-151284809.67285633,0.09242731932245074
118,S03,Atlas West,2029-07-01,1239130966.9529586,-126404482.13291597,0.06581215194517864
119,S01,Atlas East,2028-09-01,1487795630.7963288,213695221.4599241,0.1720155964668828
119,S02,Atlas Central,2029-03-01,2165569195.936879,491981401.0354407,0.2134683543747402
119,S03,Atlas West,2029-09-01,1135132962.7557175,191026055.5200776,0.20649431342631486
120,S01,Atlas East,2029-01-01,1413343792.8995707,67108139.83690083,0.14010681672183845
120,S02,Atlas Central,2029-07-01,2057200409.6649308,236679218.75735044,0.17648136465611275
120,S03,Atlas West,2030-01-01,1078328967.9159687,39211793.51510143,0.1429929588031862
121,S01,Atlas East,2028-10-01,1476973219.1770234,-390431835.221246,0.0030109185335638333
121,S02,Atlas Central,2029-04-01,2149816574.57989,-394975304.7789695,0.028071636082454443
121,S03,Atlas West,2029-10-01,1126875863.5202475,-245660243.7223389,-0.016276958396890695
122,S01,Atlas East,2028-08-01,1365804813.625588,-18294103.702771544,0.11501733706514505
122,S02,Atlas Central,2029-02-01,1988004784.277245,141734756.52854657,0.1499390215757037
122,S03,Atlas West,2029-08-01,1042058487.4328561,21012240.091988325,0.13052379168964534
123,S01,Atlas East,2028-06-01,1465334313.9422982,-334734894.8673154,0.03160990991580026
123,S02,Atlas Central,2028-12-01,2132875501.4049008,-314716694.8971467,0.056175174367169456
123,S03,Atlas West,2029-06-01,1117995809.8967164,-205039587.56044328,0.022463644150749307
124,S01,Atlas East,2028-09-01,1472990204.086605,-304103771.51828194,0.03378340785024325
124,S02,Atlas Central,2029-03-01,2144019074.83717,-284553794.72825,0.05724088467556121
124,S03,Atlas West,2029-09-01,1123836970.525336,-187976997.76274908,0.02170312196694235
125,S01,Atlas East,2028-10-01,1491195871.9676323,-78077249.03515518,0.09895522023776482
125,S02,Atlas Central,2029-04-01,2170518435.863998,54066658.96585131,0.13139828149804855
125,S03,Atlas West,2029-10-01,1137727220.8345637,-26598010.514481783,0.10659413871690604
126,S01,Atlas East,2028-08-01,1450853944.7656355,-114906200.43857563,0.08968691542517715
126,S02,Atlas Central,2029-02-01,2111798519.603314,1509688.296230793,0.12030896667444879
126,S03,Atlas West,2029-08-01,1106947824.5248923,-48636798.312608,0.09644169918264556
127,S01,Atlas East,2028-08-01,1657582456.5265875,-417852467.77267015,0.015315151178443065
127,S02,Atlas Central,2029-02-01,2412703353.3886995,-431126960.4724908,0.03630950105699471
127,S03,Atlas West,2029-08-01,1264674022.386952,-262863438.588431,-0.0002408845360387657
128,S01,Atlas East,2028-06-01,1397373936.6124148,112605264.63311708,0.1473385455780416
128,S02,Atlas Central,2028-12-01,2033955396.624737,333131728.6185925,0.18246026163456652
128,S03,Atlas West,2029-06-01,1066144559.0450276,114031183.34210229,0.17031369360858473
129,S01,Atlas East,2028-06-01,1527442559.341667,-203248457.53506398,0.07066464637218406
129,S02,Atlas Central,2028-12-01,2223277503.0417595,-119681610.3962276,0.09762797666655221
129,S03,Atlas West,2029-06-01,1165382100.8310497,-110445800.00941312,0.07156662311368422
130,S01,Atlas East,2028-05-01,1613617132.6006203,-90883913.46787846,0.10033149673509811
130,S02,Atlas Central,2028-11-01,2348709381.8964586,48979062.951220036,0.12815927709341834
130,S03,Atlas West,2029-05-01,1231130108.5767698,-28955495.198071122,0.1087260502227203
131,S01,Atlas East,2028-08-01,1649784558.9359438,-115322744.93300056,0.09331196694325472
131,S02,Atlas Central,2029-02-01,2401353080.228985,15234149.115502834,0.12273993233771918
131,S03,Atlas West,2029-08-01,1258724515.3363125,-44076593.04740572,0.10126973180951038
132,S01,Atlas East,2029-01-01,1449868520.5085454,10430538.105769634,0.12308901413135254
132,S02,Atlas Central,2029-07-01,2110364179.851327,167950519.56542993,0.15953978050638185
132,S03,Atlas West,2030-01-01,1106195982.3139272,4822746.425632,0.12278793023660906
133,S01,Atlas East,2028-08-01,1372210129.8560088,-324421955.70927393,0.02284978299532625
133,S02,Atlas Central,2029-02-01,1997328077.9015238,-311492397.90926147,0.047949409122467035
133,S03,Atlas West,2029-08-01,1046945506.4827325,-201390543.89985883,0.009836879078796157
134,S01,Atlas East,2028-12-01,1555515969.3662014,41426240.744561434,0.13101664324730677
134,S02,Atlas Central,2029-06-01,2264139910.96636,224921157.74267888,0.16733486867718228
134,S03,Atlas West,2029-12-01,1186801072.9238427,40021515.23079944,0.14047698077456605
135,S01,Atlas East,2028-07-01,1399376168.5714388,79014671.35703099,0.13993176162243648
135,S02,Atlas Central,2029-01-01,2036869756.4762058,281825566.0650542,0.17503730534492346
135,S03,Atlas West,2029-07-01,1067672187.8730237,88158314.16278934,0.16066522234644265
136,S01,Atlas East,2028-04-01,1331111834.3226118,191913286.34126997,0.16536851693125465
136,S02,Atlas Central,2028-10-01,1937507225.5140238,458674909.69454765,0.20300278990432719
136,S03,Atlas West,2029-04-01,1015589029.1498445,173865909.0664041,0.1936074010576787
137,S01,Atlas East,2029-02-01,1503551096.4760075,-122498093.95022702,0.08252145642147202
137,S02,Atlas Central,2029-08-01,2188502151.5373,-44679822.72227502,0.10905574781897909
137,S03,Atlas West,2030-02-01,1147153799.5335464,-107175946.07646847,0.05512598821552395
138,S01,Atlas East,2028-08-01,1540859419.875352,31686111.94363928,0.1275606732942649
138,S02,Atlas Central,2029-02-01,2242806488.929679,219198087.87102008,0.16070521428820173
138,S03,Atlas West,2029-08-01,1175618668.4974906,57456143.52200997,0.14526023042856262
139,S01,Atlas East,2029-02-01,1433338943.4170961,7847370.129040122,0.1224305332059048
139,S02,Atlas Central,2029-08-01,2086304462.0848846,140718654.2360022,0.15494231748453036
139,S03,Atlas West,2030-02-01,1093584527.1997106,-17422897.384125233,0.10927737574341578
140,S01,Atlas East,2028-12-01,1512026052.9837093,-43957729.85178566,0.10771835502222027
140,S02,Atlas Central,2029-06-01,2200837921.565177,113348111.13014889,0.14496175965093205
140,S03,Atlas West,2029-12-01,1153619877.4616451,-13775643.809406042,0.11262559917905568
141,S01,Atlas East,2028-05-01,1588248690.8054383,-246628731.88888836,0.0634705811828924
141,S02,Atlas Central,2028-11-01,2311784205.5056934,-174065439.88689208,0.08937604672975175
141,S03,Atlas West,2029-05-01,1211774927.058964,-138571182.88742137,0.06303959717680763
142,S01,Atlas East,2028-09-01,1546982143.1046736,-349449519.5726372,0.024802416486462864
142,S02,Atlas Central,2029-03-01,2251718452.741247,-326898889.44767714,0.050961557253909495
142,S03,Atlas West,2029-09-01,1180290079.5539362,-210862681.8610617,0.014450354684020006
143,S01,Atlas East,2029-02-01,1645835067.1216273,-253626664.34075332,0.0465863426820432
143,S02,Atlas Central,2029-08-01,2395604375.477036,-231653110.67300224,0.06635656993731587
143,S03,Atlas West,2030-02-01,1255711199.3594642,-198316104.9148599,0.007017930582006837
144,S01,Atlas East,2028-09-01,1498404301.4892392,37549583.161862135,0.1294724918569532
144,S02,Atlas Central,2029-03-01,2181010705.501004,233140485.7586131,0.16584408996718447
144,S03,Atlas West,2029-09-01,1143226985.580679,64356132.642768145,0.1501096529046666
145,S01,Atlas East,2028-06-01,1640585625.6074743,-195932663.8051772,0.0760792676135531
145,S02,Atlas Central,2028-12-01,2387963521.7175465,-87145516.0426178,0.10496089512440965
145,S03,Atlas West,2029-06-01,1251706069.907925,-95857984.32385564,0.08121347198272355
146,S01,Atlas East,2028-12-01,1337480732.309403,307655549.8203598,0.20845372803499496
146,S02,Atlas Central,2029-06-01,1946777510.3614645,604062338.0388317,0.2575622825351913
146,S03,Atlas West,2029-12-01,1020448262.4286556,226048676.40332556,0.24591748718973183
147,S01,Atlas East,2028-09-01,1450045621.7725577,-20355848.996614814,0.11461426669371844
147,S02,Atlas Central,2029-03-01,2110621960.5800562,143569584.66247988,0.14958235397828856
147,S03,Atlas West,2029-09-01,1106331104.0190625,20937427.93802631,0.130264113400405
148,S01,Atlas East,2029-03-01,1485606463.893633,-178243195.29128027,0.061995078753521726
148,S02,Atlas Central,2029-09-01,2162382741.8896217,-150235373.03576517,0.08052412734881886
148,S03,Atlas West,2030-03-01,1133462709.4892163,-164151020.9101019,0.012583492572467714
149,S01,Atlas East,2028-07-01,1547632103.5725303,-258902405.851017,0.05535432681606123
149,S02,Atlas Central,2029-01-01,2252664506.3111277,-189082961.13845897,0.08360072641627081
149,S03,Atlas West,2029-07-01,1180785975.318301,-144161846.56799233,0.05467628199953456
150,S01,Atlas East,2028-12-01,1627651963.9162025,-301373871.69431484,0.03611212939455566
150,S02,Atlas Central,2029-06-01,2369137858.589139,-271940440.30596113,0.06034649774339118
150,S03,Atlas West,2029-12-01,1241838165.0619915,-200247275.44942057,0.01378471800477743
151,S01,Atlas East,2028-09-01,1434893583.767946,-166092769.83048284,0.07358603281601228
151,S02,Atlas Central,2029-03-01,2088567327.4844546,-81485350.11348343,0.10227793006997699
151,S03,Atlas West,2029-09-01,1094770660.2081366,-88843591.75802302,0.07410220930091471
152,S01,Atlas East,2028-10-01,1386723983.82288,-24292146.2931571,0.11306061923466748
152,S02,Atlas Central,2029-04-01,2018453798.6755254,123630710.86400676,0.14762198007848704
152,S03,Atlas West,2029-10-01,1058019039.5093086,8811743.06676054,0.1247139426127919
153,S01,Atlas East,2029-02-01,1709134396.140109,-167574741.62410474,0.07458075082696602
153,S02,Atlas Central,2029-08-01,2487740065.4928255,-85022328.32264304,0.10156729685552834
153,S03,Atlas West,2030-02-01,1304006242.980972,-134267054.9941846,0.04818760667169708
154,S01,Atlas East,2028-08-01,1508118953.1147227,-273728914.3375348,0.047218509630004624
154,S02,Atlas Central,2029-02-01,2195150920.644763,-224100414.73181844,0.07388563273025439
154,S03,Atlas West,2029-08-01,1150638904.9690108,-160427560.62883198,0.04200328439960943
155,S01,Atlas East,2028-07-01,1433228169.722728,-175641028.5030892,0.07352191875890268
155,S02,Atlas Central,2029-01-01,2086143224.8186374,-83065030.48171759,0.10304267584820637
155,S03,Atlas West,2029-07-01,1093500010.9736369,-91088845.80580413,0.07616538261574246
156,S01,Atlas East,2028-08-01,1462232640.5587282,-51068911.54683435,0.10687649798982468
156,S02,Atlas Central,2029-02-01,2128360843.4799268,100932003.19602871,0.14012275047013767
156,S03,Atlas West,2029-08-01,1115629347.9818444,-217265.07020699978,0.11989742674677539
157,S01,Atlas East,2029-03-01,1390719003.2762043,137564262.9663334,0.1637887368312947
157,S02,Atlas Central,2029-09-01,2024268771.435364,294291813.39690137,0.19605936264996626
157,S03,Atlas West,2030-03-01,1061067091.3885112,43500625.50979936,0.14823724129152738
158,S01,Atlas East,2028-07-01,1472255983.4407969,-34089070.43926895,0.11157186363217697
158,S02,Atlas Central,2029-01-01,2142950375.8971598,120296429.03945589,0.14302136081455075
158,S03,Atlas West,2029-07-01,1123276787.3659413,8489967.343631983,0.12383162548740834
159,S01,Atlas East,2029-02-01,1454843684.5224864,-53246223.07036829,0.10348645182101768
159,S02,Atlas Central,2029-08-01,2117605807.4716194,51299826.822617054,0.13275312921577997
159,S03,Atlas West,2030-02-01,1109991848.1912303,-59676663.08321154,0.08328424878686236
160,S01,Atlas East,2029-03-01,1631429376.8001409,-82979697.33727431,0.09611459673528655
160,S02,Atlas Central,2029-09-01,2374636092.897983,-7589725.950119257,0.11823103966754833
160,S03,Atlas West,2030-03-01,1244720191.1882555,-105532501.15096474,0.058651811710643376
161,S01,Atlas East,2028-10-01,1477363445.121582,-115645773.43968594,0.08819758736058247
161,S02,Atlas Central,2029-04-01,2150384570.121414,-8415754.825292587,0.11818874731067752
161,S03,Atlas West,2029-10-01,1127173591.463133,-56180998.44487023,0.09110925202793885
162,S01,Atlas East,2029-03-01,1406287122.8782778,-1696389.336633563,0.1194459443787439
162,S02,Atlas Central,2029-09-01,2046929034.4117155,98885175.56822848,0.1461595973131875
162,S03,Atlas West,2030-03-01,1072944990.0478714,-46481228.7249167,0.08921799244250561
163,S01,Atlas East,2028-07-01,1648531814.4854288,-291297000.8589554,0.051311673609840014
163,S02,Atlas Central,2029-01-01,2399529641.084347,-238629238.60069036,0.07651893432463197
163,S03,Atlas West,2029-07-01,1257768717.7185123,-169324036.96997035,0.047471348417893244
164,S01,Atlas East,2028-10-01,1413994548.3643527,236158890.71112347,0.18170396863308858
164,S02,Atlas Central,2029-04-01,2058147620.3970025,522630381.0681932,0.22693801785117884
164,S03,Atlas West,2029-10-01,1078825470.2335432,202955906.7011423,0.21971546464370362
165,S01,Atlas East,2028-07-01,1651004479.8918123,-279465775.96800816,0.054371054063845126
165,S02,Atlas Central,2029-01-01,2403128742.953638,-229205526.12249374,0.07834983291324349
165,S03,Atlas West,2029-07-01,1259655269.8433828,-164682611.23688698,0.049657355154671734
166,S01,Atlas East,2028-11-01,1570700158.4053133,61258663.44767666,0.13556997140046767
166,S02,Atlas Central,2029-05-01,2286241341.6788454,262142971.8497808,0.1724669281519975
166,S03,Atlas West,2029-11-01,1198386046.7833133,66573332.25847244,0.15212759004840737
167,S01,Atlas East,2028-11-01,1309102507.851742,203257032.50650644,0.179269437767698
167,S02,Atlas Central,2029-05-01,1905471428.0953133,462334656.7611754,0.22597497854137338
167,S03,Atlas West,2029-11-01,998796728.2128105,167041668.16588402,0.21277628927353276
168,S01,Atlas East,2028-07-01,1402427014.9628234,131508856.51039886,0.15261616300712166
168,S02,Atlas Central,2029-01-01,2041310432.8903317,360266170.161782,0.18921852073011003
168,S03,Atlas West,2029-07-01,1069999870.6753392,127363585.29185045,0.17781249317472536
169,S01,Atlas East,2028-12-01,1483956567.3494515,-12304990.30345869,0.11652215270158872
169,S02,Atlas Central,2029-06-01,2159981225.808646,146473648.14694023,0.1526861521808891
169,S03,Atlas West,2029-12-01,1132203899.5332851,3002312.670473337,0.12162915193933288
170,S01,Atlas East,2028-08-01,1410799291.8179088,-81920749.66384232,0.09799859586327297
170,S02,Atlas Central,2029-02-01,2053496746.9794009,60683947.532538176,0.1326137229019584
170,S03,Atlas West,2029-08-01,1076387607.8314414,-20160512.770844936,0.11007040227041731
171,S01,Atlas East,2029-02-01,1570249516.8813407,116891095.84428906,0.15218683264436428
171,S02,Atlas Central,2029-08-01,2285585407.9050627,305759520.09712076,0.1876861152227003
171,S03,Atlas West,2030-02-01,1198042223.9909487,55042046.26758063,0.15022265984188898
172,S01,Atlas East,2029-03-01,1461090069.5901766,56864233.56777501,0.13762625829062025
172,S02,Atlas Central,2029-09-01,2126697767.959035,184230927.3479643,0.1663022253844506
172,S03,Atlas West,2030-03-01,1114757608.6502829,-9676305.249400854,0.11390818958305204
173,S01,Atlas East,2028-10-01,1642455472.5599015,-255224568.36143637,0.05471328514970941
173,S02,Atlas Central,2029-04-01,2390685187.83719,-188717504.11447597,0.0823013454676138
173,S03,Atlas West,2029-10-01,1253132693.879036,-147148054.80446625,0.04992782884851166
174,S01,Atlas East,2028-09-01,1392719999.3158855,-159952942.71754324,0.07400961928850691
174,S02,Atlas Central,2029-03-01,2027181332.3375669,-70104062.59249067,0.10433325278530448
174,S03,Atlas West,2029-09-01,1062593777.2558239,-83104974.66906786,0.07585332086078744
175,S01,Atlas East,2028-05-01,1451824805.879514,-126332995.77111876,0.08927743536000854
175,S02,Atlas Central,2028-11-01,2113211661.8912926,-8754063.089327335,0.11836574322977267
175,S03,Atlas West,2029-05-01,1107688555.5969625,-55207815.98233187,0.09587974332630322
176,S01,Atlas East,2028-11-01,1394077313.0726485,-88896903.52947128,0.09349378907955641
176,S02,Atlas Central,2029-05-01,2029156977.9168553,28830680.85217595,0.12674545223800293
176,S03,Atlas West,2029-11-01,1063629357.3813543,-43620684.04553294,0.09539525029247264
177,S01,Atlas East,2029-02-01,1418715774.0815196,105147731.52787483,0.15206719840479632
177,S02,Atlas Central,2029-08-01,2065019626.7186568,279040944.05559087,0.18833335278901653
177,S03,Atlas West,2030-02-01,1082427590.59553,48831007.82354534,0.14968361821027454
178,S01,Atlas East,2028-08-01,1529044382.2007926,-215847012.85181057,0.06445077910039454
178,S02,Atlas Central,2029-02-01,2225609045.203376,-129873932.13454866,0.09414013310738834
178,S03,Atlas West,2029-08-01,1166604232.34579,-114980800.52335751,0.06587769934967502
179,S01,Atlas East,2028-05-01,1469018491.019836,54431360.738821745,0.132463030686359
179,S02,Atlas Central,2028-11-01,2138238025.8177612,261532818.72387195,0.16601833653534803
179,S03,Atlas West,2029-05-01,1120806700.5558748,76234997.22853553,0.15142433017822277
180,S01,Atlas East,2029-01-01,1450787961.6576366,8194535.937127709,0.12242808746486733
180,S02,Atlas Central,2029-07-01,2111702477.5238934,159725169.96604252,0.15764942164498574
180,S03,Atlas West,2030-01-01,1106897481.857308,1765893.6936810017,0.12102159275662516
181,S01,Atlas East,2028-08-01,1645890708.9086378,55350666.79533434,0.13232242776883485
181,S02,Atlas Central,2029-02-01,2395685365.1892395,272778644.44516826,0.16721059149106954
181,S03,Atlas West,2029-08-01,1255753651.9821458,81563183.21841931,0.1534064420114729
182,S01,Atlas East,2028-12-01,1575098830.205646,-180417418.2373172,0.0697825194787538
182,S02,Atlas Central,2029-06-01,2292643852.854885,-94438645.5569148,0.09927057754716162
182,S03,Atlas West,2029-12-01,1201742070.4531965,-114297917.29310417,0.059190542674221636
183,S01,Atlas East,2028-08-01,1434456194.2588615,-46578775.73123312,0.10780630537352875
183,S02,Atlas Central,2029-02-01,2087930682.7545657,103925621.40525842,0.1411039143555335
183,S03,Atlas West,2029-08-01,1094436948.2123168,997331.6707770824,0.12047976173467978
184,S01,Atlas East,2029-02-01,1407668262.6541686,-219147543.08383644,0.045822414480113816
184,S02,Atlas Central,2029-08-01,2048939360.085512,-196252969.99590373,0.06694523856569923
184,S03,Atlas West,2030-02-01,1073998748.543551,-172562953.07344317,0.005017694815898199
185,S01,Atlas East,2028-07-01,1579605567.5255828,-205591178.91996217,0.0704362258722
185,S02,Atlas Central,2029-01-01,2299203659.398349,-126732142.34965253,0.09635290114400874
185,S03,Atlas West,2029-07-01,1205180544.112111,-113054156.54165864,0.07037048483106867
186,S01,Atlas East,2028-07-01,1474490480.9703896,64541973.61603212,0.13550338854358546
186,S02,Atlas Central,2029-01-01,2146202811.1902337,276443957.86651945,0.17137398936566206
186,S03,Atlas West,2029-07-01,1124981626.2218528,85274609.821679,0.15740353624791603
187,S01,Atlas East,2028-07-01,1586099949.1279635,-245622507.57151365,0.060447091967740674
187,S02,Atlas Central,2029-01-01,2308656592.6195917,-172189046.27443504,0.08776475185236832
187,S03,Atlas West,2029-07-01,1210135516.742076,-136003804.44956672,0.0600941267713786
188,S01,Atlas East,2029-01-01,1410514224.9008415,-18567876.77774906,0.11429702468731429
188,S02,Atlas Central,2029-07-01,2053081816.2445583,118641535.5927012,0.1489581130785378
188,S03,Atlas West,2030-01-01,1076170112.3317533,-16862897.798543096,0.10989843805316113
189,S01,Atlas East,2028-11-01,1722062822.2156334,-116157970.51965237,0.09190160618143794
189,S02,Atlas Central,2029-05-01,2506558107.8916445,24441581.548639774,0.12464350153837578
189,S03,Atlas West,2029-11-01,1313870153.2460017,-52516232.00309205,0.0960043811650848
190,S01,Atlas East,2029-04-01,1449850945.8252325,-122094744.23462045,0.07857088932007739
190,S02,Atlas Central,2029-10-01,2110338598.9233942,-97111179.00632524,0.09309267518730735
190,S03,Atlas West,2030-04-01,1106182573.4814737,-151107662.45183015,0.014417814871255041
191,S01,Atlas East,2028-08-01,1584783778.039196,-77604176.32109761,0.10149282012256511
191,S02,Atlas Central,2029-02-01,2306740832.479274,77013187.82446218,0.13424896399675945
191,S03,Atlas West,2029-08-01,1209131326.9484234,-13671099.138759017,0.11401659346898763
192,S01,Atlas East,2028-12-01,1590454601.3701432,-231818456.85630572,0.055168944214048166
192,S02,Atlas Central,2029-06-01,2314995030.8832083,-161217790.39590955,0.08452121007391744
192,S03,Atlas West,2029-12-01,1213457955.1194427,-147487307.0794772,0.04137428834746615
193,S01,Atlas East,2028-06-01,1402844984.7626781,-84928458.60648859,0.09832255503639509
193,S02,Atlas Central,2028-12-01,2041918811.1545653,45588518.50371218,0.12896754203312355
193,S03,Atlas West,2029-06-01,1070318766.1522657,-27123325.673522472,0.1074596694179597
194,S01,Atlas East,2028-09-01,1579717517.6162794,-347782937.8911077,0.027359051588864203
194,S02,Atlas Central,2029-03-01,2299366608.974807,-334089457.5973153,0.050827964732997444
194,S03,Atlas West,2029-09-01,1205265957.885013,-214059690.60210645,0.015028343053220983
195,S01,Atlas East,2028-07-01,1617246492.3382068,-25130719.44306135,0.11436729999260753
195,S02,Atlas Central,2029-01-01,2353992116.6256123,150440211.59292865,0.1461204192722967
195,S03,Atlas West,2029-07-01,1233899175.635817,22155934.255500674,0.12906218559280958
196,S01,Atlas East,2028-09-01,1565938571.4670734,-236372991.37001216,0.05852941543319301
196,S02,Atlas Central,2029-03-01,2279310587.357629,-166174602.02232194,0.08639919330002899
196,S03,Atlas West,2029-09-01,1194753132.3045077,-132335944.50231695,0.056530166834608986
197,S01,Atlas East,2028-09-01,1461454131.986258,-111466310.95698404,0.0899822352498294
197,S02,Atlas Central,2029-03-01,2127227681.0022204,2246046.769342661,0.12047132228586377
197,S03,Atlas West,2029-09-01,1115035374.7747006,-47656503.45612717,0.09623745409934803
198,S01,Atlas East,2028-06-01,1410493114.7288585,-172975917.86692977,0.0747430875184294
198,S02,Atlas Central,2028-12-01,2053051089.2164493,-80006597.51777935,0.10391168175848486
198,S03,Atlas West,2029-06-01,1076154006.0523882,-90215439.22957706,0.07737850480927966
199,S01,Atlas East,2028-07-01,1537674229.917468,-57186696.308906674,0.10637194639447611
199,S02,Atlas Central,2029-01-01,2238170267.9909816,91240165.81804395,0.13683312403922154
199,S03,Atlas West,2029-07-01,1173188486.5296235,-6745549.424783587,0.11706726345694385
200,S01,Atlas East,2029-02-01,1415578818.741842,-137345689.37082076,0.07504447779933199
200,S02,Atlas Central,2029-08-01,2060453613.9464595,-69774898.86770535,0.10174574267856351
200,S03,Atlas West,2030-02-01,1080034209.854887,-115168761.69960701,0.04553832344758235
201,S01,Atlas East,2028-10-01,1507570284.8219664,-111834041.03706264,0.0900026903878417
201,S02,Atlas Central,2029-04-01,2194352303.463084,20252232.38536215,0.12424052346887127
201,S03,Atlas West,2029-10-01,1150220291.3826852,-43518324.47892046,0.09821426610148531
202,S01,Atlas East,2028-11-01,1490342036.4414768,-109791746.02322102,0.08920869074111959
202,S02,Atlas Central,2029-05-01,2169275630.820372,5322176.438983917,0.12117168256660982
202,S03,Atlas West,2029-11-01,1137075775.9516454,-56681755.98838127,0.08995343244093923
203,S01,Atlas East,2028-10-01,1465537953.6776588,-163002435.0609584,0.07421286667201765
203,S02,Atlas Central,2029-04-01,2133171910.3530369,-68719310.75416327,0.10492972188553984
203,S03,Atlas West,2029-10-01,1118151179.4725842,-86225421.83578217,0.07481693189507133
204,S01,Atlas East,2028-11-01,1366096490.3939161,-200609649.2748921,0.05660935397967459
204,S02,Atlas Central,2029-05-01,1988429336.0178113,-143194066.07000327,0.08454368777021704
204,S03,Atlas West,2029-11-01,1042281026.004247,-125708334.78200316,0.04508743294340278
205,S01,Atlas East,2028-07-01,1632690777.4028516,-122602881.6894983,0.09210052408991443
205,S02,Atlas Central,2029-01-01,2376472131.5530396,4428915.346065998,0.12078058504789846
205,S03,Atlas West,2029-07-01,1245682593.129583,-49356469.015933156,0.09952692779216088
206,S01,Atlas East,2028-07-01,1517368151.0383492,-285005599.99867463,0.04671249648774345
206,S02,Atlas Central,2029-01-01,2208613642.066931,-237099963.6662581,0.07296615385032368
206,S03,Atlas West,2029-07-01,1157695700.4218516,-166987458.4580629,0.042036729649093996
207,S01,Atlas East,2028-07-01,1474474371.4989133,-125945968.2572633,0.08811851107597146
207,S02,Atlas Central,2029-01-01,2146179362.959529,-18225784.078856945,0.11642923675386307
207,S03,Atlas West,2029-07-01,1124969335.2917635,-58781770.90617597,0.0928641412851261
208,S01,Atlas East,2028-09-01,1360107699.3011937,11195812.707375407,0.12312842851875927
208,S02,Atlas Central,2029-03-01,1979712317.871738,177541988.07753515,0.1586593434910435
208,S03,Atlas West,2029-09-01,1037711800.2075776,39160141.06514013,0.1403070357662759
209,S01,Atlas East,2029-02-01,1657081374.4153676,-419291661.9410467,-0.006486633847282319
209,S02,Atlas Central,2029-08-01,2411974000.537924,-471625033.15858436,0.006483396213612158
209,S03,Atlas West,2030-02-01,1264291715.2946877,-311327290.43963814,-0.06372387947170166
210,S01,Atlas East,2028-07-01,1613142024.289107,-110106898.68020284,0.09467226168718579
210,S02,Atlas Central,2029-01-01,2348017835.3541446,29671628.767844915,0.12527607158433307
210,S03,Atlas West,2029-07-01,1230767618.531689,-38488217.129910946,0.1038828358416597
211,S01,Atlas East,2028-06-01,1469305484.3241534,-139645434.56775272,0.08536303802522394
211,S02,Atlas Central,2028-12-01,2138655760.5162675,-21915258.25774908,0.11581986739557593
211,S03,Atlas West,2029-06-01,1121025665.8176873,-62265530.850259066,0.09210633390995748
212,S01,Atlas East,2028-07-01,1701030957.0118158,-152593756.56830812,0.08642810592783001
212,S02,Atlas Central,2029-01-01,2475945059.650532,-35532171.949931145,0.1139440418189066
212,S03,Atlas West,2029-07-01,1297823619.0534596,-70003537.2951175,0.09193981865101786
213,S01,Atlas East,2028-09-01,1517076152.3185987,-304853614.6457056,0.0363551260517776
213,S02,Atlas Central,2029-03-01,2208188621.708183,-274129276.4227104,0.06154614919401458
213,S03,Atlas West,2029-09-01,1157472916.2134492,-183985279.95145023,0.026981451601056472
214,S01,Atlas East,2029-02-01,1518391446.815623,-132216708.35010004,0.07981037000863389
214,S02,Atlas Central,2029-08-01,2210103105.920519,-60339601.53306198,0.10531361908761183
214,S03,Atlas West,2030-02-01,1158476437.200068,-114049944.25932753,0.05145861771100191
215,S01,Atlas East,2029-03-01,1659272867.432994,-224862244.70150578,0.053930432783274806
215,S02,Atlas Central,2029-09-01,2415163840.374691,-212074730.72873902,0.06964710081338032
215,S03,Atlas West,2030-03-01,1265963743.3007283,-200449763.16146123,0.0017253786635846868
216,S01,Atlas East,2028-09-01,1539315603.453662,-115766970.30571246,0.09041113926300426
216,S02,Atlas Central,2029-03-01,2240559378.3603306,6914294.217448235,0.12137678565198895
216,S03,Atlas West,2029-09-01,1174440793.7461274,-46694337.001291394,0.09791765043120204
217,S01,Atlas East,2028-06-01,1407121938.5226796,9752192.742613077,0.12241996635595798
217,S02,Atlas Central,2028-12-01,2048144154.9607892,188282888.01737666,0.1560057368738228
217,S03,Atlas West,2029-06-01,1073581923.4654518,41982544.210287094,0.138882293727296
218,S01,Atlas East,2028-12-01,1434352491.9156756,82111109.01988912,0.14338213824054558
218,S02,Atlas Central,2029-06-01,2087779738.232817,289646213.0953772,0.18510879520714751
218,S03,Atlas West,2029-12-01,1094357827.1652932,72691865.07125008,0.15981499590533232
219,S01,Atlas East,2028-06-01,1668820583.1058216,-291330995.0623491,0.05417808066143226
219,S02,Atlas Central,2028-12-01,2429061070.9651403,-228392438.65591598,0.08028013154778524
219,S03,Atlas West,2029-06-01,1273248296.739997,-164854601.01393497,0.052847627744845305
220,S01,Atlas East,2028-05-01,1546274660.966477,-46296168.58891678,0.10965761893271742
220,S02,Atlas Central,2028-11-01,2250688673.1845384,105988753.54361892,0.1382323710108928
220,S03,Atlas West,2029-05-01,1179750296.8855343,-34634.403116345406,0.11998606504640907
221,S01,Atlas East,2028-10-01,1485130497.3544102,-386398593.3629762,0.004792295787483303
221,S02,Atlas Central,2029-04-01,2161689946.149197,-397295466.64115095,0.02787616367314527
221,S03,Atlas West,2029-10-01,1133099564.6481795,-247056945.06367695,-0.01650907341435559
222,S01,Atlas East,2028-09-01,1511504858.3870914,-120251405.07025254,0.08861573993234573
222,S02,Atlas Central,2029-03-01,2200079293.874544,-8244704.978271723,0.1183226266348496
222,S03,Atlas West,2029-09-01,1153222225.287929,-53578676.154233456,0.09411250111625913
223,S01,Atlas East,2028-10-01,1686337048.027999,-133604309.54062843,0.08782576104154804
223,S02,Atlas Central,2029-04-01,2454557258.7963095,2597082.7122511864,0.12048866485264975
223,S03,Atlas West,2029-10-01,1286612710.7176583,-54999322.50650954,0.09529695208080202
224,S01,Atlas East,2029-02-01,1462981245.822342,-221318171.5183133,0.048146770432044406
224,S02,Atlas Central,2029-08-01,2129450480.0302978,-188016384.10395312,0.07127795430554995
224,S03,Atlas West,2030-02-01,1116200506.0718608,-171710295.68708754,0.010296356091760606
225,S01,Atlas East,2029-04-01,1523599662.5742378,-109003531.4349662,0.08498859396709868
225,S02,Atlas Central,2029-10-01,2217683953.3025017,-79536106.75254655,0.09910819976452401
225,S03,Atlas West,2030-04-01,1162450112.927011,-145322592.34291184,0.023821319885264147
226,S01,Atlas East,2029-01-01,1606262228.2627308,-163244402.92987072,0.07429282342940202
226,S02,Atlas Central,2029-07-01,2338003910.026864,-85059433.9244628,0.10106170501696021
226,S03,Atlas West,2030-01-01,1225518588.9708242,-117708662.77468741,0.055972419558599995
227,S01,Atlas East,2028-10-01,1484605222.780702,34111173.939201355,0.1289492503508498
227,S02,Atlas Central,2029-04-01,2160925379.825244,218464772.49006057,0.16490317773603858
227,S03,Atlas West,2029-10-01,1132698799.603054,54197095.241702795,0.14666576452198066
228,S01,Atlas East,2028-11-01,1350602058.057548,-14203346.732358694,0.115729548798577
228,S02,Atlas Central,2029-05-01,1965876328.9504313,143255563.27450132,0.1537862859092558
228,S03,Atlas West,2029-11-01,1030459347.9994626,12359953.752700686,0.12703937844679603
229,S01,Atlas East,2028-07-01,1455967628.858574,-268783836.0414121,0.04796816068690157
229,S02,Atlas Central,2029-01-01,2119241770.8941464,-215910724.16376638,0.07543080757198273
229,S03,Atlas West,2029-07-01,1110849376.092097,-156701163.5801077,0.043807896185579454
230,S01,Atlas East,2029-04-01,1373481055.4293349,91924288.21834266,0.15098546433947324
230,S02,Atlas Central,2029-10-01,1999177980.6804764,206487452.77208233,0.17702276122482274
230,S03,Atlas West,2030-04-01,1047915175.623863,-8695581.57009983,0.11390774752813204
231,S01,Atlas East,2028-09-01,1347665940.0934036,127318619.46899474,0.15474838506262412
231,S02,Atlas Central,2029-03-01,1961602646.1359544,360161150.60281324,0.19652940851258416
231,S03,Atlas West,2029-09-01,1028219198.7379302,128455913.22189069,0.1850988438908574
232,S01,Atlas East,2028-12-01,1445795300.1861217,236045076.2045821,0.18425906325386365
232,S02,Atlas Central,2029-06-01,2104435381.382022,497551888.9675398,0.2274118797941458
232,S03,Atlas West,2029-12-01,1103088266.06793,173346612.2328235,0.21130302898746978
233,S01,Atlas East,2028-07-01,1362696462.2318134,166287820.96782434,0.16203847390346326
233,S02,Atlas Central,2029-01-01,1983480406.1374173,407962524.3121977,0.19988083548359925
233,S03,Atlas West,2029-07-01,1039686930.4435318,150616446.16301048,0.18972697771948877
234,S01,Atlas East,2028-10-01,1468345216.953702,53741057.65072465,0.13418877969646648
234,S02,Atlas Central,2029-04-01,2137258038.0103886,240274033.6157155,0.16974451679136893
234,S03,Atlas West,2029-10-01,1120293017.379491,65508917.80075467,0.15246867894333804
235,S01,Atlas East,2028-07-01,1441842055.9038033,248513755.75257957,0.17836147527039414
235,S02,Atlas Central,2029-01-01,2098681214.7044249,532327324.86205435,0.21699111675679972
235,S03,Atlas West,2029-07-01,1100072087.0969758,211169648.1033212,0.21093525539615166
236,S01,Atlas East,2029-01-01,1697678803.1839244,-219446203.41242635,0.06111719558550521
236,S02,Atlas Central,2029-07-01,2471065813.523268,-144865634.82912993,0.08918444821507476
236,S03,Atlas West,2030-01-01,1295266049.836624,-151502108.6538204,0.04129349196185195
237,S01,Atlas East,2028-10-01,1505536475.628343,63914711.88564408,0.13641043898059624
237,S02,Atlas Central,2029-04-01,2191391981.192366,279983368.2738528,0.17620178619956328
237,S03,Atlas West,2029-10-01,1148668570.2942176,82984490.48926938,0.15989712207836426
238,S01,Atlas East,2028-09-01,1465766921.7966862,-183147200.36617923,0.06983530196350651
238,S02,Atlas Central,2029-03-01,2133505186.170732,-95059834.72201133,0.09975310490546452
238,S03,Atlas West,2029-09-01,1118325873.6671014,-95797133.87203658,0.07153653006956007
239,S01,Atlas East,2028-12-01,1480203702.6842682,-23462031.319948673,0.11334844268191357
239,S02,Atlas Central,2029-06-01,2154518722.7959905,137661772.89543676,0.15079124381196585
239,S03,Atlas West,2029-12-01,1129340602.788738,-1331611.328753829,0.11927550158372568
240,S01,Atlas East,2028-07-01,1697487062.7847238,-280053829.9405253,0.05604880334059614
240,S02,Atlas Central,2029-01-01,2470786724.719987,-225426786.2566042,0.08017542498880248
240,S03,Atlas West,2029-07-01,1295119759.0135298,-163795809.97833252,0.05200492848097982
241,S01,Atlas East,2028-08-01,1356434177.0355606,-142146647.67455626,0.07945973491600511
241,S02,Atlas Central,2029-02-01,1974365302.129538,-49691702.27183771,0.10901380807235128
241,S03,Atlas West,2029-08-01,1034909038.7752795,-72861555.41119838,0.08184839966577329
242,S01,Atlas East,2029-02-01,1503827330.0732412,35503531.898754954,0.13041423200547997
242,S02,Atlas Central,2029-08-01,2188904224.884384,177670887.77281594,0.1618659035531793
242,S03,Atlas West,2030-02-01,1147364555.5373619,-1657200.9676798582,0.1190327468306216
243,S01,Atlas East,2029-02-01,1671490353.1102514,-285555385.4659661,0.03807607404616209
243,S02,Atlas Central,2029-08-01,2432947069.5271435,-277364863.09375787,0.056319143919514314
243,S03,Atlas West,2030-02-01,1275285232.3730066,-220914519.97222352,-0.004718717784651272
244,S01,Atlas East,2029-03-01,1463880316.562777,-11289011.062218904,0.11644676784360009
244,S02,Atlas Central,2029-09-01,2130759127.4413753,91498814.72430182,0.14331315850074144
244,S03,Atlas West,2030-03-01,1116886463.7478964,-53279417.87850106,0.08603107073645067
245,S01,Atlas East,2028-11-01,1543818545.6145089,-88348517.58120656,0.09627340490445135
245,S02,Atlas Central,2029-05-01,2247113660.8388963,41151507.15955496,0.12868605731337723
245,S03,Atlas West,2029-11-01,1177876371.8392177,-39864464.98461306,0.09974356239874593
246,S01,Atlas East,2029-03-01,1414203783.0612638,-156830242.5330379,0.0665786640330388
246,S02,Atlas Central,2029-09-01,2058452173.1225064,-122269833.73304605,0.08639210457811508
246,S03,Atlas West,2030-03-01,1078985108.5578532,-148088185.3073665,0.01853682761968023
247,S01,Atlas East,2028-09-01,1728413361.160363,-293065274.49250877,0.05041924581282409
247,S02,Atlas Central,2029-03-01,2515801670.133417,-238251571.53895378,0.07594674942545687
247,S03,Atlas West,2029-09-01,1318715379.2556844,-168651965.54027236,0.04616322851083687
248,S01,Atlas East,2028-10-01,1426196880.1737254,164823852.0034237,0.1635165344738938
248,S02,Atlas Central,2029-04-01,2075908792.2528667,400301122.61951995,0.2029354491602695
248,S03,Atlas West,2029-10-01,1088135397.4658794,144139654.79303527,0.19160534388199557
249,S01,Atlas East,2029-02-01,1487618111.717778,-251303232.4399867,0.03903020032731752
249,S02,Atlas Central,2029-08-01,2165310807.0558767,-231534591.0762999,0.06047365235267188
249,S03,Atlas West,2030-02-01,1134997522.2735639,-192756033.45151556,-0.0020542721473811865
250,S01,Atlas East,2028-09-01,1532834410.373558,-19897791.498580337,0.11502058090759393
250,S02,Atlas Central,2029-03-01,2231125641.765957,152874435.57720447,0.14980495033555652
250,S03,Atlas West,2029-09-01,1169495883.4701962,24430264.63561499,0.131324690207419
251,S01,Atlas East,2028-11-01,1681699907.8431044,-213938082.1069801,0.06556164263722075
251,S02,Atlas Central,2029-05-01,2447807643.6382966,-133136670.44206429,0.09339299673483725
251,S03,Atlas West,2029-11-01,1283074744.5025167,-126840937.44347167,0.05913162066277211
252,S01,Atlas East,2028-12-01,1483607246.453976,-244400710.6772486,0.0461933665444938
252,S02,Atlas Central,2029-06-01,2159472769.838565,-190629030.9940784,0.07472162132390947
252,S03,Atlas West,2029-12-01,1131937380.6278481,-158236779.41023088,0.028921084547627318
253,S01,Atlas East,2028-11-01,1569384970.8983226,-68045941.01779842,0.10211434608755421
253,S02,Atlas Central,2029-05-01,2284327013.1964474,78211078.07019353,0.13614466505333023
253,S03,Atlas West,2029-11-01,1197382607.4261277,-23702237.142483234,0.1082149626916784
254,S01,Atlas East,2028-07-01,1417235809.340683,-22581461.145797372,0.11421770954736599
254,S02,Atlas Central,2029-01-01,2062865455.8181052,134460685.10343003,0.14663219282283801
254,S03,Atlas West,2029-07-01,1081298432.3117802,16079940.676339388,0.12751544171585616
255,S01,Atlas East,2028-12-01,1410131838.9610748,-110318921.93381238,0.08629163104194393
255,S02,Atlas Central,2029-06-01,2052525232.2655644,-1776814.557271719,0.11957212705166698
255,S03,Atlas West,2029-12-01,1075878366.0221534,-65921606.274787426,0.08142723844527544
256,S01,Atlas East,2028-08-01,1393283110.3293407,-80427379.33969986,0.09812718823917543
256,S02,Atlas Central,2029-02-01,2028000971.7015963,57353549.8264997,0.13207817462670945
256,S03,Atlas West,2029-08-01,1063023410.1031268,-21397057.92658472,0.10932216460033084
257,S01,Atlas East,2028-12-01,1569649678.5791414,32790224.40664649,0.1286551000807683
257,S02,Atlas Central,2029-06-01,2284712309.9318614,216470378.0420003,0.16520451340445974
257,S03,Atlas West,2029-12-01,1197584569.5826042,35620707.94284916,0.13808251673760497
258,S01,Atlas East,2028-09-01,1410513964.0012293,-54961230.08283043,0.10489926843459219
258,S02,Atlas Central,2029-03-01,2053081436.4906783,87437388.59475207,0.13869976170094866
258,S03,Atlas West,2029-09-01,1076169913.275012,-6199523.453019381,0.11684541597492148
259,S01,Atlas East,2028-08-01,1438426066.3677263,-221043906.39741075,0.05923152671534071
259,S02,Atlas Central,2029-02-01,2093709052.1574686,-155133362.80233097,0.08696909228623251
259,S03,Atlas West,2029-08-01,1097465813.59908,-125545393.0495677,0.05677934699355691
260,S01,Atlas East,2028-08-01,1575313177.5524936,39325095.3536427,0.1291738781399805
260,S02,Atlas Central,2029-02-01,2292955847.3264074,241000875.17815614,0.1636981887119351
260,S03,Atlas West,2029-08-01,1201905609.5400507,66667324.56395626,0.14861866420292813
261,S01,Atlas East,2029-06-01,1525464398.7260907,87807089.88115764,0.14868025722656175
261,S02,Atlas Central,2029-12-01,2220398180.367976,113417190.36106586,0.15122023333090806
261,S03,Atlas West,2030-06-01,1163872837.546573,-91206423.53943563,0.054907291303710526
262,S01,Atlas East,2028-06-01,1330282203.7129683,35930218.24280572,0.1293586918443601
262,S02,Atlas Central,2028-12-01,1936299652.0710986,219614469.6678636,0.16406515293246504
262,S03,Atlas West,2029-06-01,1014956051.7217463,58270346.37129927,0.14752336723747406
263,S01,Atlas East,2028-10-01,1605757243.3673906,-283576574.58612454,0.04493132591993021
263,S02,Atlas Central,2029-04-01,2337268876.4569798,-244265950.63465428,0.06946956806777704
263,S03,Atlas West,2029-10-01,1225133304.198824,-173530463.96806252,0.03446403087489647
264,S01,Atlas East,2029-05-01,1623375476.486851,-32569619.670054674,0.11005201083659433
264,S02,Atlas Central,2029-11-01,2362913193.5530834,-11812550.17361474,0.11700461185551347
264,S03,Atlas West,2030-05-01,1238575363.5418196,-135681770.73835933,0.032220495034426255
265,S01,Atlas East,2028-11-01,1663664148.8875594,-301374815.7657181,0.04061417126250855
265,S02,Atlas Central,2029-05-01,2421555594.491892,-257848040.7116058,0.06676216062411355
265,S03,Atlas West,2029-11-01,1269314128.4105082,-187112009.79841053,0.027305787602774245
266,S01,Atlas East,2028-07-01,1361640688.0613408,280094791.2222183,0.18884504680987924
266,S02,Atlas Central,2029-01-01,1981943668.178174,578225703.4631717,0.23013846472108956
266,S03,Atlas West,2029-07-01,1038881413.8542082,234295774.05827403,0.22559762635874048
267,S01,Atlas East,2028-07-01,1410223560.3154087,188693429.78569162,0.16586454721545119
267,S02,Atlas Central,2029-01-01,2052658737.7924283,444523460.80024934,0.20376233903598795
267,S03,Atlas West,2029-07-01,1075948346.018423,168860103.33448398,0.19519652508090535
268,S01,Atlas East,2028-11-01,1595967054.3634589,-152744572.10080624,0.07962277172278576
268,S02,Atlas Central,2029-05-01,2323018712.462368,-52848419.96047282,0.10902046965665946
268,S03,Atlas West,2029-11-01,1217663752.5884168,-86016978.24437094,0.07704089825486116
269,S01,Atlas East,2028-09-01,1476861227.4737287,-123404745.07867575,0.08699781903291148
269,S02,Atlas Central,2029-03-01,2149653564.433983,-7069350.353955984,0.11852892131451309
269,S03,Atlas West,2029-09-01,1126790417.9984746,-53004597.05191374,0.09379229309559811
270,S01,Atlas East,2029-01-01,1421872260.5344043,-197166024.8910302,0.05657990557446202
270,S02,Atlas Central,2029-07-01,2069614068.111189,-146876596.7871108,0.08252969721042169
270,S03,Atlas West,2030-01-01,1084835872.8521752,-141111539.93988764,0.03202418498448112
271,S01,Atlas East,2028-07-01,1498908221.1545372,16867594.24692905,0.12403843860690822
271,S02,Atlas Central,2029-01-01,2181744188.569382,198058267.9542272,0.1567312583049958
271,S03,Atlas West,2029-07-01,1143611457.6216102,46420089.25465715,0.14030597297979353
272,S01,Atlas East,2028-09-01,1414496829.2982032,-127528233.16091728,0.08427166604026004
272,S02,Atlas Central,2029-03-01,2058878718.2007182,-22399572.629769087,0.11511766903631782
272,S03,Atlas West,2029-09-01,1079208691.9830737,-60066741.138258815,0.08887576231881322
273,S01,Atlas East,2028-11-01,1549560630.9526255,77574241.32163692,0.139903728461646
273,S02,Atlas Central,2029-05-01,2255471585.0532665,291674315.3424673,0.17885729436817988
273,S03,Atlas West,2029-11-01,1182257370.2823737,80082888.64085925,0.15899587361091871
274,S01,Atlas East,2028-08-01,1563082319.2661648,-47563464.26820421,0.10858612996373096
274,S02,Atlas Central,2029-02-01,2275153153.598529,107347350.53589654,0.1400282253713825
274,S03,Atlas West,2029-08-01,1192573917.6623333,2219212.023424864,0.12097952833837455
275,S01,Atlas East,2028-07-01,1484643641.6553712,-85678392.52669501,0.09869224279450184
275,S02,Atlas Central,2029-01-01,2160981300.631707,50518559.40942907,0.12971172882366444
275,S03,Atlas West,2029-07-01,1132728111.7815056,-26084309.149502993,0.10817903940416951
276,S01,Atlas East,2028-08-01,1438772844.9177136,-23460138.112053752,0.11391325442749944
276,S02,Atlas Central,2029-02-01,2094213807.6024501,128243976.31162667,0.14586209312403287
276,S03,Atlas West,2029-08-01,1097730392.7890704,13893690.720328331,0.12663559321283513
277,S01,Atlas East,2028-08-01,1610423852.653473,-255710190.60889077,0.0570000551349914
277,S02,Atlas Central,2029-02-01,2344061385.528944,-197277270.53856707,0.08227506328542589
277,S03,Atlas West,2029-08-01,1228693754.2467237,-148059250.2304318,0.053159144301127004
278,S01,Atlas East,2028-12-01,1421238409.680272,192972961.7511618,0.17387503178826003
278,S02,Atlas Central,2029-06-01,2068691462.9790626,448838427.89318943,0.21910360563162468
278,S03,Atlas West,2029-12-01,1084352268.1264298,149930849.53819907,0.20078337188366713
279,S01,Atlas East,2028-06-01,1620563320.3805013,-233373762.9974079,0.06640746358156457
279,S02,Atlas Central,2028-12-01,2358819944.1093965,-155352053.19195724,0.09250226859821997
279,S03,Atlas West,2029-06-01,1236429792.5866046,-128346719.61327016,0.06676127913932439
280,S01,Atlas East,2028-12-01,1663445085.4402092,-59984309.97845554,0.10470171800700867
280,S02,Atlas Central,2029-06-01,2421236735.474082,85155367.39275908,0.13717602125923167
280,S03,Atlas West,2029-12-01,1269146991.113641,-29512228.963324785,0.10555943064187678
281,S01,Atlas East,2028-12-01,1598573761.1033125,-148765838.65391898,0.07962058755794432
281,S02,Atlas Central,2029-06-01,2326812918.939266,-45282393.70481944,0.11029911793926339
281,S03,Atlas West,2029-12-01,1219652573.286231,-91166816.50881886,0.0726410648302589
282,S01,Atlas East,2028-10-01,1495303765.675668,10627368.196167469,0.12278905389331163
282,S02,Atlas Central,2029-04-01,2176497703.372361,185439462.58546257,0.1581007661536622
282,S03,Atlas West,2029-10-01,1140861391.5895839,37359311.89367187,0.13836886607922105
283,S01,Atlas East,2028-08-01,1565479696.6200573,-144070477.6949141,0.08455669507580854
283,S02,Atlas Central,2029-02-01,2278642669.52475,-27680343.707609177,0.11471844501533779
283,S03,Atlas West,2029-08-01,1194403027.7915993,-65057359.54554689,0.09064995965020817
284,S01,Atlas East,2029-04-01,1560269145.5343628,-16023100.958397388,0.11509858351943003
284,S02,Atlas Central,2029-10-01,2271058422.9444613,63234154.22593713,0.1358212463473656
284,S03,Atlas West,2030-04-01,1190427570.296588,-84627298.2398957,0.0664905141496559
285,S01,Atlas East,2028-09-01,1712305628.6922517,-382367767.08672106,0.025812229462898184
285,S02,Atlas Central,2029-03-01,2492355970.652055,-377815667.05375767,0.04755382527979313
285,S03,Atlas West,2029-09-01,1306425775.9651995,-236837209.97350037,0.012580381296807719
286,S01,Atlas East,2029-01-01,1464929575.9642026,102176494.99760127,0.14925412470910637
286,S02,Atlas Central,2029-07-01,2132286382.7923396,308716601.2903452,0.19028742191333192
286,S03,Atlas West,2030-01-01,1117687009.8097248,70401598.06645167,0.15942083481595581
287,S01,Atlas East,2028-08-01,1523349835.8876092,-194007332.78804994,0.07028263815165592
287,S02,Atlas Central,2029-02-01,2217320316.6808534,-95665640.28573513,0.10102668696712258
287,S03,Atlas West,2029-08-01,1162259504.4179537,-97879791.0340296,0.0740931553132873
288,S01,Atlas East,2028-12-01,1511070047.4181128,-82853604.58576751,0.09656218738987343
288,S02,Atlas Central,2029-06-01,2199446402.3530307,37082363.181809425,0.1282878890219883
288,S03,Atlas West,2029-12-01,1152890480.6227083,-49486148.933161974,0.09314677349737344
289,S01,Atlas East,2028-05-01,1468155751.1708438,175762212.7873894,0.15903660968757305
289,S02,Atlas Central,2028-11-01,2136982260.037562,430119831.43911195,0.19361020278562413
289,S03,Atlas West,2029-05-01,1120148462.0044217,160266252.89966035,0.18427647135576986
290,S01,Atlas East,2029-02-01,1568944161.8644485,27707050.418075085,0.12780883190758452
290,S02,Atlas Central,2029-08-01,2283685391.1582527,171671584.15316343,0.15886780901632003
290,S03,Atlas West,2030-02-01,1197046286.4595423,-7603686.262293458,0.1157374337180237
291,S01,Atlas East,2028-08-01,1426987914.5839787,-266874566.62422776,0.04480966529632324
291,S02,Atlas Central,2029-02-01,2077060186.783347,-219102338.73667097,0.07229013788761551
291,S03,Atlas West,2029-08-01,1088738927.4233317,-157243924.95486307,0.039033220124490065
292,S01,Atlas East,2028-12-01,1502310601.55859,-57420729.328587174,0.10379139034893514
292,S02,Atlas Central,2029-06-01,2186696542.2686143,79388822.07076454,0.13769981891366712
292,S03,Atlas West,2029-12-01,1146207347.855813,-28576065.861498,0.1045237355050248
293,S01,Atlas East,2029-02-01,1594804864.31144,-256696220.10216248,0.043127268207645786
293,S02,Atlas Central,2029-08-01,2321327080.2755404,-233836430.06255507,0.0640558508688236
293,S03,Atlas West,2030-02-01,1216777044.6228025,-198941752.8294536,0.00280117001016289
294,S01,Atlas East,2029-02-01,1651814893.4123266,-284630462.0957078,0.0373704891872062
294,S02,Atlas Central,2029-08-01,2404308344.85572,-274880768.771595,0.056161012277351485
294,S03,Atlas West,2030-02-01,1260273585.3442194,-218942381.69634628,-0.005054834467816405
295,S01,Atlas East,2028-07-01,1368815263.1864822,182668910.04585445,0.1657460525293013
295,S02,Atlas Central,2029-01-01,1992386660.8603244,435521280.78489923,0.20447153658389405
295,S03,Atlas West,2029-07-01,1044355348.9496865,164016320.0253501,0.1952267093764779
296,S01,Atlas East,2028-10-01,1579637166.3621538,-100073160.18989706,0.09444096571782379
296,S02,Atlas Central,2029-04-01,2299249653.2604685,38979687.00529814,0.1277794592354704
296,S03,Atlas West,2029-10-01,1205204652.8540878,-35407852.58730447,0.10311639146100648
297,S01,Atlas East,2028-12-01,1480531280.6576233,-163889699.96663976,0.07155932369304363
297,S02,Atlas Central,2029-06-01,2154995530.734985,-76984385.77987385,0.10207052577227205
297,S03,Atlas West,2029-12-01,1129590532.6498904,-103912434.15732563,0.061283253832111084
298,S01,Atlas East,2028-08-01,1402847081.020167,-139198800.97361255,0.08169264793605868
298,S02,Atlas Central,2029-02-01,2041921862.3737988,-30912648.48231387,0.11341591175673127
298,S03,Atlas West,2029-08-01,1070320365.5190904,-64849921.89975953,0.08729203655751494
299,S01,Atlas East,2029-02-01,1372032479.5282402,76747790.57720327,0.14434049543838978
299,S02,Atlas Central,2029-08-01,1997069497.9799943,235996956.0001819,0.18006241969600079
299,S03,Atlas West,2030-02-01,1046809965.862287,29058753.801391363,0.13836805572774558
300,S01,Atlas East,2029-02-01,1444111573.894265,19907782.31744802,0.12610120102622413
300,S02,Atlas Central,2029-08-01,2101984624.2238746,154716987.85054708,0.15805092402374266
300,S03,Atlas West,2030-02-01,1101803645.2674763,-10734424.247360349,0.11345766855404005
301,S01,Atlas East,2028-11-01,1528462391.0888262,-233559148.25251198,0.053861688158822085
301,S02,Atlas Central,2029-05-01,2224761924.8070693,-170776249.41046882,0.08211084908460164
301,S03,Atlas West,2029-11-01,1166160194.682586,-142646043.52739012,0.04393781298765309
302,S01,Atlas East,2028-06-01,1480393757.380544,-139149830.9826193,0.08579421361317663
302,S02,Atlas Central,2028-12-01,2154795357.9650145,-31389106.264931917,0.11405146379494702
302,S03,Atlas West,2029-06-01,1129485607.4829335,-66109705.24949634,0.09058700628605032
303,S01,Atlas East,2028-12-01,1428768452.2784896,139122851.67931128,0.1591858921743372
303,S02,Atlas Central,2029-06-01,2079651858.3164682,364454224.13298416,0.2012040133083266
303,S03,Atlas West,2029-12-01,1090097411.738403,109461138.64279187,0.17945779797667227
304,S01,Atlas East,2028-10-01,1527313826.327554,62641976.30119419,0.13586707548353805
304,S02,Atlas Central,2029-04-01,2223090124.987884,270076878.4237733,0.1735716449469744
304,S03,Atlas West,2029-10-01,1165283882.3091707,78278745.29153204,0.15717378469107546
305,S01,Atlas East,2028-12-01,1369093414.5192668,129108387.77196681,0.15800189094304895
305,S02,Atlas Central,2029-06-01,1992791525.578044,341889572.7834592,0.19959712513868855
305,S03,Atlas West,2029-12-01,1044567568.1146998,100457283.5435785,0.1770311242487126
306,S01,Atlas East,2028-09-01,1683215524.2201781,-294395994.6414695,0.048062745398512075
306,S02,Atlas Central,2029-03-01,2450013707.476037,-246241917.92543817,0.07313977509966607
306,S03,Atlas West,2029-09-01,1284231103.6642842,-172014411.52452886,0.04247367230893473
307,S01,Atlas East,2028-04-01,1476721593.2641711,-123046355.44576931,0.09144220152000782
307,S02,Atlas Central,2028-10-01,2149450319.0845156,8804365.270872593,0.12156206537861491
307,S03,Atlas West,2029-04-01,1126683882.2682195,-48129352.60556686,0.10007931097967893
308,S01,Atlas East,2028-07-01,1665374905.1212654,-401016302.78959346,0.023387292371421564
308,S02,Atlas Central,2029-01-01,2424045695.2320642,-399440016.91233087,0.04572801934500492
308,S03,Atlas West,2029-07-01,1270619372.0554838,-248543333.49060583,0.0114588598066796
309,S01,Atlas East,2028-09-01,1573985690.674921,-265458742.72424626,0.05075238009607341
309,S02,Atlas Central,2029-03-01,2291023616.4268293,-205339835.04931736,0.07838850967008337
309,S03,Atlas West,2029-09-01,1200892786.2186434,-151802012.51448047,0.04705235747675118
310,S01,Atlas East,2029-01-01,1742363257.1915016,-405009642.583117,0.008703359418958945
310,S02,Atlas Central,2029-07-01,2536106518.8009634,-427230019.5666635,0.02693556928711316
310,S03,Atlas West,2030-01-01,1329358633.264627,-284756905.12124777,-0.030831290453006033
311,S01,Atlas East,2028-10-01,1725284194.8251567,-25703531.52471876,0.11410127245080326
311,S02,Atlas Central,2029-04-01,2511246994.68995,154510976.58108234,0.1477790280386988
311,S03,Atlas West,2029-10-01,1316327941.2369711,18961863.486914754,0.12814227973641712
312,S01,Atlas East,2029-03-01,1419120544.6989665,-32494702.41300273,0.10938335367532259
312,S02,Atlas Central,2029-09-01,2065608792.8396072,62765635.217823505,0.13657520616987529
312,S03,Atlas West,2030-03-01,1082736415.5851376,-64438111.49037039,0.07742359264980259
313,S01,Atlas East,2029-05-01,1709850479.9259093,-138288735.28525615,0.07886082167741759
313,S02,Atlas Central,2029-11-01,2488782365.22549,-150956098.21640444,0.08281967677231905
313,S03,Atlas West,2030-05-01,1304552588.387916,-203697770.4296986,-0.007619561295726496
314,S01,Atlas East,2028-10-01,1510303972.309351,-101102576.7277726,0.092949646360027
314,S02,Atlas Central,2029-04-01,2198331337.4725003,27771334.01402259,0.1258059552496147
314,S03,Atlas West,2029-10-01,1152305993.6878753,-39977679.6372298,0.10002187467430179
315,S01,Atlas East,2028-08-01,1452807143.137476,-138729561.30588996,0.08316395048008318
315,S02,Atlas Central,2029-02-01,2114641508.3445487,-39302541.89712739,0.11189921726998331
315,S03,Atlas West,2029-08-01,1108438042.5419261,-68565658.09142101,0.08656583656843764
316,S01,Atlas East,2028-08-01,1573872025.2924798,-139564413.41157925,0.08592494730532296
316,S02,Atlas Central,2029-02-01,2290858170.147943,-29361880.87349844,0.11442876296929749
316,S03,Atlas West,2029-08-01,1200806063.7416697,-64814577.96189487,0.0909316164183791
317,S01,Atlas East,2028-11-01,1439006147.137752,-205431067.30582738,0.05859563572668125
317,S02,Atlas Central,2029-05-01,2094553391.94495,-142946792.96221352,0.0864807009909383
317,S03,Atlas West,2029-11-01,1097908393.7421367,-126691462.57072926,0.048547288276728384
318,S01,Atlas East,2029-01-01,1403494274.236968,36674923.960020304,0.13113323567949187
318,S02,Atlas Central,2029-07-01,2042863888.0560312,199581926.55407763,0.16819834412237267
318,S03,Atlas West,2030-01-01,1070814149.9733905,21997807.21840918,0.1330522240078511
319,S01,Atlas East,2029-01-01,1634254788.4138575,-374851201.7819823,0.01020511535850166
319,S02,Atlas Central,2029-07-01,2378748636.4690595,-397060951.27827954,0.027797123763351417
319,S03,Atlas West,2030-01-01,1246875875.6046467,-266177951.55769563,-0.030337781600300873
320,S01,Atlas East,2028-07-01,1418796956.2941678,43147515.31081593,0.13083834335157496
320,S02,Atlas Central,2029-01-01,2065137791.9392886,238050877.33947563,0.16623006718661149
320,S03,Atlas West,2029-07-01,1082489529.6170318,66200762.1008451,0.15035845312717244
321,S01,Atlas East,2028-10-01,1445424291.3421173,-85127482.83875895,0.0963267234432319
321,S02,Atlas Central,2029-04-01,2103895357.3979707,45466148.2752161,0.12988205975840494
321,S03,Atlas West,2029-10-01,1102805200.061023,-29803504.042081237,0.10450508653096957
322,S01,Atlas East,2028-08-01,1556652972.0611753,-378146039.1681783,0.01953858320795554
322,S02,Atlas Central,2029-02-01,2265794881.555711,-381507122.759846,0.041527289174217774
322,S03,Atlas West,2029-08-01,1187668563.868897,-237802990.2898786,0.004607386656602763
323,S01,Atlas East,2028-12-01,1594281236.931995,-70672678.84438431,0.10113877588586839
323,S02,Atlas Central,2029-06-01,2320564911.5343485,62396194.93708444,0.13316681202558356
323,S03,Atlas West,2029-12-01,1216377536.3258924,-39032825.567062736,0.10001053193705323
324,S01,Atlas East,2028-08-01,1352250049.3917916,-79070016.27428234,0.0978332465327787
324,S02,Atlas Central,2029-02-01,1968275071.8924966,48034201.932480335,0.1304384775870282
324,S03,Atlas West,2029-08-01,1031716704.3507743,-24793727.964236856,0.10723051636395775
325,S01,Atlas East,2029-01-01,1654349037.4720464,-437002491.3064618,-0.008629181833156307
325,S02,Atlas Central,2029-07-01,2407996932.3204236,-468891626.4011717,0.011055285462032938
325,S03,Atlas West,2030-01-01,1262207043.4045987,-303628335.54909754,-0.051627089350915534
326,S01,Atlas East,2029-03-01,1325935805.1526623,216387060.23417938,0.19066973553188893
326,S02,Atlas Central,2029-09-01,1929973227.4999862,415324514.5489664,0.22999744047112602
326,S03,Atlas West,2030-03-01,1011639910.597957,102385780.06115186,0.18826835095198935
327,S01,Atlas East,2028-10-01,1372233419.5061305,160510899.1015706,0.16396713905540783
327,S02,Atlas Central,2029-04-01,1997361977.2811456,403668251.36767673,0.20655990309704975
327,S03,Atlas West,2029-10-01,1046963275.6231959,145652051.82029045,0.1949622782763163
328,S01,Atlas East,2028-10-01,1402863862.990654,139225375.58745873,0.15759094867663914
328,S02,Atlas Central,2029-04-01,2041946289.4641745,364193253.83331656,0.1970861614558026
328,S03,Atlas West,2029-10-01,1070333169.5410177,126166244.04436386,0.1840417988305847
329,S01,Atlas East,2028-09-01,1496501653.7615666,-135889211.29995692,0.08402971261749026
329,S02,Atlas Central,2029-03-01,2178241296.030725,-17990135.706756115,0.11629821479538305
329,S03,Atlas West,2029-09-01,1141775335.832899,-58883769.401696205,0.09121405236556157
330,S01,Atlas East,2028-07-01,1423779103.6005616,-19994439.14209771,0.11491542157934997
330,S02,Atlas Central,2029-01-01,2072389584.1297066,150138464.6639831,0.1494882029720943
330,S03,Atlas West,2029-07-01,1086290723.487836,23543475.1017617,0.13091405098225306
331,S01,Atlas East,2029-02-01,1463854726.8085032,111409334.64794004,0.15291414197743136
331,S02,Atlas Central,2029-08-01,2130721880.132377,286959797.6214397,0.1881340511861469
331,S03,Atlas West,2030-02-01,1116866939.7131543,50055941.323200226,0.1494993840038874
332,S01,Atlas East,2028-08-01,1550399979.4927564,1717602.3168046474,0.12041037682229705
332,S02,Atlas Central,2029-02-01,2256693303.483901,184425711.92655802,0.15423753455557465
332,S03,Atlas West,2029-08-01,1182897762.1315105,39384818.57542014,0.137310062228033
333,S01,Atlas East,2028-08-01,1368784592.1059186,-27698879.834623218,0.11244755620629743
333,S02,Atlas Central,2029-02-01,1992342017.398615,131556513.47645402,0.1477947345627897
333,S03,Atlas West,2029-08-01,1044331948.0511824,15502556.475034118,0.12776605231990956
334,S01,Atlas East,2029-01-01,1499216426.0458126,150429550.2467544,0.16165594352068724
334,S02,Atlas Central,2029-07-01,2182192797.9111276,367448919.610837,0.20114396174655003
334,S03,Atlas West,2030-01-01,1143846606.5386572,99062700.74712026,0.1737795315688302
335,S01,Atlas East,2028-07-01,1629842225.3075826,-256185949.85049534,0.05944399889254148
335,S02,Atlas Central,2029-01-01,2372325905.725482,-191876777.4272039,0.08492593910355573
335,S03,Atlas West,2029-07-01,1243509253.3828225,-146272150.39923966,0.05712043870027128
336,S01,Atlas East,2028-06-01,1441981297.334492,-208148724.90788805,0.0662799210506324
336,S02,Atlas Central,2028-12-01,2098883888.3424273,-134107257.85273743,0.09336298065903526
336,S03,Atlas West,2029-06-01,1100178323.1515012,-116195560.02756178,0.06581799497685625
337,S01,Atlas East,2028-08-01,1344812879.6423903,112354306.42473292,0.14996949812530258
337,S02,Atlas Central,2029-02-01,1957449858.1461458,329087434.26423335,0.1881899691356177
337,S03,Atlas West,2029-08-01,1026042419.2827127,113276065.7616266,0.17571795657946332
338,S01,Atlas East,2028-05-01,1431877384.7417393,9737207.49080801,0.12231197071977107
338,S02,Atlas Central,2028-11-01,2084177082.235198,186315250.62712622,0.15401697377950518
338,S03,Atlas West,2029-05-01,1092469412.0622158,40763773.40641463,0.13743254335903
339,S01,Atlas East,2028-10-01,1519599970.4938357,-373113910.7112452,0.0121969265868338
339,S02,Atlas Central,2029-04-01,2211862179.274361,-377030984.12708163,0.03514124752294956
339,S03,Atlas West,2029-10-01,1159398496.0064082,-237166738.96958315,-0.0071605365642885
340,S01,Atlas East,2028-06-01,1582934454.2650104,52365378.704093456,0.13145495502223037
340,S02,Atlas Central,2028-12-01,2304049038.9857373,255187995.65782714,0.16315373286984358
340,S03,Atlas West,2029-06-01,1207720361.402193,73142562.13641882,0.1490451145243783
341,S01,Atlas East,2028-08-01,1584820506.5094748,-23773522.201979876,0.11440675835501257
341,S02,Atlas Central,2029-02-01,2306794292.808235,153591055.84420872,0.14806173920240773
341,S03,Atlas West,2029-08-01,1209159349.4109325,24428903.29137063,0.13056060243745238
342,S01,Atlas East,2028-09-01,1506492487.369145,-126318220.99273443,0.08688071040887024
342,S02,Atlas Central,2029-03-01,2192783509.3928666,-17456270.41633272,0.1164319040052526
342,S03,Atlas West,2029-09-01,1149397971.8446069,-57535495.19047737,0.09207399965762098
343,S01,Atlas East,2028-09-01,1608542518.1033406,-127897011.40540159,0.08861430271766157
343,S02,Atlas Central,2029-03-01,2341322998.5726404,-10302211.2008245,0.11802849068036125
343,S03,Atlas West,2029-09-01,1227258365.66403,-55695032.746780515,0.09470902711035234
344,S01,Atlas East,2028-07-01,1358015374.5238187,214900476.27085626,0.17373104789897265
344,S02,Atlas Central,2029-01-01,1976666822.918003,483524244.2916851,0.2136538565409647
344,S03,Atlas West,2029-07-01,1036115433.8959506,188357086.85945153,0.2062961674383199
345,S01,Atlas East,2028-09-01,1657387371.2101483,-282800992.7595681,0.04992637789576171
345,S02,Atlas Central,2029-03-01,2412419395.872549,-217898001.41685843,0.0780643422074283
345,S03,Atlas West,2029-09-01,1264525179.515891,-158962346.9805827,0.047495463109295644
346,S01,Atlas East,2029-02-01,1480744837.2953207,-158385395.06186938,0.07022235389272913
346,S02,Atlas Central,2029-08-01,2155306374.2854114,-93547900.98429012,0.09650573926059658
346,S03,Atlas West,2030-02-01,1129753468.4549484,-128621393.29428518,0.04023937057550642
347,S01,Atlas East,2029-04-01,1413756209.3116813,-54670029.484056234,0.10133835276231462
347,S02,Atlas Central,2029-10-01,2057800704.6647806,-10088964.953264952,0.11718064532492378
347,S03,Atlas West,2030-04-01,1078643626.3637273,-107741648.81434381,0.04398426751016049
348,S01,Atlas East,2028-11-01,1412115033.6128411,36997134.979678035,0.1304958347827183
348,S02,Atlas Central,2029-05-01,2055411882.2586913,219511549.73092842,0.1689366583618055
348,S03,Atlas West,2029-11-01,1077391470.0897975,48283010.787732005,0.14599035350907408
349,S01,Atlas East,2028-12-01,1485320453.646941,-112337262.5811547,0.08742564648377371
349,S02,Atlas Central,2029-06-01,2161966438.0861034,3632828.632548094,0.1208303181560999
349,S03,Atlas West,2029-12-01,1133244494.2639625,-64903034.13138425,0.08398266519622988
350,S01,Atlas East,2029-02-01,1455620771.5570545,-318927156.1730559,0.012545913490173755
350,S02,Atlas Central,2029-08-01,2118736900.8219352,-331871129.2058654,0.030900729082270484
350,S03,Atlas West,2030-02-01,1110584736.8176048,-238788732.67092282,-0.03772515572447677
351,S01,Atlas East,2028-12-01,1394602450.978849,107992776.54025972,0.15138853318222378
351,S02,Atlas Central,2029-06-01,2029921345.3136578,324991259.97271466,0.19456166144085252
351,S03,Atlas West,2029-12-01,1064030018.154233,90518568.74455309,0.17064168666952995
352,S01,Atlas East,2028-12-01,1723688008.0317278,-295279878.5077131,0.042841515149494525
352,S02,Atlas Central,2029-06-01,2508923656.135071,-258882212.08673954,0.06661196241187595
352,S03,Atlas West,2029-12-01,1315110109.8316145,-195830708.99447358,0.022409525663839025
353,S01,Atlas East,2028-07-01,1525343550.7666678,-443027217.387728,0.0006640852024326627
353,S02,Atlas Central,2029-01-01,2220222279.4492617,-467343738.3007324,0.023153494600649527
353,S03,Atlas West,2029-07-01,1163780635.0293837,-279960270.7393671,-0.016382812661700497
354,S01,Atlas East,2028-06-01,1429657889.015866,-134188018.98413849,0.085862336576364
354,S02,Atlas Central,2028-12-01,2080946482.9008718,-30260593.09255624,0.11406491756353243
354,S03,Atlas West,2029-06-01,1090776019.0269198,-64671520.29126167,0.09020875643844928
355,S01,Atlas East,2028-09-01,1465490451.7284064,-190024523.6556226,0.06784293326195256
355,S02,Atlas Central,2029-03-01,2133102768.6269026,-105865581.59151125,0.09740237691622267
355,S03,Atlas West,2029-09-01,1118114937.244636,-100954721.608984,0.06882077399300712
356,S01,Atlas East,2028-07-01,1572861920.219069,44432463.89970851,0.13006730806213795
356,S02,Atlas Central,2029-01-01,2289387906.096645,261417930.72669506,0.16580316247903748
356,S03,Atlas West,2029-07-01,1200035390.9819565,75962450.13463569,0.1513912290817112
357,S01,Atlas East,2028-08-01,1579451562.5059605,-3926302.1190810204,0.11907716298196691
357,S02,Atlas Central,2029-02-01,2298979496.5364532,181372325.91038632,0.15310922759137635
357,S03,Atlas West,2029-08-01,1205063043.9860291,37695143.779569864,0.13628540558937985
358,S01,Atlas East,2028-12-01,1592542909.9904854,-311505312.77547014,0.03085686722714609
358,S02,Atlas Central,2029-06-01,2318034680.0972624,-278673564.63486457,0.05734570308244136
358,S03,Atlas West,2029-12-01,1215051257.252,-204033571.95768082,0.009011657256901229
359,S01,Atlas East,2028-12-01,1379279277.0027833,147023694.5944878,0.16278013047459727
359,S02,Atlas Central,2029-06-01,2007617614.3040512,362995319.82331085,0.20364035740059605
359,S03,Atlas West,2029-12-01,1052339003.9354568,110281461.46613097,0.18196835254067834
360,S01,Atlas East,2028-11-01,1615310269.5515614,-357977824.587662,0.02094808789770819
360,S02,Atlas Central,2029-05-01,2351173836.7917175,-350195765.6164527,0.044079024644789744
360,S03,Atlas West,2029-11-01,1232421909.3615618,-230384733.552184,0.0002528548873219627
361,S01,Atlas East,2028-09-01,1436430559.9562223,8999453.79685986,0.12238485405806232
361,S02,Atlas Central,2029-03-01,2090804481.7140572,179931921.41281104,0.15717861442040504
361,S03,Atlas West,2029-09-01,1095943316.1147475,39490244.83729231,0.13941620671995048
362,S01,Atlas East,2029-02-01,1475261979.4096303,-115963257.59989989,0.08388104635507454
362,S02,Atlas Central,2029-08-01,2147325770.0295734,-37328006.09989786,0.1106923441038199
362,S03,Atlas West,2030-02-01,1125570250.9569774,-101620758.34226203,0.05739000277195516
363,S01,Atlas East,2028-10-01,1402243462.2378044,-59691749.66824317,0.102975636095747
363,S02,Atlas Central,2029-04-01,2041043261.701693,78709630.25284171,0.1375356577928022
363,S03,Atlas West,2029-10-01,1069859826.7443988,-13652334.026763797,0.11271946469792837
364,S01,Atlas East,2028-08-01,1690806316.0504072,-122634487.39750314,0.09230520241057727
364,S02,Atlas Central,2029-02-01,2461062526.6955924,20491170.82136655,0.12359102958595791
364,S03,Atlas West,2029-08-01,1290022596.6903105,-42408404.198289394,0.1024403641712357
365,S01,Atlas East,2028-10-01,1408424476.334454,59285206.40961254,0.13627827501556666
365,S02,Atlas Central,2029-04-01,2050040071.1090388,257906964.9702065,0.17537069425438068
365,S03,Atlas West,2029-10-01,1074575711.5736947,73373742.7794137,0.15775919346647527
366,S01,Atlas East,2028-07-01,1511164839.3451424,10475892.023344755,0.12249323993230377
366,S02,Atlas Central,2029-01-01,2199584377.269041,186963385.23135948,0.15448036567775425
366,S03,Atlas West,2029-07-01,1152962803.3522198,40904585.45854032,0.13778933727785048
367,S01,Atlas East,2028-06-01,1497138600.310494,-259080776.80159163,0.05470159829792132
367,S02,Atlas Central,2028-12-01,2179168407.1186075,-199595587.47417212,0.08133046391365917
367,S03,Atlas West,2029-06-01,1142261302.4591174,-149695683.0929793,0.05195267765621536
368,S01,Atlas East,2029-02-01,1413595433.2154012,-24899791.29392779,0.1121070633987884
368,S02,Atlas Central,2029-08-01,2057566686.1246397,90613823.4887259,0.14301777234231072
368,S03,Atlas West,2030-02-01,1078520960.156936,-39299790.77617729,0.09527811686704735
369,S01,Atlas East,2028-07-01,1384002822.5467453,345125283.9557841,0.20225712612171987
369,S02,Atlas Central,2029-01-01,2014492997.2624848,677234433.8350832,0.24514766883724048
369,S03,Atlas West,2029-07-01,1055942894.2393684,282758576.3994957,0.2436663023063066
370,S01,Atlas East,2029-03-01,1376781261.3427577,-63085163.76608217,0.0985358532768239
370,S02,Atlas Central,2029-09-01,2003981613.7322364,15035038.007273912,0.12413095431788901
370,S03,Atlas West,2030-03-01,1050433110.5059559,-82614447.25547945,0.06327940412904054
371,S01,Atlas East,2028-08-01,1481790141.7653065,-9803256.251443028,0.11754068403523554
371,S02,Atlas Central,2029-02-01,2156827873.0139465,154041879.5955336,0.15004340777225345
371,S03,Atlas West,2029-08-01,1130550997.0505674,26079306.835526586,0.132043395205661
372,S01,Atlas East,2028-12-01,1366665139.1070383,-217843584.79479504,0.048703729720926514
372,S02,Atlas Central,2029-06-01,1989257035.8113558,-165420804.7797556,0.0774367095457893
372,S03,Atlas West,2029-12-01,1042714883.9112959,-143203015.10622978,0.030613001688521546
373,S01,Atlas East,2028-06-01,1672317412.1369574,-260354890.07950425,0.06178421625516295
373,S02,Atlas Central,2028-12-01,2434150899.888238,-179271272.02129078,0.0891555050903663
373,S03,Atlas West,2029-06-01,1275916247.7785673,-141493256.63237286,0.06295696465126377
374,S01,Atlas East,2028-09-01,1503814783.3527157,-162082075.84716713,0.07700015409407213
374,S02,Atlas Central,2029-03-01,2188885962.4356194,-69488918.45256734,0.10563632382998245
374,S03,Atlas West,2029-09-01,1147354982.8542943,-83395742.74771702,0.07907226973441395
375,S01,Atlas East,2028-09-01,1417018666.6185837,-122244879.28735352,0.0859140818032249
375,S02,Atlas Central,2029-03-01,2062549392.5226054,-9783687.456209898,0.11787845125294405
375,S03,Atlas West,2029-09-01,1081132760.4571416,-53687356.5238297,0.09232085349063612
376,S01,Atlas East,2028-10-01,1578646220.6514032,-86265623.322204,0.0980163187251537
376,S02,Atlas Central,2029-04-01,2297807276.7259316,49282096.22624588,0.12982986144491626
376,S03,Atlas West,2029-10-01,1204448597.978478,-29735647.195941687,0.10583237152813174
377,S01,Atlas East,2029-02-01,1587288441.5328174,-309491771.38434744,0.025226819330230077
377,S02,Atlas Central,2029-08-01,2310386509.342212,-317031057.8196676,0.04246722965821115
377,S03,Atlas West,2030-02-01,1211042292.4287424,-236060874.1049862,-0.021881327183107757
378,S01,Atlas East,2028-09-01,1379062270.6043851,100165034.47630239,0.1469562091027694
378,S02,Atlas Central,2029-03-01,2007301749.4352717,307212465.61817074,0.18451899018979812
378,S03,Atlas West,2029-09-01,1052173436.0907532,102494226.99673808,0.17129041004709422
379,S01,Atlas East,2028-12-01,1621549680.8754694,-89583093.45599306,0.09636705975268778
379,S02,Atlas Central,2029-06-01,2360255646.607628,41088599.66570544,0.1285620215199923
379,S03,Atlas West,2029-12-01,1237182349.1123953,-50240895.855260134,0.09460296282696867
380,S01,Atlas East,2029-02-01,1348046868.2111406,154556468.12738562,0.16886148714071392
380,S02,Atlas Central,2029-08-01,1962157108.1739936,341786603.9122658,0.20686218618831775
380,S03,Atlas West,2030-02-01,1028509832.7833147,80797160.72048652,0.17105457349776598
381,S01,Atlas East,2028-09-01,1414266876.9971008,-127808082.0240134,0.08426395963419475
381,S02,Atlas Central,2029-03-01,2058544009.851336,-14633154.48231101,0.11681973899665254
381,S03,Atlas West,2029-09-01,1079033246.8940845,-55994992.849877715,0.09106383628000536
382,S01,Atlas East,2029-02-01,1575713769.3123374,-136508884.32823586,0.07997037293973452
382,S02,Atlas Central,2029-08-01,2293538930.887958,-69219161.96584296,0.10372892611211237
382,S03,Atlas West,2030-02-01,1202211246.2160797,-118900449.46014321,0.05107084133566486
383,S01,Atlas East,2028-11-01,1447243640.9214203,-50353562.19340217,0.10571633269586345
383,S02,Atlas Central,2029-05-01,2106543521.7856228,86002971.04326057,0.1391820674005344
383,S03,Atlas West,2029-11-01,1104193296.4067132,-16036856.957034707,0.1113793348847949
384,S01,Atlas East,2028-05-01,1562968645.4312015,9331706.061465263,0.12203031027163735
384,S02,Atlas Central,2028-11-01,2274987695.016526,206691728.7197492,0.15456368933707787
384,S03,Atlas West,2029-05-01,1192487188.736398,48610461.13474047,0.13902341889518532
385,S01,Atlas East,2028-09-01,1451370054.3830442,-10728928.714260578,0.11716847654505091
385,S02,Atlas Central,2029-03-01,2112549745.8242092,153610629.92866206,0.15158930871257237
385,S03,Atlas West,2029-09-01,1107341597.047804,25732826.62339294,0.1325898783194044
386,S01,Atlas East,2029-05-01,1372519236.4645252,-2609500.165551901,0.1190648666017029
386,S02,Atlas Central,2029-11-01,1997777999.742809,30733841.212441206,0.12913345670126453
386,S03,Atlas West,2030-05-01,1047181343.3766377,-100724819.84414887,0.043421843573617336
387,S01,Atlas East,2028-07-01,1575662719.5214295,-292909758.9288784,0.04757901111332985
387,S02,Atlas Central,2029-01-01,2293464625.081192,-234365865.15324664,0.07534407976238033
387,S03,Atlas West,2029-07-01,1202172297.1163497,-166763338.227445,0.04523312394957002
388,S01,Atlas East,2028-09-01,1373260992.6845584,-142915622.2684102,0.07860448572664258
388,S02,Atlas Central,2029-03-01,1998857667.1297462,-33408642.069880962,0.1124944011143596
388,S03,Atlas West,2029-09-01,1047747275.9000704,-65247404.18412173,0.08512879682245367
389,S01,Atlas East,2028-10-01,1493400345.9402046,15974850.135468006,0.12418562806064348
389,S02,Atlas Central,2029-04-01,2173727170.2018538,194171118.07146192,0.1598443589292451
389,S03,Atlas West,2029-10-01,1139409152.8284526,42372240.7783854,0.1408078782372162
390,S01,Atlas East,2028-09-01,1549348363.6472669,15940568.120080233,0.12390754038670404
390,S02,Atlas Central,2029-03-01,2255162618.197689,202980962.87309813,0.15882041157878413
390,S03,Atlas West,2029-09-01,1182095418.1901371,49618779.85714698,0.14256311787999665
391,S01,Atlas East,2028-07-01,1367700596.1248252,142544422.19385839,0.1560745948549076
391,S02,Atlas Central,2029-01-01,1990764201.0261345,375362034.6249106,0.19357658332319505
391,S03,Atlas West,2029-07-01,1043504899.2656074,135364637.37851894,0.1827179720940999
392,S01,Atlas East,2029-02-01,1605263508.7799182,-396033433.0620235,-0.0029423629343416913
392,S02,Atlas Central,2029-08-01,2336550218.335214,-442678992.0014336,0.010350554244504373
392,S03,Atlas West,2030-02-01,1224756602.9950485,-296119449.43620825,-0.059969252188309286
393,S01,Atlas East,2028-08-01,1506845337.5622005,-129112275.28517258,0.08710553480080918
393,S02,Atlas Central,2029-02-01,2193297102.4516473,-8471343.899297714,0.11832705209913952
393,S03,Atlas West,2029-08-01,1149667183.4733825,-54756168.85695624,0.09441770036914243
394,S01,Atlas East,2029-05-01,1401656677.8805828,145834817.16972637,0.16921219898799955
394,S02,Atlas Central,2029-11-01,2040189164.4706266,230054684.19014525,0.18464052325227343
394,S03,Atlas West,2030-05-01,1069412132.012593,-14484512.47429061,0.10954708426751103
395,S01,Atlas East,2028-11-01,1547846705.4470272,-218883118.33672762,0.05915240006165057
395,S02,Atlas Central,2029-05-01,2252976871.2617846,-148165097.12674809,0.08770536939648177
395,S03,Atlas West,2029-11-01,1180949708.6003246,-132012334.80225003,0.05083709439317663
396,S01,Atlas East,2028-09-01,1451908651.6164808,-125172663.85345352,0.08594343431604057
396,S02,Atlas Central,2029-03-01,2113333704.0195441,-15335556.508889675,0.11675123843904722
396,S03,Atlas West,2029-09-01,1107752526.7888706,-56394460.08538616,0.09160944111166391
397,S01,Atlas East,2029-02-01,1522104576.8008919,-186589312.20786273,0.06252175130696802
397,S02,Atlas Central,2029-08-01,2215507772.899076,-137854407.55055356,0.0860346020239664
397,S03,Atlas West,2030-02-01,1161309417.8554952,-149482962.98116052,0.029199314518789876
398,S01,Atlas East,2028-07-01,1321313277.2661211,-72242024.56949532,0.099873200224184
398,S02,Atlas Central,2029-01-01,1923244881.354021,54835241.741702795,0.131799944867939
398,S03,Atlas West,2029-07-01,1008113093.0252628,-21338511.679641247,0.1091584396888694
399,S01,Atlas East,2028-12-01,1369099431.7871356,30439534.456445336,0.12918832665439628
399,S02,Atlas Central,2029-06-01,1992800284.0457196,206478949.83164454,0.16917941791139612
399,S03,Atlas West,2029-12-01,1044572159.067222,34979146.06778693,0.1402970590534789
400,S01,Atlas East,2028-10-01,1720452083.1587925,-414160020.5331702,0.014518218524214088
400,S02,Atlas Central,2029-04-01,2504213587.708909,-422468474.56137943,0.03601688006531445
400,S03,Atlas West,2029-10-01,1312641219.002634,-262091314.49304628,-0.0039032627660396946
401,S01,Atlas East,2028-10-01,1586719690.2058377,-37045819.70864391,0.11073712254211365
401,S02,Atlas Central,2029-04-01,2309558660.188497,132541251.8484118,0.14591965380794414
401,S03,Atlas West,2029-10-01,1210608356.2311206,10419709.110716462,0.12487120575484556
402,S01,Atlas East,2028-10-01,1444710989.6889951,-81145341.95024192,0.09738791618343012
402,S02,Atlas Central,2029-04-01,2102857107.2139819,54928183.5377543,0.1319453006124518
402,S03,Atlas West,2029-10-01,1102260977.3182704,-26355704.20189011,0.10628777697237246
403,S01,Atlas East,2028-09-01,1503886683.571608,-118539081.85688353,0.08893983563122654
403,S02,Atlas Central,2029-03-01,2188990617.1986732,-2870213.5791876316,0.11941403090689917
403,S03,Atlas West,2029-09-01,1147409840.0583377,-51073473.151520014,0.09523077569445837
404,S01,Atlas East,2028-06-01,1658339173.3388116,-349394240.01054144,0.039090624852056166
404,S02,Atlas Central,2028-12-01,2413804796.7487154,-329707418.5734403,0.06113279642291092
404,S03,Atlas West,2029-06-01,1265251369.2881305,-213859674.82580698,0.030626849112540766
405,S01,Atlas East,2029-02-01,1561626613.5989966,-300700524.61858726,0.026619950378155455
405,S02,Atlas Central,2029-08-01,2273034293.127428,-301150891.26484275,0.04535693107833505
405,S03,Atlas West,2030-02-01,1191463268.1533084,-227826659.78281462,-0.018853817753198943
406,S01,Atlas East,2029-01-01,1559052822.9941902,-46558920.773147106,0.10695384228497251
406,S02,Atlas Central,2029-07-01,2269287997.9137664,82565745.1758802,0.1384086639683113
406,S03,Atlas West,2030-01-01,1189499561.2474194,-38193580.340363026,0.09914069864954667
407,S01,Atlas East,2028-10-01,1541089938.290792,-15244499.228295922,0.11609500378747728
407,S02,Atlas Central,2029-04-01,2243142021.2899303,153687241.36708474,0.1508200615547559
407,S03,Atlas West,2029-10-01,1175794545.5107524,21913949.855234146,0.1305086755640632
408,S01,Atlas East,2028-07-01,1504430196.5008664,-205055341.05025733,0.06806142032757934
408,S02,Atlas Central,2029-01-01,2189781730.4623723,-118409677.09101772,0.09685174398903218
408,S03,Atlas West,2029-07-01,1147824520.2932537,-109050687.73329532,0.06978339114011112
409,S01,Atlas East,2028-10-01,1517201851.529383,-27632530.01636541,0.11278472964000441
409,S02,Atlas Central,2029-04-01,2208371583.892769,137129205.64706135,0.1480010477214344
409,S03,Atlas West,2029-10-01,1157568820.0557516,13281372.643767118,0.12648729041434015
410,S01,Atlas East,2028-11-01,1503905709.1052434,-66564410.152017474,0.10175045207146627
410,S02,Atlas Central,2029-05-01,2189018309.919854,70911445.44303107,0.13527598990346945
410,S03,Atlas West,2029-11-01,1147424355.8358524,-25226686.025095344,0.10690703046009631
411,S01,Atlas East,2029-02-01,1545828647.534726,-327091500.7320944,0.016480226432343592
411,S02,Atlas Central,2029-08-01,2250039475.856101,-339157831.5912907,0.03439850888133211
411,S03,Atlas West,2030-02-01,1179410005.156124,-245641559.8763802,-0.032422743719257574
412,S01,Atlas East,2029-01-01,1519582794.6990342,-54041518.57769704,0.10443939753170728
412,S02,Atlas Central,2029-07-01,2211837178.9508166,71340697.36205125,0.1363353827143119
412,S03,Atlas West,2030-01-01,1159385391.511115,-42580476.67563748,0.09610882442312607
413,S01,Atlas East,2028-12-01,1499131631.7922754,-163992507.4477086,0.07220264892736705
413,S02,Atlas Central,2029-06-01,2182069375.1643124,-80546655.34585738,0.1014745278796072
413,S03,Atlas West,2029-12-01,1143781911.663736,-105268573.59566545,0.061277756130569516
414,S01,Atlas East,2028-09-01,1667738865.4690933,-293915020.7356982,0.047451511467794916
414,S02,Atlas Central,2029-03-01,2427486570.8494577,-244948188.53713703,0.0729394829090837
414,S03,Atlas West,2029-09-01,1272422986.2467897,-171579649.50780463,0.041912590677666506
415,S01,Atlas East,2029-01-01,1465061109.242138,-49339241.68867779,0.10529817603316527
415,S02,Atlas Central,2029-07-01,2132477836.785779,85700602.86555314,0.1402684468666633
415,S03,Atlas West,2030-01-01,1117787364.8291867,-35129428.86218941,0.09961834087381805
416,S01,Atlas East,2029-04-01,1469513868.611936,-202983433.94125605,0.050296762943542905
416,S02,Atlas Central,2029-10-01,2138959075.4240408,-207501512.00970674,0.06197957741426108
416,S03,Atlas West,2030-04-01,1121184655.3113294,-199332211.4310243,-0.020037797565681137
417,S01,Atlas East,2028-10-01,1421477667.0177886,-24543427.899876356,0.11317369125869159
417,S02,Atlas Central,2029-04-01,2069039715.3258924,137658447.03400683,0.1499076488144262
417,S03,Atlas West,2029-10-01,1084534812.6135721,14613146.138645887,0.12760316965106266
418,S01,Atlas East,2029-03-01,1602387032.9736156,-116879950.26752579,0.08536342617263792
418,S02,Atlas Central,2029-09-01,2332363347.9949293,-67818745.69247007,0.10372164700512787
418,S03,Atlas West,2030-03-01,1222561958.4909806,-130209169.34806979,0.04217193618517201
419,S01,Atlas East,2028-10-01,1534182510.9084396,-193242463.9881034,0.06785996862863408
419,S02,Atlas Central,2029-04-01,2233087876.988951,-105687288.7574563,0.09773052204964139
419,S03,Atlas West,2029-10-01,1170524434.2486615,-104922718.35004437,0.0672166030086101
420,S01,Atlas East,2028-08-01,1605769897.3811893,-312534451.4581156,0.04147752486281808
420,S02,Atlas Central,2029-02-01,2337287295.0770645,-280705142.3796947,0.06529954286641848
420,S03,Atlas West,2029-08-01,1225142958.7426853,-188579310.03452003,0.03329337489625028
421,S01,Atlas East,2028-07-01,1511012213.4552453,-69429510.5189501,0.103136172788588
421,S02,Atlas Central,2029-01-01,2199362221.8070793,75046348.15433908,0.1341046226708913
421,S03,Atlas West,2029-07-01,1152846355.4510388,-13660710.561509252,0.11394881921550204
422,S01,Atlas East,2029-03-01,1639705333.2933154,-54119891.57487798,0.10461084318061586
422,S02,Atlas Central,2029-09-01,2386682207.3491592,34775418.95499182,0.12800952140778032
422,S03,Atlas West,2030-03-01,1251034439.4756408,-86388836.83508873,0.07034574371988755
423,S01,Atlas East,2028-11-01,1331008334.320973,293794894.1277014,0.20250288841717223
423,S02,Atlas Central,2029-05-01,1937356575.5116389,594921891.784322,0.25149909942710225
423,S03,Atlas West,2029-11-01,1015510062.4819279,231456420.48450089,0.24402888495897868
424,S01,Atlas East,2028-05-01,1496476418.944686,-114973924.75038052,0.09300647664969608
424,S02,Atlas Central,2028-11-01,2178204565.352821,11882158.11137104,0.12214303618417688
424,S03,Atlas West,2029-05-01,1141756082.602242,-45610628.68243587,0.10075348025795194
425,S01,Atlas East,2028-10-01,1463171354.794352,122054369.64323318,0.15173476986695578
425,S02,Atlas Central,2029-04-01,2129727194.2006683,350580293.3077023,0.19142837706911653
425,S03,Atlas West,2029-10-01,1116345552.1764317,118762623.22015429,0.17799779840971697
426,S01,Atlas East,2028-10-01,1493734584.132317,-88852069.00936377,0.09605252121436703
426,S02,Atlas Central,2029-04-01,2174213672.459262,53425267.76075578,0.13123512038795004
426,S03,Atlas West,2029-10-01,1139664164.189842,-27682656.180671096,0.10607671294763543
427,S01,Atlas East,2028-05-01,1435680643.095337,-8284671.35612011,0.1180276545053689
427,S02,Atlas Central,2028-11-01,2089712936.0609903,154602977.4955957,0.14832274699801484
427,S03,Atlas West,2029-05-01,1095371157.3245904,25211564.47448969,0.13081594045573164
428,S01,Atlas East,2028-12-01,1498286124.690764,-142291236.5814823,0.07879666739145552
428,S02,Atlas Central,2029-06-01,2180838692.605445,-40575543.69116831,0.11073721089224864
428,S03,Atlas West,2029-12-01,1143136821.0603604,-86699702.57486582,0.07196037486544804
429,S01,Atlas East,2028-11-01,1730384661.3964336,-496864963.4127883,-0.013196992990036183
429,S02,Atlas Central,2029-05-01,2518671007.1436977,-548316625.4529333,0.004982021709319273
429,S03,Atlas West,2029-11-01,1320219408.3246865,-328785281.2000247,-0.04490888406798543
430,S01,Atlas East,2028-10-01,1527372686.5392418,-132427544.28297997,0.08466880834437007
430,S02,Atlas Central,2029-04-01,2223175799.2960076,-9960912.375804901,0.1179266402992667
430,S03,Atlas West,2029-10-01,1165328790.4706807,-59367517.31401265,0.09046726498463631
431,S01,Atlas East,2028-05-01,1605568606.5440624,-507041081.0722172,-0.004363091664687513
431,S02,Atlas Central,2028-11-01,2336994305.080802,-559250658.3144064,0.014936748964312851
431,S03,Atlas West,2029-05-01,1224989381.2891736,-326888187.2350354,-0.023251434700767737
432,S01,Atlas East,2028-08-01,1407098608.957774,31384814.97951126,0.12820408291767849
432,S02,Atlas Central,2029-02-01,2048110197.482982,212032599.76649332,0.16304278562208352
432,S03,Atlas West,2029-08-01,1073564123.8714867,54499405.97857106,0.14622693417183985
433,S01,Atlas East,2028-11-01,1392181639.0218363,-160224681.110682,0.07114377365067637
433,S02,Atlas Central,2029-05-01,2026397719.020673,-62271689.66078901,0.10515431879016979
433,S03,Atlas West,2029-11-01,1062183028.2907345,-88428253.73616278,0.06919550995181845
434,S01,Atlas East,2029-03-01,1672990751.6413221,-238801091.45348,0.05015883750233807
434,S02,Atlas Central,2029-09-01,2435130982.9445915,-227877882.59182596,0.0661924461185266
434,S03,Atlas West,2030-03-01,1276429980.881898,-208762281.33011055,-0.0024763193936078176
435,S01,Atlas East,2028-05-01,1399533749.470858,67745932.3470136,0.13619312007747508
435,S02,Atlas Central,2028-11-01,2037099124.2298045,268895008.0475123,0.16943726263191894
435,S03,Atlas West,2029-05-01,1067792416.2629509,81652560.47392356,0.15518524250569055
436,S01,Atlas East,2029-02-01,1598031522.966215,-194241235.6472472,0.06305269129199376
436,S02,Atlas Central,2029-08-01,2326023661.2063794,-139430953.620008,0.08731112717646838
436,S03,Atlas West,2030-02-01,1219238865.6705194,-154548117.7922064,0.030661887575592406
437,S01,Atlas East,2028-07-01,1617288653.8853369,-21887648.450630903,0.1150884961492562
437,S02,Atlas Central,2029-01-01,2354053485.099768,160102419.73810935,0.14779470294447528
437,S03,Atlas West,2029-07-01,1233931343.3347385,25588790.780476928,0.1304672722541278
438,S01,Atlas East,2028-08-01,1658595035.366895,-185400250.12354243,0.07658012853882079
438,S02,Atlas Central,2029-02-01,2414177218.145147,-85010177.66108274,0.10453977588253371
438,S03,Atlas West,2029-08-01,1265446582.5391865,-93493513.26072359,0.0798473835259319
439,S01,Atlas East,2028-08-01,1429953915.744681,-152929117.1716833,0.07852589789666586
439,S02,Atlas Central,2029-02-01,2081377366.2505913,-59423000.47943473,0.10750323424188157
439,S03,Atlas West,2029-08-01,1091001876.457053,-78515396.27737558,0.08092975896389842
440,S01,Atlas East,2028-10-01,1475901580.790431,-2275312.49102664,0.11939376269765378
440,S02,Atlas Central,2029-04-01,2148256745.372738,163287840.41638947,0.15407517697435336
440,S03,Atlas West,2029-10-01,1126058243.121588,27592672.68459606,0.1337781253746093
441,S01,Atlas East,2028-12-01,1574114502.3010135,-157296954.2431363,0.07645390800153673
441,S02,Atlas Central,2029-06-01,2291211108.904809,-54440743.797830105,0.10812543641300487
441,S03,Atlas West,2029-12-01,1200991064.7185512,-95732578.23713934,0.06935888823888847
442,S01,Atlas East,2028-12-01,1589364776.6022167,15987904.526226044,0.12418845218476626
442,S02,Atlas Central,2029-06-01,2313408730.3876715,196162085.01052833,0.1606274552819995
442,S03,Atlas West,2029-12-01,1212626459.185395,25405828.039313197,0.1327855761772201
443,S01,Atlas East,2029-01-01,1568399749.6163979,-174848929.44380486,0.06963971473823283
443,S02,Atlas Central,2029-07-01,2282892968.8860903,-92037834.41693711,0.09898162261359644
443,S03,Atlas West,2030-01-01,1196630920.0776958,-121775202.96202528,0.05200196197824081
444,S01,Atlas East,2028-06-01,1425569255.1509786,73235117.70932698,0.13763348863796043
444,S02,Atlas Central,2028-12-01,2074995249.1642025,282910883.1607268,0.1725427732671272
444,S03,Atlas West,2029-06-01,1087656542.8188946,88457250.09304404,0.15864441534490958
445,S01,Atlas East,2028-10-01,1592299003.144421,14695125.272295713,0.12361520281291893
445,S02,Atlas Central,2029-04-01,2317679660.1324353,197127692.44058084,0.15802158819727863
445,S03,Atlas West,2029-10-01,1214865165.3620396,42340509.53738427,0.13952756617102868
446,S01,Atlas East,2028-11-01,1480502210.330203,-78102275.61702502,0.09816690883098023
446,S02,Atlas Central,2029-05-01,2154953217.258407,54637176.23792076,0.13199064984641273
446,S03,Atlas West,2029-11-01,1129568353.0667477,-32683579.980992675,0.10271859307950049
447,S01,Atlas East,2028-09-01,1597414350.1438518,-22922298.018559456,0.11448501110715936
447,S02,Atlas Central,2029-03-01,2325125331.876051,144976986.39422345,0.1472168122505053
447,S03,Atlas West,2029-09-01,1218767985.665309,20089188.53463602,0.12895977382486734
448,S01,Atlas East,2028-07-01,1516483797.679324,-236175472.89630294,0.0600660271252782
448,S02,Atlas Central,2029-01-01,2207326416.622127,-164632724.23023534,0.08776342976013285
448,S03,Atlas West,2029-07-01,1157020971.5627437,-131999200.76704931,0.05914152484148705
449,S01,Atlas East,2028-08-01,1496848206.0144846,181137914.62461388,0.16294954983477838
449,S02,Atlas Central,2029-02-01,2178745722.08775,439914013.6448927,0.2011506328685686
449,S03,Atlas West,2029-08-01,1142039742.3666067,165044345.16297472,0.19220110224621267
450,S01,Atlas East,2029-02-01,1407056140.0291233,119843374.43998611,0.15669184777593226
450,S02,Atlas Central,2029-08-01,2048048381.5979466,293326798.4659145,0.19220104121639792
450,S03,Atlas West,2030-02-01,1073531721.65185,55128175.374777675,0.15370508543568917
451,S01,Atlas East,2028-11-01,1502614923.7295942,-94567429.4138099,0.093839337480357
451,S02,Atlas Central,2029-05-01,2187139500.095299,36412376.023247,0.1279016784307876
451,S03,Atlas West,2029-11-01,1146439534.401098,-42084924.77488899,0.0980031058812707
452,S01,Atlas East,2029-02-01,1426761136.0800977,-45702138.964155555,0.10555604004824004
452,S02,Atlas Central,2029-08-01,2076730098.0721424,59402744.33351731,0.13504457607033538
452,S03,Atlas West,2030-02-01,1088565903.8240747,-53443498.405362844,0.08651334367650887
453,S01,Atlas East,2028-08-01,1397847215.6554732,142137238.3929999,0.1563121333190598
453,S02,Atlas Central,2029-02-01,2034644280.5651891,375186914.8341868,0.19449494161753145
453,S03,Atlas West,2029-08-01,1066505653.4260278,134322445.1058761,0.18329157303691246
454,S01,Atlas East,2028-05-01,1509111515.757047,-137123376.54174745,0.08787900102966795
454,S02,Atlas Central,2028-11-01,2196595650.7130346,-14158637.916236639,0.11745507540084099
454,S03,Atlas West,2029-05-01,1151396193.5035245,-58956209.74639654,0.09520870512606328
455,S01,Atlas East,2028-07-01,1567029669.421702,-53665351.36066699,0.10747848408132832
455,S02,Atlas Central,2029-01-01,2280898741.047144,100090659.5073371,0.13808578365727553
455,S03,Atlas West,2029-07-01,1195585599.632854,-2619662.3809247017,0.11888465536163229
456,S01,Atlas East,2028-04-01,1445047398.4119067,-66280626.34647131,0.10451254651593267
456,S02,Atlas Central,2028-10-01,2103346768.7995534,79973740.44405651,0.13431176823301838
456,S03,Atlas West,2029-04-01,1102517644.7142696,-12225227.68663776,0.11489494016924451
457,S01,Atlas East,2028-07-01,1501775004.6368246,-115213683.20958221,0.09148368826340891
457,S02,Atlas Central,2029-01-01,2185916951.1936,13475220.979970455,0.12257625145416684
457,S03,Atlas West,2029-07-01,1145798707.241429,-44783331.76346457,0.09981825796556953
458,S01,Atlas East,2028-07-01,1575942652.6481276,-270076548.4141246,0.05362460721541873
458,S02,Atlas Central,2029-01-01,2293872083.298941,-207625061.0220616,0.080622440165669
458,S03,Atlas West,2029-07-01,1202385875.7241268,-153434647.29897654,0.05153142501592134
459,S01,Atlas East,2028-10-01,1345487939.7524354,-7843185.426286578,0.11770564839856079
459,S02,Atlas Central,2029-04-01,1958432445.639656,150949661.3245101,0.15450715841610374
459,S03,Atlas West,2029-10-01,1026557465.1444507,23075577.78181553,0.13263954367140318
460,S01,Atlas East,2029-02-01,1588858306.882774,6958659.110601664,0.12194614451718411
460,S02,Atlas Central,2029-08-01,2312671535.5738153,148936864.8948853,0.15342780415101176
460,S03,Atlas West,2030-02-01,1212240041.547598,-18989154.404395103,0.10945153026589516
461,S01,Atlas East,2028-11-01,1649989461.4941592,-449425099.2089777,-0.0052124409707234864
461,S02,Atlas Central,2029-05-01,2401651327.285943,-481568770.647027,0.015086813136821586
461,S03,Atlas West,2029-11-01,1258880848.3992474,-295705492.34388125,-0.0342664345635898
462,S01,Atlas East,2028-09-01,1544624108.500974,-106723288.15957189,0.09288237790571663
462,S02,Atlas Central,2029-03-01,2248286202.37364,37276906.504651785,0.1273584678846873
462,S03,Atlas West,2029-09-01,1178490986.4859283,-33173967.755324602,0.10443846701496451
463,S01,Atlas East,2029-02-01,1356284950.625155,159325561.46086848,0.1699832306910587
463,S02,Atlas Central,2029-08-01,1974148094.798837,352938774.9447727,0.20898042295432306
463,S03,Atlas West,2030-02-01,1034795184.5510442,85094023.29253078,0.1733583788034916
464,S01,Atlas East,2028-08-01,1396273575.9604316,-132635421.17352223,0.08338977754911592
464,S02,Atlas Central,2029-02-01,2032353760.5646281,-34463197.971399784,0.11261910451272206
464,S03,Atlas West,2029-08-01,1065305024.6216624,-65522902.08873677,0.08678011435115818
465,S01,Atlas East,2028-07-01,1550053303.2541065,21005281.576637745,0.1248597875704951
465,S02,Atlas Central,2029-01-01,2256188696.958755,210623007.8740387,0.1577487747523021
465,S03,Atlas West,2029-07-01,1182633261.0012813,52230295.199676156,0.1420695706493078
466,S01,Atlas East,2029-01-01,1370747682.8739343,145775490.1928407,0.1640096337488688
466,S02,Atlas Central,2029-07-01,1995199405.0720596,365687686.73596,0.2077837852632023
466,S03,Atlas West,2030-01-01,1045829713.6001128,101019129.25615263,0.17971950608959952
467,S01,Atlas East,2028-11-01,1458079962.3600538,140641845.50559044,0.15768781430381895
467,S02,Atlas Central,2029-05-01,2122316389.6574116,376493799.6558857,0.19936835851802326
467,S03,Atlas West,2029-11-01,1112461008.319152,123675773.574777,0.18299266313074902
468,S01,Atlas East,2028-06-01,1520279194.3978977,-296188080.78350794,0.045725457026618344
468,S02,Atlas Central,2028-12-01,2212850827.4013844,-260097846.82317352,0.06979386526907438
468,S03,Atlas West,2029-06-01,1159916718.6887665,-178893930.942338,0.03903828576726864
469,S01,Atlas East,2028-07-01,1407018276.068869,-231621700.0519595,0.05645710752210653
469,S02,Atlas Central,2029-01-01,2047993268.5002427,-168224925.43403888,0.0844202408305399
469,S03,Atlas West,2029-07-01,1073502832.8525445,-131881690.14233649,0.054263846208117306
470,S01,Atlas East,2028-05-01,1509718847.275966,-196162345.57326937,0.07320804569177763
470,S02,Atlas Central,2028-11-01,2197479655.4794617,-107812381.9333744,0.10026365859658304
470,S03,Atlas West,2029-05-01,1151859564.9587,-105138543.2999233,0.07499281438663252
471,S01,Atlas East,2028-08-01,1545859219.8104234,-266568019.06326652,0.051054550739501936
471,S02,Atlas Central,2029-02-01,2250083975.5018387,-212106132.93438625,0.07752083768924511
471,S03,Atlas West,2029-08-01,1179433330.670175,-155079623.85665214,0.046645314886911926
472,S01,Atlas East,2028-09-01,1423899461.146232,21129644.348786116,0.12562428388567626
472,S02,Atlas Central,2029-03-01,2072564771.22396,208105272.98420048,0.16311637358703557
472,S03,Atlas West,2029-09-01,1086382551.8374956,52686056.32097018,0.14599139270826034
473,S01,Atlas East,2028-09-01,1601168161.305696,-92466589.06720746,0.0974396664936823
473,S02,Atlas Central,2029-03-01,2330589212.5671797,49017512.61991453,0.1293200746197387
473,S03,Atlas West,2029-09-01,1221632004.551753,-26768896.467183948,0.10791463281841063
474,S01,Atlas East,2028-09-01,1354269685.2617428,126150569.30653083,0.1542749902858429
474,S02,Atlas Central,2029-03-01,1971214764.1032035,351385723.8547647,0.1944286294226869
474,S03,Atlas West,2029-09-01,1033257611.7182186,124180953.71539712,0.18272152008336984
475,S01,Atlas East,2028-07-01,1517957069.0879788,-148640971.5741279,0.08325276715639807
475,S02,Atlas Central,2029-01-01,2209470845.005836,-48800726.833503485,0.11065966001588112
475,S03,Atlas West,2029-07-01,1158145023.0819395,-74257857.05275488,0.08652895673069705
476,S01,Atlas East,2028-09-01,1476567965.3687048,98221208.85537386,0.14477481864368769
476,S02,Atlas Central,2029-03-01,2149226705.1477814,314546297.4354756,0.1819140377791144
476,S03,Atlas West,2029-09-01,1126566669.873901,104393606.3441596,0.1689216755676317
477,S01,Atlas East,2028-11-01,1476656794.6388764,10451531.007475972,0.12285819237151219
477,S02,Atlas Central,2029-05-01,2149356001.085476,187254465.5112331,0.16023309100356964
477,S03,Atlas West,2029-11-01,1126634443.3170688,31297876.14456141,0.13622276288009671
478,S01,Atlas East,2028-08-01,1384044520.4549851,-12523165.712097168,0.11663516041639355
478,S02,Atlas Central,2029-02-01,2014553690.8844786,144516073.67932034,0.15015021118976946
478,S03,Atlas West,2029-08-01,1055974708.1989886,22098087.80918598,0.13092775311701876
479,S01,Atlas East,2029-03-01,1347898170.409627,-18679034.238551736,0.11360571116648832
479,S02,Atlas Central,2029-09-01,1961940670.2629013,77534772.99978924,0.14146001360357552
479,S03,Atlas West,2030-03-01,1028396381.8680857,-55178766.59493315,0.08173644278195358
480,S01,Atlas East,2028-07-01,1422966054.8662467,-103050073.4539988,0.09317046401833307
480,S02,Atlas Central,2029-01-01,2071206146.5275369,18873727.302401066,0.12379870109196389
480,S03,Atlas West,2029-07-01,1085670397.4164696,-39965217.47095716,0.10103046398215221
481,S01,Atlas East,2028-07-01,1379411086.200212,45817866.123895764,0.1318051713804569
481,S02,Atlas Central,2029-01-01,2007809469.913642,234474289.98477244,0.16674662964018538
481,S03,Atlas West,2029-07-01,1052439569.471273,65869332.92864227,0.1510172181287588
482,S01,Atlas East,2028-05-01,1665596197.4067311,-465655873.28378487,0.011735841505451594
482,S02,Atlas Central,2028-11-01,2424367798.4475756,-498333265.58680654,0.031106696567867465
482,S03,Atlas West,2029-05-01,1270788209.8732839,-298119224.90863097,-0.00400660905038297
483,S01,Atlas East,2028-11-01,1524508258.4692545,253510207.00872922,0.18336266616247388
483,S02,Atlas Central,2029-05-01,2219006465.105248,539987679.6550336,0.2264765465305374
483,S03,Atlas West,2029-11-01,1163143337.943209,202317763.9142934,0.21644227637227087
484,S01,Atlas East,2028-11-01,1473831103.9122078,-174144129.63705575,0.06966651373430621
484,S02,Atlas Central,2029-05-01,2145243051.2499914,-77834803.43533516,0.10240289969429917
484,S03,Atlas West,2029-11-01,1124478545.9478328,-98016795.38937485,0.06664485816810739
485,S01,Atlas East,2028-09-01,1536184875.3463316,195468316.78541493,0.16633840333761918
485,S02,Atlas Central,2029-03-01,2236002429.6707716,457314176.76798725,0.2047877066801791
485,S03,Atlas West,2029-09-01,1172052164.153127,174538555.58758473,0.1970535741402215
486,S01,Atlas East,2028-12-01,1401323489.9982958,7807610.831257939,0.12231949183110746
486,S02,Atlas Central,2029-06-01,2039704190.9975195,172678602.82798457,0.1604892721384834
486,S03,Atlas West,2029-12-01,1069157921.9986998,18083788.52414298,0.13032202299480788
487,S01,Atlas East,2028-08-01,1614111350.5161138,-320364886.76499164,0.03976062855473783
487,S02,Atlas Central,2029-02-01,2349428743.529011,-290715055.108454,0.0635333857065612
487,S03,Atlas West,2029-08-01,1231507178.541924,-193211242.55256748,0.03147278523828634
488,S01,Atlas East,2028-07-01,1544235613.8496227,-319844013.1581241,0.0382712541542205
488,S02,Atlas Central,2029-01-01,2247720726.825562,-292763185.518687,0.06225178593301406
488,S03,Atlas West,2029-07-01,1178194579.4556382,-194670156.3793434,0.02968688616487203
489,S01,Atlas East,2028-09-01,1551856244.0924816,-70648898.69557142,0.10228498619926985
489,S02,Atlas Central,2029-03-01,2258812977.51239,70497068.3966968,0.13378350080955026
489,S03,Atlas West,2029-09-01,1184008838.0853748,-15958300.673047543,0.11258787012783555
490,S01,Atlas East,2028-11-01,1486658862.0104094,-156235627.8876388,0.07558052297213558
490,S02,Atlas Central,2029-05-01,2163914565.815151,-62514699.12090421,0.10604811177446116
490,S03,Atlas West,2029-11-01,1134265650.2746086,-88986006.31854212,0.07220640633684017
491,S01,Atlas East,2029-05-01,1424620897.6169457,77524944.07073855,0.14619152395862933
491,S02,Atlas Central,2029-11-01,2073614862.0868878,139775970.94526172,0.1592566120751544
491,S03,Atlas West,2030-05-01,1086932981.1447809,-56434046.1473794,0.07936498141135084
492,S01,Atlas East,2028-08-01,1589200656.9610798,-73840094.63627565,0.10245017560021763
492,S02,Atlas Central,2029-02-01,2313169845.132239,87062723.71314263,0.13604133622815584
492,S03,Atlas West,2029-08-01,1212501241.9777129,-9552267.829645157,0.11583600073175382
493,S01,Atlas East,2028-07-01,1646334700.0642123,-273797775.67104816,0.0557637755866518
493,S02,Atlas Central,2029-01-01,2396331618.9823537,-212268813.56516385,0.08150146813377179
493,S03,Atlas West,2029-07-01,1256092400.7897325,-155909422.66569138,0.053515984503078595
494,S01,Atlas East,2028-08-01,1646736234.5320387,-231535822.05578578,0.0647093872080089
494,S02,Atlas Central,2029-02-01,2396916074.7077456,-138070105.00602627,0.09448117728506755
494,S03,Atlas West,2029-08-01,1256398756.717037,-120518799.91708076,0.06738730270578452
495,S01,Atlas East,2028-08-01,1505385181.0408921,-137823402.33431995,0.08477352490682288
495,S02,Atlas Central,2029-02-01,2191171763.5150766,-29190229.872069597,0.11420883829849782
495,S03,Atlas West,2029-08-01,1148553138.1274958,-64166128.37595332,0.08989191024653298
496,S01,Atlas East,2028-09-01,1536820441.8548746,-290759117.72920024,0.041549326448032
496,S02,Atlas Central,2029-03-01,2236927532.033207,-245954167.58932662,0.0684904695893076
496,S03,Atlas West,2029-09-01,1172537077.8596454,-171371047.91899502,0.034889559889096144
497,S01,Atlas East,2028-11-01,1556169565.4842575,-56148508.90675819,0.10517410566886176
497,S02,Atlas Central,2029-05-01,2265091256.427086,101276431.89815116,0.1409878813458174
497,S03,Atlas West,2029-11-01,1187299742.5546558,-11840227.758744478,0.11408879564748697
498,S01,Atlas East,2028-06-01,1523316818.036573,-403097823.82046044,0.015668961481895005
498,S02,Atlas Central,2028-12-01,2217272257.364345,-415094086.22047114,0.03743634286137221
498,S03,Atlas West,2029-06-01,1162234313.0204964,-254853322.91023588,0.0012198571127683966
499,S01,Atlas East,2028-07-01,1524542969.31343,-64488223.2690388,0.10450365817474982
499,S02,Atlas Central,2029-01-01,2219056988.667326,93176386.82093453,0.1373000267888329
499,S03,Atlas West,2029-07-01,1163169821.0317283,-5802547.655786395,0.11746006503690731
500,S01,Atlas East,2028-10-01,1486937319.5179949,105897243.27195823,0.14723915235651397
500,S02,Atlas Central,2029-04-01,2164319876.1873035,322067797.00733113,0.18497304649411772
500,S03,Atlas West,2029-10-01,1134478103.0396552,105287597.7014296,0.1708746622738162
