site_id,month,site_name,region,it_load_mw,pue,total_facility_mw,target_power_ready,target_rfs,initial_gpu_count,target_gpu_count,price_per_gpu_hour,power_cost_per_mwh,fixed_opex_monthly,variable_opex_per_gpu_hour,utilization_at_rfs,utilization_mature,months_to_mature,gpu_ramp_months,equity_pct,debt_pct,debt_rate_annual,debt_tenor_years,minimum_equity_first_pct,commissioning,construction_start,design_complete,power_ready,ready_for_service,site_control,scenario,rfs_month,power_gate_open,commissioning_gate_open,rfs_gate_open,capex_usd,gpu_capex_usd,months_since_rfs,utilization,gpu_online,it_load_online_mw,facility_load_online_mw,gpu_hours_available,gpu_hours_sold,price_per_gpu_hour_scenario,revenue_usd,power_mwh,power_cost_usd,fixed_opex_usd,variable_opex_usd,opex_usd,ebitda_usd,equity_draw_usd,debt_draw_usd,interest_during_construction_usd,cash_interest_usd,principal_repayment_usd,ending_debt_balance_usd,debt_service_usd,taxable_income_proxy_usd,cash_tax_usd,operating_cash_flow_usd,unlevered_free_cash_flow_usd,equity_cash_flow_usd,net_cash_flow_post_financing_usd,grant_funding_usd,customer_prepayment_usd,equipment_finance_usd,sponsor_equity_draw_usd,maintenance_capex_usd,cads_usd,dscr,rolling_12m_cads_usd,rolling_12m_debt_service_usd,rolling_12m_dscr,adjusted_equity_cash_flow_usd,capital_stack
S01,2027-01-01,Atlas East,Virginia,60,1.25,75.0,2028-01-01,2028-04-01,0,12000,3.5,62,4200000,0.18,0.25,0.82,18,9,0.25,0.75,0.072,10.0,0.15,2028-02-01,2027-06-01,2027-05-01,2028-01-01,2028-04-01,2027-01-01,base,2028-04-01,False,False,False,2952338.135667544,0.0,-15,0.0,0,0.0,0.0,0,0.0,3.5,0.0,0.0,0.0,0.0,0.0,0.0,0.0,2952338.135667544,0.0,0.0,0.0,0.0,0.0,0.0,0.0,0.0,0.0,-2952338.135667544,-2952338.135667544,0.0,0.0,0.0,147616.9067833772,2952338.135667544,0.0,0.0,,,,,-2952338.135667544,project_finance
S01,2027-02-01,Atlas East,Virginia,60,1.25,75.0,2028-01-01,2028-04-01,0,12000,3.5,62,4200000,0.18,0.25,0.82,18,9,0.25,0.75,0.072,10.0,0.15,2028-02-01,2027-06-01,2027-05-01,2028-01-01,2028-04-01,2027-01-01,base,2028-04-01,False,False,False,19950059.688890066,0.0,-14,0.0,0,0.0,0.0,0,0.0,3.5,0.0,0.0,0.0,0.0,0.0,0.0,0.0,19950059.688890066,0.0,0.0,0.0,0.0,0.0,0.0,0.0,0.0,0.0,-19950059.688890066,-19950059.688890066,0.0,0.0,0.0,997502.9844445033,19950059.688890066,0.0,0.0,,,,,-19950059.688890066,project_finance
S01,2027-03-01,Atlas East,Virginia,60,1.25,75.0,2028-01-01,2028-04-01,0,12000,3.5,62,4200000,0.18,0.25,0.82,18,9,0.25,0.75,0.072,10.0,0.15,2028-02-01,2027-06-01,2027-05-01,2028-01-01,2028-04-01,2027-01-01,base,2028-04-01,False,False,False,19143661.813204482,0.0,-13,0.0,0,0.0,0.0,0,0.0,3.5,0.0,0.0,0.0,0.0,0.0,0.0,0.0,19143661.813204482,0.0,0.0,0.0,0.0,0.0,0.0,0.0,0.0,0.0,-19143661.813204482,-19143661.813204482,0.0,0.0,0.0,957183.0906602242,19143661.813204482,0.0,0.0,,,,,-19143661.813204482,project_finance
S01,2027-04-01,Atlas East,Virginia,60,1.25,75.0,2028-01-01,2028-04-01,0,12000,3.5,62,4200000,0.18,0.25,0.82,18,9,0.25,0.75,0.072,10.0,0.15,2028-02-01,2027-06-01,2027-05-01,2028-01-01,2028-04-01,2027-01-01,base,2028-04-01,False,False,False,13148149.546374992,0.0,-12,0.0,0,0.0,0.0,0,0.0,3.5,0.0,0.0,0.0,0.0,0.0,0.0,0.0,13148149.546374992,0.0,0.0,0.0,0.0,0.0,0.0,0.0,0.0,0.0,-13148149.546374992,-13148149.546374992,0.0,0.0,0.0,657407.4773187496,13148149.546374992,0.0,0.0,,,,,-13148149.546374992,project_finance
S01,2027-05-01,Atlas East,Virginia,60,1.25,75.0,2028-01-01,2028-04-01,0,12000,3.5,62,4200000,0.18,0.25,0.82,18,9,0.25,0.75,0.072,10.0,0.15,2028-02-01,2027-06-01,2027-05-01,2028-01-01,2028-04-01,2027-01-01,base,2028-04-01,False,False,False,8896179.714969855,0.0,-11,0.0,0,0.0,0.0,0,0.0,3.5,0.0,0.0,0.0,0.0,0.0,0.0,0.0,8896179.714969855,0.0,0.0,0.0,0.0,0.0,0.0,0.0,0.0,0.0,-8896179.714969855,-8896179.714969855,0.0,0.0,0.0,444808.98574849276,8896179.714969855,0.0,0.0,,,,,-8896179.714969855,project_finance
S01,2027-06-01,Atlas East,Virginia,60,1.25,75.0,2028-01-01,2028-04-01,0,12000,3.5,62,4200000,0.18,0.25,0.82,18,9,0.25,0.75,0.072,10.0,0.15,2028-02-01,2027-06-01,2027-05-01,2028-01-01,2028-04-01,2027-01-01,base,2028-04-01,False,False,False,23163564.590840273,0.0,-10,0.0,0,0.0,0.0,0,0.0,3.5,0.0,0.0,0.0,0.0,0.0,0.0,0.0,23163564.590840273,0.0,0.0,0.0,0.0,0.0,0.0,0.0,0.0,0.0,-23163564.590840273,-23163564.590840273,0.0,0.0,0.0,1158178.2295420137,23163564.590840273,0.0,0.0,,,,,-23163564.590840273,project_finance
S01,2027-07-01,Atlas East,Virginia,60,1.25,75.0,2028-01-01,2028-04-01,0,12000,3.5,62,4200000,0.18,0.25,0.82,18,9,0.25,0.75,0.072,10.0,0.15,2028-02-01,2027-06-01,2027-05-01,2028-01-01,2028-04-01,2027-01-01,base,2028-04-01,False,False,False,48607218.002984904,0.0,-9,0.0,0,0.0,0.0,0,0.0,3.5,0.0,0.0,0.0,0.0,0.0,0.0,0.0,48607218.002984904,0.0,0.0,0.0,0.0,0.0,0.0,0.0,0.0,0.0,-48607218.002984904,-48607218.002984904,0.0,0.0,0.0,2430360.9001492453,48607218.002984904,0.0,0.0,,,,,-48607218.002984904,project_finance
S01,2027-08-01,Atlas East,Virginia,60,1.25,75.0,2028-01-01,2028-04-01,0,12000,3.5,62,4200000,0.18,0.25,0.82,18,9,0.25,0.75,0.072,10.0,0.15,2028-02-01,2027-06-01,2027-05-01,2028-01-01,2028-04-01,2027-01-01,base,2028-04-01,False,False,False,88273639.40653794,0.0,-8,0.0,0,0.0,0.0,0,0.0,3.5,0.0,0.0,0.0,0.0,0.0,0.0,0.0,72047531.23193543,16226108.174602512,97356.64904761506,0.0,0.0,16323464.823650127,0.0,0.0,0.0,0.0,-88273639.40653794,-72047531.23193543,3.725290298461914e-09,0.0,0.0,4413681.970326897,72047531.23193543,0.0,0.0,,,,,-72047531.23193543,project_finance
S01,2027-09-01,Atlas East,Virginia,60,1.25,75.0,2028-01-01,2028-04-01,0,12000,3.5,62,4200000,0.18,0.25,0.82,18,9,0.25,0.75,0.072,10.0,0.15,2028-02-01,2027-06-01,2027-05-01,2028-01-01,2028-04-01,2027-01-01,base,2028-04-01,False,False,False,127940060.81009096,0.0,-7,0.0,0,0.0,0.0,0,0.0,3.5,0.0,0.0,0.0,0.0,0.0,0.0,0.0,31985015.20252274,95955045.60756822,673671.06258731,0.0,0.0,112952181.49380565,0.0,0.0,0.0,0.0,-127940060.81009096,-31985015.20252274,0.0,0.0,0.0,6397003.040504549,31985015.20252274,0.0,0.0,,,,,-31985015.20252274,project_finance
S01,2027-10-01,Atlas East,Virginia,60,1.25,75.0,2028-01-01,2028-04-01,0,12000,3.5,62,4200000,0.18,0.25,0.82,18,9,0.25,0.75,0.072,10.0,0.15,2028-02-01,2027-06-01,2027-05-01,2028-01-01,2028-04-01,2027-01-01,base,2028-04-01,False,False,False,159778356.60462138,0.0,-6,0.0,0,0.0,0.0,0,0.0,3.5,0.0,0.0,0.0,0.0,0.0,0.0,0.0,39944589.151155345,119833767.45346603,1396715.6936836299,0.0,0.0,234182664.6409553,0.0,0.0,0.0,0.0,-159778356.60462138,-39944589.15115535,0.0,0.0,0.0,7988917.83023107,39944589.151155345,0.0,0.0,,,,,-39944589.15115535,project_finance
S01,2027-11-01,Atlas East,Virginia,60,1.25,75.0,2028-01-01,2028-04-01,0,12000,3.5,62,4200000,0.18,0.25,0.82,18,9,0.25,0.75,0.072,10.0,0.15,2028-02-01,2027-06-01,2027-05-01,2028-01-01,2028-04-01,2027-01-01,base,2028-04-01,False,False,False,160881344.95668158,0.0,-5,0.0,0,0.0,0.0,0,0.0,3.5,0.0,0.0,0.0,0.0,0.0,0.0,0.0,40220336.239170395,120661008.71751118,2129062.040150799,0.0,0.0,356972735.3986173,0.0,0.0,0.0,0.0,-160881344.95668158,-40220336.2391704,0.0,0.0,0.0,8044067.247834079,40220336.239170395,0.0,0.0,,,,,-40220336.2391704,project_finance
S01,2027-12-01,Atlas East,Virginia,60,1.25,75.0,2028-01-01,2028-04-01,0,12000,3.5,62,4200000,0.18,0.25,0.82,18,9,0.25,0.75,0.072,10.0,0.15,2028-02-01,2027-06-01,2027-05-01,2028-01-01,2028-04-01,2027-01-01,base,2028-04-01,False,False,False,93512995.72912401,0.0,-4,0.0,0,0.0,0.0,0,0.0,3.5,0.0,0.0,0.0,0.0,0.0,0.0,0.0,23378248.932281002,70134746.796843,2562644.8931727614,0.0,0.0,429670127.08863306,0.0,0.0,0.0,0.0,-93512995.72912401,-23378248.932281002,0.0,0.0,0.0,4675649.7864562,23378248.932281002,0.0,0.0,,0.0,0.0,,-23378248.932281002,project_finance
S01,2028-01-01,Atlas East,Virginia,60,1.25,75.0,2028-01-01,2028-04-01,0,12000,3.5,62,4200000,0.18,0.25,0.82,18,9,0.25,0.75,0.072,10.0,0.15,2028-02-01,2027-06-01,2027-05-01,2028-01-01,2028-04-01,2027-01-01,base,2028-04-01,True,False,False,84216297.1702724,24172661.870503593,-3,0.0,0,0.0,0.0,0,0.0,3.5,0.0,0.0,0.0,0.0,0.0,0.0,0.0,21054074.2925681,63162222.87770429,2956994.0997980237,0.0,0.0,495789344.06613535,0.0,0.0,0.0,0.0,-84216297.1702724,-21054074.292568102,0.0,0.0,0.0,4210814.85851362,21054074.2925681,0.0,0.0,,0.0,0.0,,-21054074.292568102,project_finance
S01,2028-02-01,Atlas East,Virginia,60,1.25,75.0,2028-01-01,2028-04-01,0,12000,3.5,62,4200000,0.18,0.25,0.82,18,9,0.25,0.75,0.072,10.0,0.15,2028-02-01,2027-06-01,2027-05-01,2028-01-01,2028-04-01,2027-01-01,base,2028-04-01,True,True,False,187593687.7865741,143884892.08633092,-2,0.0,0,0.0,0.0,0,0.0,3.5,0.0,0.0,0.0,0.0,0.0,0.0,0.0,46898421.946643524,140695265.83993056,3818907.6594363954,0.0,0.0,640303517.5655023,0.0,0.0,0.0,0.0,-187593687.7865741,-46898421.94664353,0.0,0.0,0.0,9379684.389328705,46898421.946643524,0.0,0.0,,0.0,0.0,,-46898421.94664353,project_finance
S01,2028-03-01,Atlas East,Virginia,60,1.25,75.0,2028-01-01,2028-04-01,0,12000,3.5,62,4200000,0.18,0.25,0.82,18,9,0.25,0.75,0.072,10.0,0.15,2028-02-01,2027-06-01,2027-05-01,2028-01-01,2028-04-01,2027-01-01,base,2028-04-01,True,True,False,287769784.17266184,287769784.17266184,-1,0.0,0,0.0,0.0,0,0.0,3.5,0.0,0.0,0.0,0.0,0.0,0.0,0.0,71942446.04316546,215827338.1294964,5136785.134169992,0.0,0.0,861267640.8291687,0.0,0.0,0.0,0.0,-287769784.17266184,-71942446.04316545,0.0,0.0,0.0,14388489.208633093,71942446.04316546,0.0,0.0,,0.0,0.0,,-71942446.04316545,project_finance
S01,2028-04-01,Atlas East,Virginia,60,1.25,75.0,2028-01-01,2028-04-01,0,12000,3.5,62,4200000,0.18,0.25,0.82,18,9,0.25,0.75,0.072,10.0,0.15,2028-02-01,2027-06-01,2027-05-01,2028-01-01,2028-04-01,2027-01-01,base,2028-04-01,True,True,True,24172661.870503593,24172661.870503593,0,0.25,1333,6.665,8.33125,959760,239940.0,3.5,839790.0,1499.6250000000002,92976.75000000001,4200000.0,43189.2,4336165.95,-3496375.95,6043165.467625898,18129496.402877696,0.0,5276382.823392278,7328309.47693372,872068827.7551126,12604692.300325997,0.0,0.0,-3496375.95,-27669037.820503592,-22144233.717951894,-16101068.250325996,0.0,0.0,1208633.0935251797,6043165.467625898,16795.8,-3513171.75,-0.27871935833841327,-3513171.75,12604692.300325997,-0.27871935833841327,-22161029.517951895,project_finance
S01,2028-05-01,Atlas East,Virginia,60,1.25,75.0,2028-01-01,2028-04-01,0,12000,3.5,62,4200000,0.18,0.25,0.82,18,9,0.25,0.75,0.072,10.0,0.15,2028-02-01,2027-06-01,2027-05-01,2028-01-01,2028-04-01,2027-01-01,base,2028-04-01,True,True,True,0.0,0.0,1,0.2816666666666667,2666,13.33,16.6625,1983504,558686.96,3.5,1955404.3599999999,3491.7935000000007,216491.19700000004,4200000.0,100563.6528,4517054.8498,-2561650.4898,0.0,0.0,0.0,5232412.966530675,7328309.47693372,864740518.2781789,12560722.443464395,0.0,0.0,-2561650.4898,-2561650.4898,-15122372.933264395,-15122372.933264395,0.0,0.0,0.0,0.0,39108.0872,-2600758.577,-0.20705485601691875,-6113930.327,25165414.74379039,-0.24294971448895442,-15161481.020464394,project_finance
S01,2028-06-01,Atlas East,Virginia,60,1.25,75.0,2028-01-01,2028-04-01,0,12000,3.5,62,4200000,0.18,0.25,0.82,18,9,0.25,0.75,0.072,10.0,0.15,2028-02-01,2027-06-01,2027-05-01,2028-01-01,2028-04-01,2027-01-01,base,2028-04-01,True,True,True,0.0,0.0,2,0.31333333333333335,4000,20.0,25.0,2880000,902400.0,3.5,3158400.0,5640.0,349680.0,4200000.0,162432.0,4712112.0,-1553712.0,0.0,0.0,0.0,5188443.109669073,7328309.47693372,857412208.8012452,12516752.586602792,0.0,0.0,-1553712.0,-1553712.0,-14070464.586602792,-14070464.586602792,0.0,0.0,0.0,0.0,63168.0,-1616880.0,-0.1291772757201109,-7730810.327,37682167.33039318,-0.2051583248706766,-14133632.586602792,project_finance
S01,2028-07-01,Atlas East,Virginia,60,1.25,75.0,2028-01-01,2028-04-01,0,12000,3.5,62,4200000,0.18,0.25,0.82,18,9,0.25,0.75,0.072,10.0,0.15,2028-02-01,2027-06-01,2027-05-01,2028-01-01,2028-04-01,2027-01-01,base,2028-04-01,True,True,True,0.0,0.0,3,0.345,5333,26.665,33.33125,3967752,1368874.44,3.5,4791060.54,8555.465249999997,530438.8454999998,4200000.0,246397.39919999999,4976836.2447,-185775.70469999965,0.0,0.0,0.0,5144473.252807471,7328309.47693372,850083899.3243115,12472782.72974119,0.0,0.0,-185775.70469999965,-185775.70469999965,-12658558.43444119,-12658558.43444119,0.0,0.0,0.0,0.0,95821.2108,-281596.91549999965,-0.022576911792789867,-8012407.2425,50154950.06013437,-0.15975306989426466,-12754379.64524119,project_finance
S01,2028-08-01,Atlas East,Virginia,60,1.25,75.0,2028-01-01,2028-04-01,0,12000,3.5,62,4200000,0.18,0.25,0.82,18,9,0.25,0.75,0.072,10.0,0.15,2028-02-01,2027-06-01,2027-05-01,2028-01-01,2028-04-01,2027-01-01,base,2028-04-01,True,True,True,0.0,0.0,4,0.37666666666666665,6666,33.33,41.662499999999994,4959504,1868079.8399999999,3.5,6538279.4399999995,11675.498999999998,723880.9379999998,4200000.0,336254.37119999994,5260135.3092,1278144.1307999995,0.0,0.0,0.0,5100503.395945868,7328309.47693372,842755589.8473778,12428812.872879587,0.0,0.0,1278144.1307999995,1278144.1307999995,-11150668.742079588,-11150668.742079588,0.0,0.0,0.0,0.0,130765.5888,1147378.5419999994,0.09231602034202703,-6865028.7005,62583762.93301396,-0.10969344728996129,-11281434.330879588,project_finance
S01,2028-09-01,Atlas East,Virginia,60,1.25,75.0,2028-01-01,2028-04-01,0,12000,3.5,62,4200000,0.18,0.25,0.82,18,9,0.25,0.75,0.072,10.0,0.15,2028-02-01,2027-06-01,2027-05-01,2028-01-01,2028-04-01,2027-01-01,base,2028-04-01,True,True,True,0.0,0.0,5,0.4083333333333333,8000,40.0,50.0,5760000,2352000.0,3.5,8232000.0,14700.0,911400.0,4200000.0,423360.0,5534760.0,2697240.0,0.0,0.0,0.0,5056533.539084266,7328309.47693372,835427280.370444,12384843.016017985,0.0,0.0,2697240.0,2697240.0,-9687603.016017985,-9687603.016017985,0.0,0.0,0.0,0.0,164640.0,2532600.0,0.20449189357704833,-4332428.7005,74968605.94903195,-0.05778990613011317,-9852243.016017985,project_finance
S01,2028-10-01,Atlas East,Virginia,60,1.25,75.0,2028-01-01,2028-04-01,0,12000,3.5,62,4200000,0.18,0.25,0.82,18,9,0.25,0.75,0.072,10.0,0.15,2028-02-01,2027-06-01,2027-05-01,2028-01-01,2028-04-01,2027-01-01,base,2028-04-01,True,True,True,0.0,0.0,6,0.43999999999999995,9333,46.665000000000006,58.33125000000001,6943752,3055250.8799999994,3.5,10693378.079999998,19095.318000000003,1183909.7160000002,4200000.0,549945.1583999998,5933854.8744,4759523.205599998,0.0,0.0,0.0,5012563.682222663,7328309.47693372,828098970.8935103,12340873.159156382,0.0,0.0,4759523.205599998,4759523.205599998,-7581349.953556384,-7581349.953556384,0.0,0.0,0.0,0.0,213867.56159999996,4545655.643999998,0.36834149297023794,213226.9434999982,87309479.10818833,0.002442196949036667,-7795217.515156384,project_finance
S01,2028-11-01,Atlas East,Virginia,60,1.25,75.0,2028-01-01,2028-04-01,0,12000,3.5,62,4200000,0.18,0.25,0.82,18,9,0.25,0.75,0.072,10.0,0.15,2028-02-01,2027-06-01,2027-05-01,2028-01-01,2028-04-01,2027-01-01,base,2028-04-01,True,True,True,0.0,0.0,7,0.4716666666666667,10666,53.33,66.6625,7679520,3622173.6,3.5,12677607.6,22638.584999999995,1403592.2699999998,4200000.0,651991.248,6255583.517999999,6422024.082,0.0,0.0,0.0,4968593.825361062,7328309.47693372,820770661.4165766,12296903.302294781,1453430.2566389386,363357.56415973464,6058666.517840266,6058666.517840266,-6238236.784454515,-6238236.784454515,0.0,0.0,0.0,0.0,253552.152,5805114.365840266,0.4720793701579281,6018341.309340265,99606382.4104831,0.06042124172865114,-6491788.936454515,project_finance
S01,2028-12-01,Atlas East,Virginia,60,1.25,75.0,2028-01-01,2028-04-01,0,12000,3.5,62,4200000,0.18,0.25,0.82,18,9,0.25,0.75,0.072,10.0,0.15,2028-02-01,2027-06-01,2027-05-01,2028-01-01,2028-04-01,2027-01-01,base,2028-04-01,True,True,True,0.0,0.0,8,0.5033333333333333,12000,60.0,75.0,8928000,4493760.0,3.5,15728160.0,28085.999999999996,1741331.9999999998,4200000.0,808876.7999999999,6750208.8,8977951.2,0.0,0.0,0.0,4924623.968499459,7328309.47693372,813442351.9396429,12252933.445433179,4053327.23150054,1013331.807875135,7964619.392124864,7964619.392124864,-4288314.053308315,-4288314.053308315,0.0,0.0,0.0,0.0,314563.2,7650056.192124864,0.6243448743269013,13668397.501465129,111859315.85591629,0.12219275075015758,-4602877.253308315,project_finance
S01,2029-01-01,Atlas East,Virginia,60,1.25,75.0,2028-01-01,2028-04-01,0,12000,3.5,62,4200000,0.18,0.25,0.82,18,9,0.25,0.75,0.072,10.0,0.15,2028-02-01,2027-06-01,2027-05-01,2028-01-01,2028-04-01,2027-01-01,base,2028-04-01,True,True,True,0.0,0.0,9,0.5349999999999999,12000,60.0,75.0,8928000,4776479.999999999,3.5,16717679.999999996,29852.999999999996,1850885.9999999998,4200000.0,859766.3999999998,6910652.399999999,9807027.599999998,0.0,0.0,0.0,4880654.111637857,7328309.47693372,806114042.4627092,12208963.588571576,4926373.488362141,1231593.3720905352,8575434.227909463,8575434.227909463,-3633529.360662114,-3633529.360662114,0.0,0.0,0.0,0.0,334353.5999999999,8241080.627909463,0.6750024740530537,21909478.129374593,124068279.44448787,0.17659210095822758,-3967882.9606621135,project_finance
S01,2029-02-01,Atlas East,Virginia,60,1.25,75.0,2028-01-01,2028-04-01,0,12000,3.5,62,4200000,0.18,0.25,0.82,18,9,0.25,0.75,0.072,10.0,0.15,2028-02-01,2027-06-01,2027-05-01,2028-01-01,2028-04-01,2027-01-01,base,2028-04-01,True,True,True,0.0,0.0,10,0.5666666666666667,12000,60.0,75.0,8064000,4569600.0,3.5,15993600.0,28560.0,1770720.0,4200000.0,822528.0,6793248.0,9200352.0,0.0,0.0,0.0,4836684.254776254,7328309.47693372,798785732.9857755,12164993.731709974,4363667.745223746,1090916.9363059364,8109435.063694064,8109435.063694064,-4055558.6680159103,-4055558.6680159103,0.0,0.0,0.0,0.0,319872.0,7789563.063694064,0.6403261058317966,29699041.193068653,136233273.17619783,0.21800137734822891,-4375430.66801591,project_finance
S01,2029-03-01,Atlas East,Virginia,60,1.25,75.0,2028-01-01,2028-04-01,0,12000,3.5,62,4200000,0.18,0.25,0.82,18,9,0.25,0.75,0.072,10.0,0.15,2028-02-01,2027-06-01,2027-05-01,2028-01-01,2028-04-01,2027-01-01,base,2028-04-01,True,True,True,0.0,0.0,11,0.5983333333333334,12000,60.0,75.0,8928000,5341920.0,3.5,18696720.0,33387.0,2069994.0,4200000.0,961545.6,7231539.6,11465180.4,0.0,0.0,0.0,4792714.397914652,7328309.47693372,791457423.5088418,12121023.874848371,6672466.002085349,1668116.5005213371,9797063.899478663,9797063.899478663,-2323959.9753697086,-2323959.9753697086,0.0,0.0,0.0,0.0,373934.4,9423129.499478662,0.7774202572962543,39122170.69254732,148354297.05104622,0.2637077015644922,-2697894.375369709,project_finance
S01,2029-04-01,Atlas East,Virginia,60,1.25,75.0,2028-01-01,2028-04-01,0,12000,3.5,62,4200000,0.18,0.25,0.82,18,9,0.25,0.75,0.072,10.0,0.15,2028-02-01,2027-06-01,2027-05-01,2028-01-01,2028-04-01,2027-01-01,base,2028-04-01,True,True,True,0.0,0.0,12,0.6299999999999999,12000,60.0,75.0,8640000,5443199.999999999,3.5,19051199.999999996,34019.99999999999,2109239.9999999995,4200000.0,979775.9999999998,7289016.0,11762183.999999996,0.0,0.0,0.0,4748744.54105305,7328309.47693372,784129114.031908,12077054.01798677,7013439.458946946,1753359.8647367365,10008824.13526326,10008824.13526326,-2068229.8827235103,-2068229.8827235103,0.0,0.0,0.0,0.0,381023.99999999994,9627800.13526326,0.797197737206793,52263142.57781058,147826658.76870698,0.3535434204704762,-2449253.8827235103,project_finance
S01,2029-05-01,Atlas East,Virginia,60,1.25,75.0,2028-01-01,2028-04-01,0,12000,3.5,62,4200000,0.18,0.25,0.82,18,9,0.25,0.75,0.072,10.0,0.15,2028-02-01,2027-06-01,2027-05-01,2028-01-01,2028-04-01,2027-01-01,base,2028-04-01,True,True,True,0.0,0.0,13,0.6616666666666666,12000,60.0,75.0,8928000,5907360.0,3.5,20675760.0,36921.0,2289102.0,4200000.0,1063324.8,7552426.8,13123333.2,0.0,0.0,0.0,4704774.684191448,7328309.47693372,776800804.5549743,12033084.161125168,8418558.515808553,2104639.628952138,11018693.571047861,11018693.571047861,-1014390.5900773071,-1014390.5900773071,0.0,0.0,0.0,0.0,413515.2,10605178.371047862,0.881335011792705,65469079.52585844,147299020.48636776,0.4444637806122918,-1427905.7900773063,project_finance
S01,2029-06-01,Atlas East,Virginia,60,1.25,75.0,2028-01-01,2028-04-01,0,12000,3.5,62,4200000,0.18,0.25,0.82,18,9,0.25,0.75,0.072,10.0,0.15,2028-02-01,2027-06-01,2027-05-01,2028-01-01,2028-04-01,2027-01-01,base,2028-04-01,True,True,True,0.0,0.0,14,0.6933333333333334,12000,60.0,75.0,8640000,5990400.0,3.5,20966400.0,37440.0,2321280.0,4200000.0,1078272.0,7599552.0,13366848.0,0.0,0.0,0.0,4660804.827329845,7328309.47693372,769472495.0780406,11989114.304263566,8706043.172670156,2176510.793167539,11190337.206832461,11190337.206832461,-798777.0974311046,-798777.0974311046,0.0,0.0,0.0,0.0,419328.0,10771009.206832461,0.8983990754848402,77856968.7326909,146771382.20402852,0.5304642333098769,-1218105.0974311046,project_finance
S01,2029-07-01,Atlas East,Virginia,60,1.25,75.0,2028-01-01,2028-04-01,0,12000,3.5,62,4200000,0.18,0.25,0.82,18,9,0.25,0.75,0.072,10.0,0.15,2028-02-01,2027-06-01,2027-05-01,2028-01-01,2028-04-01,2027-01-01,base,2028-04-01,True,True,True,0.0,0.0,15,0.725,12000,60.0,75.0,8928000,6472800.0,3.5,22654800.0,40455.0,2508210.0,4200000.0,1165104.0,7873314.0,14781486.0,0.0,0.0,0.0,4616834.970468243,7328309.47693372,762144185.6011069,11945144.447401963,10164651.029531758,2541162.7573829396,12240323.24261706,12240323.24261706,295178.7952150963,295178.7952150963,0.0,0.0,0.0,0.0,453096.0,11787227.24261706,0.9867797994841954,89925792.89080796,146243743.9216893,0.6149035198316687,-157917.20478490368,project_finance
S01,2029-08-01,Atlas East,Virginia,60,1.25,75.0,2028-01-01,2028-04-01,0,12000,3.5,62,4200000,0.18,0.25,0.82,18,9,0.25,0.75,0.072,10.0,0.15,2028-02-01,2027-06-01,2027-05-01,2028-01-01,2028-04-01,2027-01-01,base,2028-04-01,True,True,True,0.0,0.0,16,0.7566666666666666,12000,60.0,75.0,8928000,6755519.999999999,3.5,23644319.999999996,42221.99999999999,2617763.9999999995,4200000.0,1215993.5999999999,8033757.6,15610562.399999997,0.0,0.0,0.0,4572865.113606641,7328309.47693372,754815876.1241732,11901174.59054036,11037697.286393356,2759424.321598339,12851138.078401659,12851138.078401659,949963.487861298,949963.487861298,0.0,0.0,0.0,0.0,472886.3999999999,12378251.678401658,1.040086554838083,101156666.02720962,145716105.6393501,0.6942037435283519,477077.08786129765,project_finance
S01,2029-09-01,Atlas East,Virginia,60,1.25,75.0,2028-01-01,2028-04-01,0,12000,3.5,62,4200000,0.18,0.25,0.82,18,9,0.25,0.75,0.072,10.0,0.15,2028-02-01,2027-06-01,2027-05-01,2028-01-01,2028-04-01,2027-01-01,base,2028-04-01,True,True,True,0.0,0.0,17,0.7883333333333332,12000,60.0,75.0,8640000,6811199.999999999,3.5,23839199.999999996,42569.99999999999,2639339.9999999995,4200000.0,1226015.9999999998,8065356.0,15773843.999999996,0.0,0.0,0.0,4528895.256745039,7328309.47693372,747487566.6472394,11857204.733678758,11244948.743254958,2811237.1858137394,12962606.814186256,12962606.814186256,1105402.0805074982,1105402.0805074982,0.0,0.0,0.0,0.0,476783.99999999994,12485822.814186256,1.053015706030781,111109888.84139588,145188467.35701084,0.7652804032167547,628618.0805074982,project_finance
S01,2029-10-01,Atlas East,Virginia,60,1.25,75.0,2028-01-01,2028-04-01,0,12000,3.5,62,4200000,0.18,0.25,0.82,18,9,0.25,0.75,0.072,10.0,0.15,2028-02-01,2027-06-01,2027-05-01,2028-01-01,2028-04-01,2027-01-01,base,2028-04-01,True,True,True,0.0,0.0,18,0.82,12000,60.0,75.0,8928000,7320960.0,3.5,25623360.0,45756.0,2836872.0,4200000.0,1317772.8,8354644.8,17268715.2,0.0,0.0,0.0,4484925.399883436,7328309.4769337205,740159257.1703057,11813234.876817156,12783789.800116563,3195947.450029141,14072767.749970859,14072767.749970859,2259532.8731537033,2259532.8731537033,0.0,0.0,0.0,0.0,512467.2,13560300.54997086,1.1478905389904865,120124533.74736673,144660829.07467163,0.8303874277214348,1747065.673153704,project_finance
S01,2029-11-01,Atlas East,Virginia,60,1.25,75.0,2028-01-01,2028-04-01,0,12000,3.5,62,4200000,0.18,0.25,0.82,18,9,0.25,0.75,0.072,10.0,0.15,2028-02-01,2027-06-01,2027-05-01,2028-01-01,2028-04-01,2027-01-01,base,2028-04-01,True,True,True,0.0,0.0,19,0.82,12000,60.0,75.0,8640000,7084800.0,3.5,24796800.0,44280.0,2745360.0,4200000.0,1275264.0,8220624.0,16576176.0,0.0,0.0,0.0,4440955.5430218335,7328309.4769337205,732830947.693372,11769265.019955553,12135220.456978166,3033805.1142445416,13542370.885755459,13542370.885755459,1773105.8657999057,1773105.8657999057,0.0,0.0,0.0,0.0,495936.0,13046434.885755459,1.1085173852092192,127365854.26728193,144133190.7923324,0.8836677629012674,1277169.8657999057,project_finance
S01,2029-12-01,Atlas East,Virginia,60,1.25,75.0,2028-01-01,2028-04-01,0,12000,3.5,62,4200000,0.18,0.25,0.82,18,9,0.25,0.75,0.072,10.0,0.15,2028-02-01,2027-06-01,2027-05-01,2028-01-01,2028-04-01,2027-01-01,base,2028-04-01,True,True,True,0.0,0.0,20,0.82,12000,60.0,75.0,8928000,7320960.0,3.5,25623360.0,45756.0,2836872.0,4200000.0,1317772.8,8354644.8,17268715.2,0.0,0.0,0.0,4396985.686160232,7328309.4769337205,725502638.2164383,11725295.163093952,12871729.513839766,3217932.3784599416,14050782.821540058,14050782.821540058,2325487.658446105,2325487.658446105,0.0,0.0,0.0,0.0,512467.2,13538315.621540058,1.1546247180329152,133254113.69669712,143605552.50999317,0.9279175586711682,1813020.458446106,project_finance
S01,2030-01-01,Atlas East,Virginia,60,1.25,75.0,2028-01-01,2028-04-01,0,12000,3.5,62,4200000,0.18,0.25,0.82,18,9,0.25,0.75,0.072,10.0,0.15,2028-02-01,2027-06-01,2027-05-01,2028-01-01,2028-04-01,2027-01-01,base,2028-04-01,True,True,True,0.0,0.0,21,0.82,12000,60.0,75.0,8928000,7320960.0,3.5,25623360.0,45756.0,2836872.0,4200000.0,1317772.8,8354644.8,17268715.2,0.0,0.0,0.0,4353015.829298629,7328309.4769337205,718174328.7395046,11681325.30623235,12915699.370701369,3228924.842675342,14039790.357324656,14039790.357324656,2358465.051092306,2358465.051092306,0.0,0.0,0.0,0.0,512467.2,13527323.157324657,1.1580298298950213,138540356.22611234,143077914.22765395,0.9682861046302239,1845997.851092307,project_finance
S01,2030-02-01,Atlas East,Virginia,60,1.25,75.0,2028-01-01,2028-04-01,0,12000,3.5,62,4200000,0.18,0.25,0.82,18,9,0.25,0.75,0.072,10.0,0.15,2028-02-01,2027-06-01,2027-05-01,2028-01-01,2028-04-01,2027-01-01,base,2028-04-01,True,True,True,0.0,0.0,22,0.82,12000,60.0,75.0,8064000,6612480.0,3.5,23143680.0,41328.0,2562336.0,4200000.0,1190246.4,7952582.4,15191097.6,0.0,0.0,0.0,4309045.972437027,7328309.4769337205,710846019.2625709,11637355.449370747,10882051.627562974,2720512.9068907434,12470584.693109255,12470584.693109255,833229.2437385079,833229.2437385079,0.0,0.0,0.0,0.0,462873.60000000003,12007711.093109256,1.0318247255873356,142758504.2555275,142550275.9453147,1.001460735932161,370355.6437385082,project_finance
S01,2030-03-01,Atlas East,Virginia,60,1.25,75.0,2028-01-01,2028-04-01,0,12000,3.5,62,4200000,0.18,0.25,0.82,18,9,0.25,0.75,0.072,10.0,0.15,2028-02-01,2027-06-01,2027-05-01,2028-01-01,2028-04-01,2027-01-01,base,2028-04-01,True,True,True,0.0,0.0,23,0.82,12000,60.0,75.0,8928000,7320960.0,3.5,25623360.0,45756.0,2836872.0,4200000.0,1317772.8,8354644.8,17268715.2,0.0,0.0,0.0,4265076.115575424,7328309.4769337205,703517709.7856371,11593385.592509145,13003639.084424574,3250909.7711061435,14017805.428893857,14017805.428893857,2424419.836384712,2424419.836384712,0.0,0.0,0.0,0.0,512467.2,13505338.228893857,1.1649175403619876,146840712.9849427,142022637.6629755,1.033924699620075,1911952.6363847125,project_finance
S01,2030-04-01,Atlas East,Virginia,60,1.25,75.0,2028-01-01,2028-04-01,0,12000,3.5,62,4200000,0.18,0.25,0.82,18,9,0.25,0.75,0.072,10.0,0.15,2028-02-01,2027-06-01,2027-05-01,2028-01-01,2028-04-01,2027-01-01,base,2028-04-01,True,True,True,0.0,0.0,24,0.82,12000,60.0,75.0,8640000,7084800.0,3.5,24796800.0,44280.0,2745360.0,4200000.0,1275264.0,8220624.0,16576176.0,0.0,0.0,0.0,4221106.258713822,7328309.4769337205,696189400.3087034,11549415.735647542,12355069.741286177,3088767.4353215443,13487408.564678457,13487408.564678457,1937992.8290309142,1937992.8290309142,0.0,0.0,0.0,0.0,495936.0,12991472.564678457,1.124859721222085,150204385.4143579,141494999.38063627,1.0615526066069125,1442056.8290309142,project_finance
S01,2030-05-01,Atlas East,Virginia,60,1.25,75.0,2028-01-01,2028-04-01,0,12000,3.5,62,4200000,0.18,0.25,0.82,18,9,0.25,0.75,0.072,10.0,0.15,2028-02-01,2027-06-01,2027-05-01,2028-01-01,2028-04-01,2027-01-01,base,2028-04-01,True,True,True,0.0,0.0,25,0.82,12000,60.0,75.0,8928000,7320960.0,3.5,25623360.0,45756.0,2836872.0,4200000.0,1317772.8,8354644.8,17268715.2,0.0,0.0,0.0,4177136.40185222,7328309.4769337205,688861090.8317697,11505445.87878594,13091578.798147779,3272894.6995369447,13995820.500463054,13995820.500463054,2490374.6216771137,2490374.6216771137,0.0,0.0,0.0,0.0,512467.2,13483353.300463054,1.1719105406704868,153082560.3437731,140967361.09829703,1.0859432931927278,1977907.4216771144,project_finance
S01,2030-06-01,Atlas East,Virginia,60,1.25,75.0,2028-01-01,2028-04-01,0,12000,3.5,62,4200000,0.18,0.25,0.82,18,9,0.25,0.75,0.072,10.0,0.15,2028-02-01,2027-06-01,2027-05-01,2028-01-01,2028-04-01,2027-01-01,base,2028-04-01,True,True,True,0.0,0.0,26,0.82,12000,60.0,75.0,8640000,7084800.0,3.5,24796800.0,44280.0,2745360.0,4200000.0,1275264.0,8220624.0,16576176.0,0.0,0.0,0.0,4133166.544990618,7328309.4769337205,681532781.354836,11461476.02192434,12443009.455009382,3110752.3637523456,13465423.636247654,13465423.636247654,2003947.6143233143,2003947.6143233143,0.0,0.0,0.0,0.0,495936.0,12969487.636247654,1.131572199901538,155281038.7731883,140439722.8159578,1.1056774797019473,1508011.6143233143,project_finance
S01,2030-07-01,Atlas East,Virginia,60,1.25,75.0,2028-01-01,2028-04-01,0,12000,3.5,62,4200000,0.18,0.25,0.82,18,9,0.25,0.75,0.072,10.0,0.15,2028-02-01,2027-06-01,2027-05-01,2028-01-01,2028-04-01,2027-01-01,base,2028-04-01,True,True,True,0.0,0.0,27,0.82,12000,60.0,75.0,8928000,7320960.0,3.5,25623360.0,45756.0,2836872.0,4200000.0,1317772.8,8354644.8,17268715.2,0.0,0.0,0.0,4089196.6881290153,7328309.4769337205,674204471.8779023,11417506.165062737,13179518.511870984,3294879.627967746,13973835.572032254,13973835.572032254,2556329.4069695175,2556329.4069695175,0.0,0.0,0.0,0.0,512467.2,13461368.372032255,1.179011263705176,156955179.90260348,139912084.53361857,1.1218128900430309,2043862.2069695182,project_finance
S01,2030-08-01,Atlas East,Virginia,60,1.25,75.0,2028-01-01,2028-04-01,0,12000,3.5,62,4200000,0.18,0.25,0.82,18,9,0.25,0.75,0.072,10.0,0.15,2028-02-01,2027-06-01,2027-05-01,2028-01-01,2028-04-01,2027-01-01,base,2028-04-01,True,True,True,0.0,0.0,28,0.82,12000,60.0,75.0,8928000,7320960.0,3.5,25623360.0,45756.0,2836872.0,4200000.0,1317772.8,8354644.8,17268715.2,0.0,0.0,0.0,4045226.831267413,7328309.4769337205,666876162.4009686,11373536.308201134,13223488.368732587,3305872.0921831466,13962843.107816853,13962843.107816853,2589306.7996157184,2589306.7996157184,0.0,0.0,0.0,0.0,512467.2,13450375.907816853,1.1826028020957888,158027304.1320187,139384446.25127935,1.1337513501838676,2076839.5996157192,project_finance
S01,2030-09-01,Atlas East,Virginia,60,1.25,75.0,2028-01-01,2028-04-01,0,12000,3.5,62,4200000,0.18,0.25,0.82,18,9,0.25,0.75,0.072,10.0,0.15,2028-02-01,2027-06-01,2027-05-01,2028-01-01,2028-04-01,2027-01-01,base,2028-04-01,True,True,True,0.0,0.0,29,0.82,12000,60.0,75.0,8640000,7084800.0,3.5,24796800.0,44280.0,2745360.0,4200000.0,1275264.0,8220624.0,16576176.0,0.0,0.0,0.0,4001256.9744058107,7328309.4769337205,659547852.9240348,11329566.451339532,12574919.02559419,3143729.7563985474,13432446.243601453,13432446.243601453,2102879.792261921,2102879.792261921,0.0,0.0,0.0,0.0,495936.0,12936510.243601453,1.1418363005472223,158477991.56143388,138856807.96894014,1.141305160902753,1606943.7922619209,project_finance
S01,2030-10-01,Atlas East,Virginia,60,1.25,75.0,2028-01-01,2028-04-01,0,12000,3.5,62,4200000,0.18,0.25,0.82,18,9,0.25,0.75,0.072,10.0,0.15,2028-02-01,2027-06-01,2027-05-01,2028-01-01,2028-04-01,2027-01-01,base,2028-04-01,True,True,True,0.0,0.0,30,0.82,12000,60.0,75.0,8928000,7320960.0,3.5,25623360.0,45756.0,2836872.0,4200000.0,1317772.8,8354644.8,17268715.2,0.0,0.0,0.0,3957287.1175442087,7328309.4769337205,652219543.4471011,11285596.59447793,13311428.082455792,3327857.020613948,13940858.179386051,13940858.179386051,2655261.584908122,2655261.584908122,0.0,0.0,0.0,0.0,512467.2,13428390.979386052,1.1898698369173144,158346081.99084908,138329169.6866009,1.1447049262971691,2142794.384908123,project_finance
S01,2030-11-01,Atlas East,Virginia,60,1.25,75.0,2028-01-01,2028-04-01,0,12000,3.5,62,4200000,0.18,0.25,0.82,18,9,0.25,0.75,0.072,10.0,0.15,2028-02-01,2027-06-01,2027-05-01,2028-01-01,2028-04-01,2027-01-01,base,2028-04-01,True,True,True,0.0,0.0,31,0.82,12000,60.0,75.0,8640000,7084800.0,3.5,24796800.0,44280.0,2745360.0,4200000.0,1275264.0,8220624.0,16576176.0,0.0,0.0,0.0,3913317.260682606,7328309.4769337205,644891233.9701674,11241626.737616327,12662858.739317395,3165714.6848293487,13410461.315170651,13410461.315170651,2168834.5775543246,2168834.5775543246,0.0,0.0,0.0,0.0,495936.0,12914525.315170651,1.1488128557014379,158214172.42026427,137801531.40426168,1.1481307269083898,1672898.5775543246,project_finance
S01,2030-12-01,Atlas East,Virginia,60,1.25,75.0,2028-01-01,2028-04-01,0,12000,3.5,62,4200000,0.18,0.25,0.82,18,9,0.25,0.75,0.072,10.0,0.15,2028-02-01,2027-06-01,2027-05-01,2028-01-01,2028-04-01,2027-01-01,base,2028-04-01,True,True,True,0.0,0.0,32,0.82,12000,60.0,75.0,8928000,7320960.0,3.5,25623360.0,45756.0,2836872.0,4200000.0,1317772.8,8354644.8,17268715.2,0.0,0.0,0.0,3869347.403821004,7328309.4769337205,637562924.4932337,11197656.880754724,13399367.796178995,3349841.9490447487,13918873.25095525,13918873.25095525,2721216.370200526,2721216.370200526,0.0,0.0,0.0,0.0,512467.2,13406406.05095525,1.1972510136470316,158082262.84967944,137273893.12192243,1.1515828629503182,2208749.1702005267,project_finance
S01,2031-01-01,Atlas East,Virginia,60,1.25,75.0,2028-01-01,2028-04-01,0,12000,3.5,62,4200000,0.18,0.25,0.82,18,9,0.25,0.75,0.072,10.0,0.15,2028-02-01,2027-06-01,2027-05-01,2028-01-01,2028-04-01,2027-01-01,base,2028-04-01,True,True,True,0.0,0.0,33,0.82,12000,60.0,75.0,8928000,7320960.0,3.5,25623360.0,45756.0,2836872.0,4200000.0,1317772.8,8354644.8,17268715.2,0.0,0.0,0.0,3825377.5469594016,7328309.4769337205,630234615.0163,11153687.023893122,13443337.653040597,3360834.4132601493,13907880.78673985,13907880.78673985,2754193.762846729,2754193.762846729,0.0,0.0,0.0,0.0,512467.2,13395413.586739851,1.2009852489176507,157950353.27909464,136746254.83958322,1.1550616392703836,2241726.5628467295,project_finance
S01,2031-02-01,Atlas East,Virginia,60,1.25,75.0,2028-01-01,2028-04-01,0,12000,3.5,62,4200000,0.18,0.25,0.82,18,9,0.25,0.75,0.072,10.0,0.15,2028-02-01,2027-06-01,2027-05-01,2028-01-01,2028-04-01,2027-01-01,base,2028-04-01,True,True,True,0.0,0.0,34,0.82,12000,60.0,75.0,8064000,6612480.0,3.5,23143680.0,41328.0,2562336.0,4200000.0,1190246.4,7952582.4,15191097.6,0.0,0.0,0.0,3781407.6900977995,7328309.4769337205,622906305.5393662,11109717.16703152,11409689.9099022,2852422.47747555,12338675.12252445,12338675.12252445,1228957.9554929305,1228957.9554929305,0.0,0.0,0.0,0.0,462873.60000000003,11875801.52252445,1.068956242897552,157818443.70850983,136218616.557244,1.1585673654392812,766084.3554929309,project_finance
S01,2031-03-01,Atlas East,Virginia,60,1.25,75.0,2028-01-01,2028-04-01,0,12000,3.5,62,4200000,0.18,0.25,0.82,18,9,0.25,0.75,0.072,10.0,0.15,2028-02-01,2027-06-01,2027-05-01,2028-01-01,2028-04-01,2027-01-01,base,2028-04-01,True,True,True,0.0,0.0,35,0.82,12000,60.0,75.0,8928000,7320960.0,3.5,25623360.0,45756.0,2836872.0,4200000.0,1317772.8,8354644.8,17268715.2,0.0,0.0,0.0,3737437.833236197,7328309.4769337205,615577996.0624325,11065747.310169917,13531277.366763802,3382819.3416909506,13885895.85830905,13885895.85830905,2820148.5481391326,2820148.5481391326,0.0,0.0,0.0,0.0,512467.2,13373428.65830905,1.208542747584546,157686534.13792503,135690978.27490476,1.1621003558428042,2307681.3481391333,project_finance
S01,2031-04-01,Atlas East,Virginia,60,1.25,75.0,2028-01-01,2028-04-01,0,12000,3.5,62,4200000,0.18,0.25,0.82,18,9,0.25,0.75,0.072,10.0,0.15,2028-02-01,2027-06-01,2027-05-01,2028-01-01,2028-04-01,2027-01-01,base,2028-04-01,True,True,True,0.0,0.0,36,0.82,12000,60.0,75.0,8640000,7084800.0,3.5,24796800.0,44280.0,2745360.0,4200000.0,1275264.0,8220624.0,16576176.0,0.0,0.0,0.0,3693467.9763745945,7328309.4769337205,608249686.5854988,11021777.453308314,12882708.023625406,3220677.0059063514,13355498.99409365,13355498.99409365,2333721.540785335,2333721.540785335,0.0,0.0,0.0,0.0,495936.0,12859562.99409365,1.1667413036210146,157554624.56734022,135163339.99256554,1.1656609297758274,1837785.540785335,project_finance
S01,2031-05-01,Atlas East,Virginia,60,1.25,75.0,2028-01-01,2028-04-01,0,12000,3.5,62,4200000,0.18,0.25,0.82,18,9,0.25,0.75,0.072,10.0,0.15,2028-02-01,2027-06-01,2027-05-01,2028-01-01,2028-04-01,2027-01-01,base,2028-04-01,True,True,True,0.0,0.0,37,0.82,12000,60.0,75.0,8928000,7320960.0,3.5,25623360.0,45756.0,2836872.0,4200000.0,1317772.8,8354644.8,17268715.2,0.0,0.0,0.0,3649498.1195129924,7328309.4769337205,600921377.1085651,10977807.596446713,13619217.080487007,3404804.270121752,13863910.929878248,13863910.929878248,2886103.3334315345,2886103.3334315345,0.0,0.0,0.0,0.0,512467.2,13351443.729878249,1.2162213276720055,157422714.99675542,134635701.7102263,1.1692494115385024,2373636.133431535,project_finance
S01,2031-06-01,Atlas East,Virginia,60,1.25,75.0,2028-01-01,2028-04-01,0,12000,3.5,62,4200000,0.18,0.25,0.82,18,9,0.25,0.75,0.072,10.0,0.15,2028-02-01,2027-06-01,2027-05-01,2028-01-01,2028-04-01,2027-01-01,base,2028-04-01,True,True,True,0.0,0.0,38,0.82,12000,60.0,75.0,8640000,7084800.0,3.5,24796800.0,44280.0,2745360.0,4200000.0,1275264.0,8220624.0,16576176.0,0.0,0.0,0.0,3605528.26265139,7328309.4769337205,593593067.6316314,10933837.73958511,12970647.73734861,3242661.9343371526,13333514.065662848,13333514.065662848,2399676.326077737,2399676.326077737,0.0,0.0,0.0,0.0,495936.0,12837578.065662848,1.1741145580737304,157290805.42617062,134108063.42788707,1.1728661305347194,1903740.326077737,project_finance
S01,2031-07-01,Atlas East,Virginia,60,1.25,75.0,2028-01-01,2028-04-01,0,12000,3.5,62,4200000,0.18,0.25,0.82,18,9,0.25,0.75,0.072,10.0,0.15,2028-02-01,2027-06-01,2027-05-01,2028-01-01,2028-04-01,2027-01-01,base,2028-04-01,True,True,True,0.0,0.0,39,0.82,12000,60.0,75.0,8928000,7320960.0,3.5,25623360.0,45756.0,2836872.0,4200000.0,1317772.8,8354644.8,17268715.2,0.0,0.0,0.0,3561558.405789788,7328309.4769337205,586264758.1546977,10889867.882723508,13707156.79421021,3426789.1985525526,13841926.001447447,13841926.001447447,2952058.1187239382,2952058.1187239382,0.0,0.0,0.0,0.0,512467.2,13329458.801447447,1.224023922511887,157158895.85558578,133580425.14554785,1.1765114213729075,2439590.918723939,project_finance
S01,2031-08-01,Atlas East,Virginia,60,1.25,75.0,2028-01-01,2028-04-01,0,12000,3.5,62,4200000,0.18,0.25,0.82,18,9,0.25,0.75,0.072,10.0,0.15,2028-02-01,2027-06-01,2027-05-01,2028-01-01,2028-04-01,2027-01-01,base,2028-04-01,True,True,True,0.0,0.0,40,0.82,12000,60.0,75.0,8928000,7320960.0,3.5,25623360.0,45756.0,2836872.0,4200000.0,1317772.8,8354644.8,17268715.2,0.0,0.0,0.0,3517588.5489281854,7328309.4769337205,578936448.6777639,10845898.025861906,13751126.651071813,3437781.6627679532,13830933.537232045,13830933.537232045,2985035.511370139,2985035.511370139,0.0,0.0,0.0,0.0,512467.2,13318466.337232046,1.227972668143692,157026986.28500098,133052786.86320862,1.180185623969231,2472568.31137014,project_finance
S01,2031-09-01,Atlas East,Virginia,60,1.25,75.0,2028-01-01,2028-04-01,0,12000,3.5,62,4200000,0.18,0.25,0.82,18,9,0.25,0.75,0.072,10.0,0.15,2028-02-01,2027-06-01,2027-05-01,2028-01-01,2028-04-01,2027-01-01,base,2028-04-01,True,True,True,0.0,0.0,41,0.82,12000,60.0,75.0,8640000,7084800.0,3.5,24796800.0,44280.0,2745360.0,4200000.0,1275264.0,8220624.0,16576176.0,0.0,0.0,0.0,3473618.6920665833,7328309.4769337205,571608139.2008302,10801928.169000303,13102557.307933416,3275639.326983354,13300536.673016645,13300536.673016645,2498608.5040163416,2498608.5040163416,0.0,0.0,0.0,0.0,495936.0,12804600.673016645,1.1853995391085521,156895076.71441618,132525148.58086939,1.1838890836532494,2002672.5040163416,project_finance
S01,2031-10-01,Atlas East,Virginia,60,1.25,75.0,2028-01-01,2028-04-01,0,12000,3.5,62,4200000,0.18,0.25,0.82,18,9,0.25,0.75,0.072,10.0,0.15,2028-02-01,2027-06-01,2027-05-01,2028-01-01,2028-04-01,2027-01-01,base,2028-04-01,True,True,True,0.0,0.0,42,0.82,12000,60.0,75.0,8928000,7320960.0,3.5,25623360.0,45756.0,2836872.0,4200000.0,1317772.8,8354644.8,17268715.2,0.0,0.0,0.0,3429648.835204981,7328309.4769337205,564279829.7238965,10757958.3121387,13839066.364795018,3459766.5911987545,13808948.608801246,13808948.608801246,3050990.296662545,3050990.296662545,0.0,0.0,0.0,0.0,512467.2,13296481.408801246,1.2359669951312429,156763167.14383137,131997510.29853016,1.1876221512761138,2538523.0966625456,project_finance
S01,2031-11-01,Atlas East,Virginia,60,1.25,75.0,2028-01-01,2028-04-01,0,12000,3.5,62,4200000,0.18,0.25,0.82,18,9,0.25,0.75,0.072,10.0,0.15,2028-02-01,2027-06-01,2027-05-01,2028-01-01,2028-04-01,2027-01-01,base,2028-04-01,True,True,True,0.0,0.0,43,0.82,12000,60.0,75.0,8640000,7084800.0,3.5,24796800.0,44280.0,2745360.0,4200000.0,1275264.0,8220624.0,16576176.0,0.0,0.0,0.0,3385678.9783433788,7328309.4769337205,556951520.2469628,10713988.4552771,13190497.021656621,3297624.2554141553,13278551.744585846,13278551.744585846,2564563.2893087454,2564563.2893087454,0.0,0.0,0.0,0.0,495936.0,12782615.744585846,1.193077237103971,156631257.57324657,131469872.01619093,1.1913851833213691,2068627.2893087454,project_finance
S01,2031-12-01,Atlas East,Virginia,60,1.25,75.0,2028-01-01,2028-04-01,0,12000,3.5,62,4200000,0.18,0.25,0.82,18,9,0.25,0.75,0.072,10.0,0.15,2028-02-01,2027-06-01,2027-05-01,2028-01-01,2028-04-01,2027-01-01,base,2028-04-01,True,True,True,0.0,0.0,44,0.82,12000,60.0,75.0,8928000,7320960.0,3.5,25623360.0,45756.0,2836872.0,4200000.0,1317772.8,8354644.8,17268715.2,0.0,0.0,0.0,3341709.1214817762,7328309.4769337205,549623210.7700291,10670018.598415498,13927006.078518223,3481751.5196295558,13786963.680370443,13786963.680370443,3116945.081954945,3116945.081954945,0.0,0.0,0.0,0.0,512467.2,13274496.480370443,1.244093096739467,156499348.0026618,130942233.73385172,1.195178542018433,2604477.8819549456,project_finance
S02,2027-01-01,Atlas Central,Texas,90,1.22,109.8,2028-07-01,2028-10-01,0,18000,3.4,48,5900000,0.17,0.22,0.85,20,12,0.25,0.75,0.072,10.0,0.15,2028-08-01,2027-10-01,2027-09-01,2028-07-01,2028-10-01,2027-04-01,base,2028-10-01,False,False,False,0.0,0.0,-21,0.0,0,0.0,0.0,0,0.0,3.4,0.0,0.0,0.0,0.0,0.0,0.0,0.0,0.0,0.0,0.0,0.0,0.0,0.0,0.0,0.0,0.0,0.0,0.0,0.0,0.0,0.0,0.0,0.0,0.0,0.0,0.0,,,,,0.0,project_finance
S02,2027-02-01,Atlas Central,Texas,90,1.22,109.8,2028-07-01,2028-10-01,0,18000,3.4,48,5900000,0.17,0.22,0.85,20,12,0.25,0.75,0.072,10.0,0.15,2028-08-01,2027-10-01,2027-09-01,2028-07-01,2028-10-01,2027-04-01,base,2028-10-01,False,False,False,0.0,0.0,-20,0.0,0,0.0,0.0,0,0.0,3.4,0.0,0.0,0.0,0.0,0.0,0.0,0.0,0.0,0.0,0.0,0.0,0.0,0.0,0.0,0.0,0.0,0.0,0.0,0.0,0.0,0.0,0.0,0.0,0.0,0.0,0.0,,,,,0.0,project_finance
S02,2027-03-01,Atlas Central,Texas,90,1.22,109.8,2028-07-01,2028-10-01,0,18000,3.4,48,5900000,0.17,0.22,0.85,20,12,0.25,0.75,0.072,10.0,0.15,2028-08-01,2027-10-01,2027-09-01,2028-07-01,2028-10-01,2027-04-01,base,2028-10-01,False,False,False,0.0,0.0,-19,0.0,0,0.0,0.0,0,0.0,3.4,0.0,0.0,0.0,0.0,0.0,0.0,0.0,0.0,0.0,0.0,0.0,0.0,0.0,0.0,0.0,0.0,0.0,0.0,0.0,0.0,0.0,0.0,0.0,0.0,0.0,0.0,,,,,0.0,project_finance
S02,2027-04-01,Atlas Central,Texas,90,1.22,109.8,2028-07-01,2028-10-01,0,18000,3.4,48,5900000,0.17,0.22,0.85,20,12,0.25,0.75,0.072,10.0,0.15,2028-08-01,2027-10-01,2027-09-01,2028-07-01,2028-10-01,2027-04-01,base,2028-10-01,False,False,False,3316390.6445284584,0.0,-18,0.0,0,0.0,0.0,0,0.0,3.4,0.0,0.0,0.0,0.0,0.0,0.0,0.0,3316390.6445284584,0.0,0.0,0.0,0.0,0.0,0.0,0.0,0.0,0.0,-3316390.6445284584,-3316390.6445284584,0.0,0.0,0.0,165819.53222642292,3316390.6445284584,0.0,0.0,,,,,-3316390.6445284584,project_finance
S02,2027-05-01,Atlas Central,Texas,90,1.22,109.8,2028-07-01,2028-10-01,0,18000,3.4,48,5900000,0.17,0.22,0.85,20,12,0.25,0.75,0.072,10.0,0.15,2028-08-01,2027-10-01,2027-09-01,2028-07-01,2028-10-01,2027-04-01,base,2028-10-01,False,False,False,17457676.017581023,0.0,-17,0.0,0,0.0,0.0,0,0.0,3.4,0.0,0.0,0.0,0.0,0.0,0.0,0.0,17457676.017581023,0.0,0.0,0.0,0.0,0.0,0.0,0.0,0.0,0.0,-17457676.017581023,-17457676.017581023,0.0,0.0,0.0,872883.8008790512,17457676.017581023,0.0,0.0,,,,,-17457676.017581023,project_finance
S02,2027-06-01,Atlas Central,Texas,90,1.22,109.8,2028-07-01,2028-10-01,0,18000,3.4,48,5900000,0.17,0.22,0.85,20,12,0.25,0.75,0.072,10.0,0.15,2028-08-01,2027-10-01,2027-09-01,2028-07-01,2028-10-01,2027-04-01,base,2028-10-01,False,False,False,23670974.224067587,0.0,-16,0.0,0,0.0,0.0,0,0.0,3.4,0.0,0.0,0.0,0.0,0.0,0.0,0.0,23670974.224067587,0.0,0.0,0.0,0.0,0.0,0.0,0.0,0.0,0.0,-23670974.224067587,-23670974.224067587,0.0,0.0,0.0,1183548.7112033793,23670974.224067587,0.0,0.0,,,,,-23670974.224067587,project_finance
S02,2027-07-01,Atlas Central,Texas,90,1.22,109.8,2028-07-01,2028-10-01,0,18000,3.4,48,5900000,0.17,0.22,0.85,20,12,0.25,0.75,0.072,10.0,0.15,2028-08-01,2027-10-01,2027-09-01,2028-07-01,2028-10-01,2027-04-01,base,2028-10-01,False,False,False,18639894.619459696,0.0,-15,0.0,0,0.0,0.0,0,0.0,3.4,0.0,0.0,0.0,0.0,0.0,0.0,0.0,18639894.619459696,0.0,0.0,0.0,0.0,0.0,0.0,0.0,0.0,0.0,-18639894.619459696,-18639894.619459696,0.0,0.0,0.0,931994.7309729848,18639894.619459696,0.0,0.0,,,,,-18639894.619459696,project_finance
S02,2027-08-01,Atlas Central,Texas,90,1.22,109.8,2028-07-01,2028-10-01,0,18000,3.4,48,5900000,0.17,0.22,0.85,20,12,0.25,0.75,0.072,10.0,0.15,2028-08-01,2027-10-01,2027-09-01,2028-07-01,2028-10-01,2027-04-01,base,2028-10-01,False,False,False,13608815.014851812,0.0,-14,0.0,0,0.0,0.0,0,0.0,3.4,0.0,0.0,0.0,0.0,0.0,0.0,0.0,13608815.014851812,0.0,0.0,0.0,0.0,0.0,0.0,0.0,0.0,0.0,-13608815.014851812,-13608815.014851812,0.0,0.0,0.0,680440.7507425906,13608815.014851812,0.0,0.0,,,,,-13608815.014851812,project_finance
S02,2027-09-01,Atlas Central,Texas,90,1.22,109.8,2028-07-01,2028-10-01,0,18000,3.4,48,5900000,0.17,0.22,0.85,20,12,0.25,0.75,0.072,10.0,0.15,2028-08-01,2027-10-01,2027-09-01,2028-07-01,2028-10-01,2027-04-01,base,2028-10-01,False,False,False,10466790.882507797,0.0,-13,0.0,0,0.0,0.0,0,0.0,3.4,0.0,0.0,0.0,0.0,0.0,0.0,0.0,10466790.882507797,0.0,0.0,0.0,0.0,0.0,0.0,0.0,0.0,0.0,-10466790.882507797,-10466790.882507797,0.0,0.0,0.0,523339.5441253899,10466790.882507797,0.0,0.0,,,,,-10466790.882507797,project_finance
S02,2027-10-01,Atlas Central,Texas,90,1.22,109.8,2028-07-01,2028-10-01,0,18000,3.4,48,5900000,0.17,0.22,0.85,20,12,0.25,0.75,0.072,10.0,0.15,2028-08-01,2027-10-01,2027-09-01,2028-07-01,2028-10-01,2027-04-01,base,2028-10-01,False,False,False,26140636.091857504,0.0,-12,0.0,0,0.0,0.0,0,0.0,3.4,0.0,0.0,0.0,0.0,0.0,0.0,0.0,26140636.091857504,0.0,0.0,0.0,0.0,0.0,0.0,0.0,0.0,0.0,-26140636.091857504,-26140636.091857504,0.0,0.0,0.0,1307031.8045928753,26140636.091857504,0.0,0.0,,,,,-26140636.091857504,project_finance
S02,2027-11-01,Atlas Central,Texas,90,1.22,109.8,2028-07-01,2028-10-01,0,18000,3.4,48,5900000,0.17,0.22,0.85,20,12,0.25,0.75,0.072,10.0,0.15,2028-08-01,2027-10-01,2027-09-01,2028-07-01,2028-10-01,2027-04-01,base,2028-10-01,False,False,False,44831892.07470498,0.0,-11,0.0,0,0.0,0.0,0,0.0,3.4,0.0,0.0,0.0,0.0,0.0,0.0,0.0,44831892.07470498,0.0,0.0,0.0,0.0,0.0,0.0,0.0,0.0,0.0,-44831892.07470498,-44831892.07470498,0.0,0.0,0.0,2241594.603735249,44831892.07470498,0.0,0.0,,,,,-44831892.07470498,project_finance
S02,2027-12-01,Atlas Central,Texas,90,1.22,109.8,2028-07-01,2028-10-01,0,18000,3.4,48,5900000,0.17,0.22,0.85,20,12,0.25,0.75,0.072,10.0,0.15,2028-08-01,2027-10-01,2027-09-01,2028-07-01,2028-10-01,2027-04-01,base,2028-10-01,False,False,False,79370501.65711725,0.0,-10,0.0,0,0.0,0.0,0,0.0,3.4,0.0,0.0,0.0,0.0,0.0,0.0,0.0,79370501.65711725,0.0,0.0,0.0,0.0,0.0,0.0,0.0,0.0,0.0,-79370501.65711725,-79370501.65711725,0.0,0.0,0.0,3968525.0828558626,79370501.65711725,0.0,0.0,,0.0,0.0,,-79370501.65711725,project_finance
S02,2028-01-01,Atlas Central,Texas,90,1.22,109.8,2028-07-01,2028-10-01,0,18000,3.4,48,5900000,0.17,0.22,0.85,20,12,0.25,0.75,0.072,10.0,0.15,2028-08-01,2027-10-01,2027-09-01,2028-07-01,2028-10-01,2027-04-01,base,2028-10-01,False,False,False,113909111.23952954,0.0,-9,0.0,0,0.0,0.0,0,0.0,3.4,0.0,0.0,0.0,0.0,0.0,0.0,0.0,71412099.38987526,42497011.84965427,254982.0710979256,0.0,0.0,42751993.9207522,0.0,0.0,0.0,0.0,-113909111.23952954,-71412099.38987526,0.0,0.0,0.0,5695455.5619764775,71412099.38987526,0.0,0.0,,0.0,0.0,,-71412099.38987526,project_finance
S02,2028-02-01,Atlas Central,Texas,90,1.22,109.8,2028-07-01,2028-10-01,0,18000,3.4,48,5900000,0.17,0.22,0.85,20,12,0.25,0.75,0.072,10.0,0.15,2028-08-01,2027-10-01,2027-09-01,2028-07-01,2028-10-01,2027-04-01,base,2028-10-01,False,False,False,148447720.8219418,0.0,-8,0.0,0,0.0,0.0,0,0.0,3.4,0.0,0.0,0.0,0.0,0.0,0.0,0.0,37111930.20548545,111335790.61645634,924526.7072232512,0.0,0.0,155012311.2444318,0.0,0.0,0.0,0.0,-148447720.8219418,-37111930.20548545,0.0,0.0,0.0,7422386.04109709,37111930.20548545,0.0,0.0,,0.0,0.0,,-37111930.20548545,project_finance
S02,2028-03-01,Atlas Central,Texas,90,1.22,109.8,2028-07-01,2028-10-01,0,18000,3.4,48,5900000,0.17,0.22,0.85,20,12,0.25,0.75,0.072,10.0,0.15,2028-08-01,2027-10-01,2027-09-01,2028-07-01,2028-10-01,2027-04-01,base,2028-10-01,False,False,False,178597012.8035557,0.0,-7,0.0,0,0.0,0.0,0,0.0,3.4,0.0,0.0,0.0,0.0,0.0,0.0,0.0,44649253.200888924,133947759.60266677,1733760.4250825914,0.0,0.0,290693831.27218115,0.0,0.0,0.0,0.0,-178597012.8035557,-44649253.20088893,0.0,0.0,0.0,8929850.640177784,44649253.200888924,0.0,0.0,,0.0,0.0,,-44649253.20088893,project_finance
S02,2028-04-01,Atlas Central,Texas,90,1.22,109.8,2028-07-01,2028-10-01,0,18000,3.4,48,5900000,0.17,0.22,0.85,20,12,0.25,0.75,0.072,10.0,0.15,2028-08-01,2027-10-01,2027-09-01,2028-07-01,2028-10-01,2027-04-01,base,2028-10-01,False,False,False,179266464.37724733,0.0,-6,0.0,0,0.0,0.0,0,0.0,3.4,0.0,0.0,0.0,0.0,0.0,0.0,0.0,44816616.09431183,134449848.2829355,2550862.0773306997,0.0,0.0,427694541.63244736,0.0,0.0,0.0,0.0,-179266464.37724733,-44816616.09431183,0.0,0.0,0.0,8963323.218862368,44816616.09431183,0.0,0.0,,0.0,0.0,,-44816616.09431183,project_finance
S02,2028-05-01,Atlas Central,Texas,90,1.22,109.8,2028-07-01,2028-10-01,0,18000,3.4,48,5900000,0.17,0.22,0.85,20,12,0.25,0.75,0.072,10.0,0.15,2028-08-01,2027-10-01,2027-09-01,2028-07-01,2028-10-01,2027-04-01,base,2028-10-01,False,False,False,160148271.16329423,0.0,-5,0.0,0,0.0,0.0,0,0.0,3.4,0.0,0.0,0.0,0.0,0.0,0.0,0.0,40037067.79082356,120111203.37247068,3286834.470029508,0.0,0.0,551092579.4749476,0.0,0.0,0.0,0.0,-160148271.16329423,-40037067.79082355,0.0,0.0,0.0,8007413.558164712,40037067.79082356,0.0,0.0,,0.0,0.0,,-40037067.79082355,project_finance
S02,2028-06-01,Atlas Central,Texas,90,1.22,109.8,2028-07-01,2028-10-01,0,18000,3.4,48,5900000,0.17,0.22,0.85,20,12,0.25,0.75,0.072,10.0,0.15,2028-08-01,2027-10-01,2027-09-01,2028-07-01,2028-10-01,2027-04-01,base,2028-10-01,False,False,False,81667143.58640671,0.0,-4,0.0,0,0.0,0.0,0,0.0,3.4,0.0,0.0,0.0,0.0,0.0,0.0,0.0,20416785.896601677,61250357.68980503,3674057.622988515,0.0,0.0,616016994.7877411,0.0,0.0,0.0,0.0,-81667143.58640671,-20416785.896601677,0.0,0.0,0.0,4083357.1793203354,20416785.896601677,0.0,0.0,,0.0,0.0,,-20416785.896601677,project_finance
S02,2028-07-01,Atlas Central,Texas,90,1.22,109.8,2028-07-01,2028-10-01,0,18000,3.4,48,5900000,0.17,0.22,0.85,20,12,0.25,0.75,0.072,10.0,0.15,2028-08-01,2027-10-01,2027-09-01,2028-07-01,2028-10-01,2027-04-01,base,2028-10-01,True,False,False,117792362.41483936,36258992.80575539,-3,0.0,0,0.0,0.0,0,0.0,3.4,0.0,0.0,0.0,0.0,0.0,0.0,0.0,29448090.60370984,88344271.81112951,4226167.599593222,0.0,0.0,708587434.1984637,0.0,0.0,0.0,0.0,-117792362.41483936,-29448090.603709847,0.0,0.0,0.0,5889618.120741968,29448090.60370984,0.0,0.0,,0.0,0.0,,-29448090.603709847,project_finance
S02,2028-08-01,Atlas Central,Texas,90,1.22,109.8,2028-07-01,2028-10-01,0,18000,3.4,48,5900000,0.17,0.22,0.85,20,12,0.25,0.75,0.072,10.0,0.15,2028-08-01,2027-10-01,2027-09-01,2028-07-01,2028-10-01,2027-04-01,base,2028-10-01,True,True,False,279754673.3017609,215827338.12949637,-2,0.0,0,0.0,0.0,0,0.0,3.4,0.0,0.0,0.0,0.0,0.0,0.0,0.0,69938668.32544023,209816004.97632068,5510420.635048706,0.0,0.0,923913859.8098332,0.0,0.0,0.0,0.0,-279754673.3017609,-69938668.32544023,0.0,0.0,0.0,13987733.665088046,69938668.32544023,0.0,0.0,,0.0,0.0,,-69938668.32544023,project_finance
S02,2028-09-01,Atlas Central,Texas,90,1.22,109.8,2028-07-01,2028-10-01,0,18000,3.4,48,5900000,0.17,0.22,0.85,20,12,0.25,0.75,0.072,10.0,0.15,2028-08-01,2027-10-01,2027-09-01,2028-07-01,2028-10-01,2027-04-01,base,2028-10-01,True,True,False,431654676.25899273,431654676.25899273,-1,0.0,0,0.0,0.0,0,0.0,3.4,0.0,0.0,0.0,0.0,0.0,0.0,0.0,107913669.06474818,323741007.19424456,7485929.202024465,0.0,0.0,1255140796.2061021,0.0,0.0,0.0,0.0,-431654676.25899273,-107913669.06474817,0.0,0.0,0.0,21582733.81294964,107913669.06474818,0.0,0.0,,0.0,0.0,,-107913669.06474817,project_finance
S02,2028-10-01,Atlas Central,Texas,90,1.22,109.8,2028-07-01,2028-10-01,0,18000,3.4,48,5900000,0.17,0.22,0.85,20,12,0.25,0.75,0.072,10.0,0.15,2028-08-01,2027-10-01,2027-09-01,2028-07-01,2028-10-01,2027-04-01,base,2028-10-01,True,True,True,36258992.80575539,36258992.80575539,0,0.22,1500,7.5,9.15,1116000,245520.0,3.4,834768.0,1497.672,71888.256,5900000.0,41738.4,6013626.656,-5178858.656,9064748.201438848,27194244.604316544,0.0,7694010.244862511,10686125.340086821,1271648915.4703317,18380135.584949333,0.0,0.0,-5178858.656,-41437851.461755395,-32623742.442388184,-23558994.240949336,0.0,0.0,1812949.6402877697,9064748.201438848,16695.36,-5195554.016000001,-0.2826722355766737,-5195554.016000001,18380135.584949333,-0.2826722355766737,-32640437.802388184,project_finance
S02,2028-11-01,Atlas Central,Texas,90,1.22,109.8,2028-07-01,2028-10-01,0,18000,3.4,48,5900000,0.17,0.22,0.85,20,12,0.25,0.75,0.072,10.0,0.15,2028-08-01,2027-10-01,2027-09-01,2028-07-01,2028-10-01,2027-04-01,base,2028-10-01,True,True,True,0.0,0.0,1,0.2515,3000,15.0,18.3,2160000,543240.0,3.4,1847016.0,3313.764,159060.67200000002,5900000.0,92350.8,6151411.472,-4304395.472,0.0,0.0,0.0,7629893.492821989,10686125.340086821,1260962790.1302447,18316018.83290881,0.0,0.0,-4304395.472,-4304395.472,-22620414.30490881,-22620414.30490881,0.0,0.0,0.0,0.0,36940.32,-4341335.792,-0.2370239860312779,-9536889.808000002,36696154.41785814,-0.25988798988045697,-22657354.62490881,project_finance
S02,2028-12-01,Atlas Central,Texas,90,1.22,109.8,2028-07-01,2028-10-01,0,18000,3.4,48,5900000,0.17,0.22,0.85,20,12,0.25,0.75,0.072,10.0,0.15,2028-08-01,2027-10-01,2027-09-01,2028-07-01,2028-10-01,2027-04-01,base,2028-10-01,True,True,True,0.0,0.0,2,0.28300000000000003,4500,22.5,27.45,3348000,947484.0000000001,3.4,3221445.6,5779.6524,277423.3152,5900000.0,161072.28000000003,6338495.5952,-3117049.9952000002,0.0,0.0,0.0,7565776.740781467,10686125.34008682,1250276664.7901578,18251902.08086829,0.0,0.0,-3117049.9952000002,-3117049.9952000002,-21368952.07606829,-21368952.07606829,0.0,0.0,0.0,0.0,64428.912000000004,-3181478.9072000002,-0.1743094441940294,-12718368.715200001,54948056.49872643,-0.23146166626466189,-21433380.98806829,project_finance
S02,2029-01-01,Atlas Central,Texas,90,1.22,109.8,2028-07-01,2028-10-01,0,18000,3.4,48,5900000,0.17,0.22,0.85,20,12,0.25,0.75,0.072,10.0,0.15,2028-08-01,2027-10-01,2027-09-01,2028-07-01,2028-10-01,2027-04-01,base,2028-10-01,True,True,True,0.0,0.0,3,0.3145,6000,30.0,36.6,4464000,1403928.0,3.4,4773355.2,8563.9608,411070.11840000004,5900000.0,238667.76,6549737.8784,-1776382.6783999996,0.0,0.0,0.0,7501659.988740946,10686125.34008682,1239590539.4500709,18187785.328827765,0.0,0.0,-1776382.6783999996,-1776382.6783999996,-19964168.007227764,-19964168.007227764,0.0,0.0,0.0,0.0,95467.104,-1871849.7823999997,-0.10291796106880066,-14590218.4976,73135841.8275542,-0.19949477756750292,-20059635.111227766,project_finance
S02,2029-02-01,Atlas Central,Texas,90,1.22,109.8,2028-07-01,2028-10-01,0,18000,3.4,48,5900000,0.17,0.22,0.85,20,12,0.25,0.75,0.072,10.0,0.15,2028-08-01,2027-10-01,2027-09-01,2028-07-01,2028-10-01,2027-04-01,base,2028-10-01,True,True,True,0.0,0.0,4,0.346,7500,37.5,45.75,5040000,1743839.9999999998,3.4,5929055.999999999,10637.423999999999,510596.35199999996,5900000.0,296452.8,6707049.152,-777993.1520000007,0.0,0.0,0.0,7437543.236700424,10686125.340086818,1228904414.109984,18123668.57678724,0.0,0.0,-777993.1520000007,-777993.1520000007,-18901661.728787243,-18901661.728787243,0.0,0.0,0.0,0.0,118581.11999999998,-896574.2720000007,-0.04946980067536278,-15486792.769600002,91259510.40434143,-0.16970059011913413,-19020242.84878724,project_finance
S02,2029-03-01,Atlas Central,Texas,90,1.22,109.8,2028-07-01,2028-10-01,0,18000,3.4,48,5900000,0.17,0.22,0.85,20,12,0.25,0.75,0.072,10.0,0.15,2028-08-01,2027-10-01,2027-09-01,2028-07-01,2028-10-01,2027-04-01,base,2028-10-01,True,True,True,0.0,0.0,5,0.3775,9000,45.0,54.9,6696000,2527740.0,3.4,8594316.0,15419.214,740122.272,5900000.0,429715.80000000005,7069838.072,1524477.9280000003,0.0,0.0,0.0,7373426.484659903,10686125.340086816,1218218288.7698972,18059551.82474672,0.0,0.0,1524477.9280000003,1524477.9280000003,-16535073.896746721,-16535073.896746721,0.0,0.0,0.0,0.0,171886.32,1352591.6080000002,0.07489618907079218,-14134201.161600001,109319062.22908816,-0.12929310655794396,-16706960.21674672,project_finance
S02,2029-04-01,Atlas Central,Texas,90,1.22,109.8,2028-07-01,2028-10-01,0,18000,3.4,48,5900000,0.17,0.22,0.85,20,12,0.25,0.75,0.072,10.0,0.15,2028-08-01,2027-10-01,2027-09-01,2028-07-01,2028-10-01,2027-04-01,base,2028-10-01,True,True,True,0.0,0.0,6,0.40900000000000003,10500,52.5,64.05,7560000,3092040.0,3.4,10512936.0,18861.444000000003,905349.3120000002,5900000.0,525646.8,7330996.112,3181939.8880000003,0.0,0.0,0.0,7309309.732619382,10686125.340086818,1207532163.4298105,17995435.0727062,0.0,0.0,3181939.8880000003,3181939.8880000003,-14813495.1847062,-14813495.1847062,0.0,0.0,0.0,0.0,210258.72,2971681.168,0.16513527769646255,-11162519.993600002,127314497.30179435,-0.08767673933581702,-15023753.9047062,project_finance
S02,2029-05-01,Atlas Central,Texas,90,1.22,109.8,2028-07-01,2028-10-01,0,18000,3.4,48,5900000,0.17,0.22,0.85,20,12,0.25,0.75,0.072,10.0,0.15,2028-08-01,2027-10-01,2027-09-01,2028-07-01,2028-10-01,2027-04-01,base,2028-10-01,True,True,True,0.0,0.0,7,0.4405,12000,60.0,73.2,8928000,3932784.0,3.4,13371465.6,23989.9824,1151519.1552,5900000.0,668573.28,7720092.4352,5651373.164799999,0.0,0.0,0.0,7245192.980578862,10686125.34008682,1196846038.0897236,17931318.32066568,0.0,0.0,5651373.164799999,5651373.164799999,-12279945.15586568,-12279945.15586568,0.0,0.0,0.0,0.0,267429.312,5383943.8527999995,0.3002536543336612,-5778576.140800002,145245815.62246004,-0.039784802860141286,-12547374.46786568,project_finance
S02,2029-06-01,Atlas Central,Texas,90,1.22,109.8,2028-07-01,2028-10-01,0,18000,3.4,48,5900000,0.17,0.22,0.85,20,12,0.25,0.75,0.072,10.0,0.15,2028-08-01,2027-10-01,2027-09-01,2028-07-01,2028-10-01,2027-04-01,base,2028-10-01,True,True,True,0.0,0.0,8,0.472,13500,67.5,82.35,9720000,4587840.0,3.4,15598656.0,27985.823999999997,1343319.552,5900000.0,779932.8,8023252.352,7575403.648,0.0,0.0,0.0,7181076.228538341,10686125.340086818,1186159912.7496367,17867201.56862516,394327.41946165916,98581.85486541479,7476821.793134585,7476821.793134585,-10390379.775490575,-10390379.775490575,0.0,0.0,0.0,0.0,311973.12,7164848.673134585,0.4010056440912422,1386272.5323345829,163113017.1910852,0.008498846727300613,-10702352.895490576,project_finance
S02,2029-07-01,Atlas Central,Texas,90,1.22,109.8,2028-07-01,2028-10-01,0,18000,3.4,48,5900000,0.17,0.22,0.85,20,12,0.25,0.75,0.072,10.0,0.15,2028-08-01,2027-10-01,2027-09-01,2028-07-01,2028-10-01,2027-04-01,base,2028-10-01,True,True,True,0.0,0.0,9,0.5035000000000001,15000,75.0,91.5,11160000,5619060.000000001,3.4,19104804.000000004,34276.266,1645260.7680000002,5900000.0,955240.2000000002,8500500.968,10604303.032000003,0.0,0.0,0.0,7116959.476497819,10686125.340086816,1175473787.40955,17803084.816584636,3487343.5555021847,871835.8888755462,9732467.143124457,9732467.143124457,-8070617.673460178,-8070617.673460178,0.0,0.0,0.0,0.0,382096.0800000001,9350371.063124457,0.5252107238411867,10736643.59545904,180916102.00766984,0.05934598123833038,-8452713.753460178,project_finance
S02,2029-08-01,Atlas Central,Texas,90,1.22,109.8,2028-07-01,2028-10-01,0,18000,3.4,48,5900000,0.17,0.22,0.85,20,12,0.25,0.75,0.072,10.0,0.15,2028-08-01,2027-10-01,2027-09-01,2028-07-01,2028-10-01,2027-04-01,base,2028-10-01,True,True,True,0.0,0.0,10,0.535,16500,82.5,100.64999999999999,12276000,6567660.0,3.4,22330044.0,40062.725999999995,1923010.8479999998,5900000.0,1116502.2000000002,8939513.048,13390530.952,0.0,0.0,0.0,7052842.724457298,10686125.340086818,1164787662.0694633,17738968.064544115,6337688.227542701,1584422.0568856753,11806108.895114325,11806108.895114325,-5932859.16942979,-5932859.16942979,0.0,0.0,0.0,0.0,446600.88,11359508.015114324,0.6403702838734582,22096151.610573366,198655070.07221395,0.11122873230741658,-6379460.049429791,project_finance
S02,2029-09-01,Atlas Central,Texas,90,1.22,109.8,2028-07-01,2028-10-01,0,18000,3.4,48,5900000,0.17,0.22,0.85,20,12,0.25,0.75,0.072,10.0,0.15,2028-08-01,2027-10-01,2027-09-01,2028-07-01,2028-10-01,2027-04-01,base,2028-10-01,True,True,True,0.0,0.0,11,0.5665,18000,90.0,109.8,12960000,7341840.0,3.4,24962256.0,44785.224,2149690.7520000003,5900000.0,1248112.8,9297803.552000001,15664452.447999999,0.0,0.0,0.0,6988725.972416779,10686125.34008682,1154101536.7293763,17674851.3125036,8675726.47558322,2168931.618895805,13495520.829104194,13495520.829104194,-4179330.483399404,-4179330.483399404,0.0,0.0,0.0,0.0,499245.12,12996275.709104195,0.7352975976612787,35092427.31967756,216329921.38471755,0.1622171685500212,-4678575.603399403,project_finance
S02,2029-10-01,Atlas Central,Texas,90,1.22,109.8,2028-07-01,2028-10-01,0,18000,3.4,48,5900000,0.17,0.22,0.85,20,12,0.25,0.75,0.072,10.0,0.15,2028-08-01,2027-10-01,2027-09-01,2028-07-01,2028-10-01,2027-04-01,base,2028-10-01,True,True,True,0.0,0.0,12,0.598,18000,90.0,109.8,13392000,8008416.0,3.4,27228614.4,48851.3376,2344864.2048,5900000.0,1361430.7200000002,9606294.924800001,17622319.475199997,0.0,0.0,0.0,6924609.220376257,10686125.340086818,1143415411.3892894,17610734.560463075,10697710.25482374,2674427.563705935,14947891.911494061,14947891.911494061,-2662842.6489690132,-2662842.6489690132,0.0,0.0,0.0,0.0,544572.288,14403319.62349406,0.817871598373312,54691300.95917162,215560520.36023128,0.2537166864682593,-3207414.936969014,project_finance
S02,2029-11-01,Atlas Central,Texas,90,1.22,109.8,2028-07-01,2028-10-01,0,18000,3.4,48,5900000,0.17,0.22,0.85,20,12,0.25,0.75,0.072,10.0,0.15,2028-08-01,2027-10-01,2027-09-01,2028-07-01,2028-10-01,2027-04-01,base,2028-10-01,True,True,True,0.0,0.0,13,0.6295000000000001,18000,90.0,109.8,12960000,8158320.000000001,3.4,27738288.000000004,49765.75200000001,2388756.0960000004,5900000.0,1386914.4000000004,9675670.496000001,18062617.504,0.0,0.0,0.0,6860492.468335736,10686125.340086816,1132729286.0492027,17546617.80842255,11202125.035664264,2800531.258916066,15262086.245083936,15262086.245083936,-2284531.563338615,-2284531.563338615,0.0,0.0,0.0,0.0,554765.7600000001,14707320.485083936,0.8381854922504938,73739957.23625556,214791119.335745,0.3433100840681914,-2839297.323338615,project_finance
S02,2029-12-01,Atlas Central,Texas,90,1.22,109.8,2028-07-01,2028-10-01,0,18000,3.4,48,5900000,0.17,0.22,0.85,20,12,0.25,0.75,0.072,10.0,0.15,2028-08-01,2027-10-01,2027-09-01,2028-07-01,2028-10-01,2027-04-01,base,2028-10-01,True,True,True,0.0,0.0,14,0.6609999999999999,18000,90.0,109.8,13392000,8852111.999999998,3.4,30097180.799999993,53997.88319999999,2591898.3935999996,5900000.0,1504859.0399999998,9996757.4336,20100423.366399996,0.0,0.0,0.0,6796375.716295215,10686125.340086818,1122043160.709116,17482501.056382034,13304047.65010478,3326011.912526195,16774411.453873802,16774411.453873802,-708089.602508232,-708089.602508232,0.0,0.0,0.0,0.0,601943.6159999999,16172467.837873802,0.9250660294952477,93093903.98132937,214021718.3112588,0.4349740984975172,-1310033.2185082324,project_finance
S02,2030-01-01,Atlas Central,Texas,90,1.22,109.8,2028-07-01,2028-10-01,0,18000,3.4,48,5900000,0.17,0.22,0.85,20,12,0.25,0.75,0.072,10.0,0.15,2028-08-01,2027-10-01,2027-09-01,2028-07-01,2028-10-01,2027-04-01,base,2028-10-01,True,True,True,0.0,0.0,15,0.6925,18000,90.0,109.8,13392000,9273960.0,3.4,31531464.0,56571.155999999995,2715415.488,5900000.0,1576573.2000000002,10191988.688000001,21339475.312,0.0,0.0,0.0,6732258.964254695,10686125.34008682,1111357035.369029,17418384.304341514,14607216.347745303,3651804.0869363258,17687671.225063674,17687671.225063674,269286.9207221605,269286.9207221605,0.0,0.0,0.0,0.0,630629.28,17057041.945063673,0.9792551161482999,112022795.70879304,213252317.28677252,0.5253063466510876,-361342.3592778407,project_finance
S02,2030-02-01,Atlas Central,Texas,90,1.22,109.8,2028-07-01,2028-10-01,0,18000,3.4,48,5900000,0.17,0.22,0.85,20,12,0.25,0.75,0.072,10.0,0.15,2028-08-01,2027-10-01,2027-09-01,2028-07-01,2028-10-01,2027-04-01,base,2028-10-01,True,True,True,0.0,0.0,16,0.724,18000,90.0,109.8,12096000,8757504.0,3.4,29775513.599999998,53420.774399999995,2564197.1711999997,5900000.0,1488775.6800000002,9952972.8512,19822540.7488,0.0,0.0,0.0,6668142.212214174,10686125.340086818,1100670910.028942,17354267.55230099,13154398.536585825,3288599.634146456,16533941.114653543,16533941.114653543,-820326.437647447,-820326.437647447,0.0,0.0,0.0,0.0,595510.272,15938430.842653543,0.9184156458703598,128857800.82344657,212482916.26228628,0.6064384049792789,-1415836.7096474469,project_finance
S02,2030-03-01,Atlas Central,Texas,90,1.22,109.8,2028-07-01,2028-10-01,0,18000,3.4,48,5900000,0.17,0.22,0.85,20,12,0.25,0.75,0.072,10.0,0.15,2028-08-01,2027-10-01,2027-09-01,2028-07-01,2028-10-01,2027-04-01,base,2028-10-01,True,True,True,0.0,0.0,17,0.7555,18000,90.0,109.8,13392000,10117656.0,3.4,34400030.4,61717.70159999999,2962449.6767999995,5900000.0,1720001.52,10582451.1968,23817579.203199998,0.0,0.0,0.0,6604025.460173652,10686125.340086816,1089984784.6888554,17290150.80026047,17213553.743026346,4303388.4357565865,19514190.76744341,19514190.76744341,2224039.9671829417,2224039.9671829417,0.0,0.0,0.0,0.0,688000.608,18826190.159443412,1.0888389798867344,146331399.37489,211713515.23780003,0.6911764665119665,1536039.3591829427,project_finance
S02,2030-04-01,Atlas Central,Texas,90,1.22,109.8,2028-07-01,2028-10-01,0,18000,3.4,48,5900000,0.17,0.22,0.85,20,12,0.25,0.75,0.072,10.0,0.15,2028-08-01,2027-10-01,2027-09-01,2028-07-01,2028-10-01,2027-04-01,base,2028-10-01,True,True,True,0.0,0.0,18,0.787,18000,90.0,109.8,12960000,10199520.0,3.4,34678368.0,62217.072,2986419.4560000002,5900000.0,1733918.4000000001,10620337.856,24058030.144,0.0,0.0,0.0,6539908.708133131,10686125.340086818,1079298659.3487687,17226034.04821995,17518121.43586687,4379530.3589667175,19678499.785033286,19678499.785033286,2452465.7368133366,2452465.7368133366,0.0,0.0,0.0,0.0,693567.36,18984932.425033286,1.1021069836440438,162344650.63192326,210944114.2133138,0.7696097672000219,1758898.3768133372,project_finance
S02,2030-05-01,Atlas Central,Texas,90,1.22,109.8,2028-07-01,2028-10-01,0,18000,3.4,48,5900000,0.17,0.22,0.85,20,12,0.25,0.75,0.072,10.0,0.15,2028-08-01,2027-10-01,2027-09-01,2028-07-01,2028-10-01,2027-04-01,base,2028-10-01,True,True,True,0.0,0.0,19,0.8184999999999999,18000,90.0,109.8,13392000,10961351.999999998,3.4,37268596.79999999,66864.24719999998,3209483.865599999,5900000.0,1863429.8399999999,10972913.705599999,26295683.09439999,0.0,0.0,0.0,6475791.956092612,10686125.34008682,1068612534.0086819,17161917.296179432,19819891.138307378,4954972.784576844,21340710.309823144,21340710.309823144,4178793.013643712,4178793.013643712,0.0,0.0,0.0,0.0,745371.9359999998,20595338.373823144,1.2000604605178966,177556045.15294644,210174713.1888275,0.8448021289479508,3433421.077643711,project_finance
S02,2030-06-01,Atlas Central,Texas,90,1.22,109.8,2028-07-01,2028-10-01,0,18000,3.4,48,5900000,0.17,0.22,0.85,20,12,0.25,0.75,0.072,10.0,0.15,2028-08-01,2027-10-01,2027-09-01,2028-07-01,2028-10-01,2027-04-01,base,2028-10-01,True,True,True,0.0,0.0,20,0.85,18000,90.0,109.8,12960000,11016000.0,3.4,37454400.0,67197.59999999999,3225484.8,5900000.0,1872720.0000000002,10998204.8,26456195.2,0.0,0.0,0.0,6411675.204052091,10686125.34008682,1057926408.6685951,17097800.54413891,20044519.99594791,5011129.998986977,21445065.20101302,21445065.20101302,4347264.656874113,4347264.656874113,0.0,0.0,0.0,0.0,749088.0,20695977.20101302,1.2104467558610958,191087173.68082485,209405312.16434127,0.9125230477957486,3598176.656874113,project_finance
S02,2030-07-01,Atlas Central,Texas,90,1.22,109.8,2028-07-01,2028-10-01,0,18000,3.4,48,5900000,0.17,0.22,0.85,20,12,0.25,0.75,0.072,10.0,0.15,2028-08-01,2027-10-01,2027-09-01,2028-07-01,2028-10-01,2027-04-01,base,2028-10-01,True,True,True,0.0,0.0,21,0.85,18000,90.0,109.8,13392000,11383200.0,3.4,38702880.0,69437.51999999999,3333000.9599999995,5900000.0,1935144.0000000002,11168144.959999999,27534735.04,0.0,0.0,0.0,6347558.452011569,10686125.34008682,1047240283.3285083,17033683.792098388,21187176.58798843,5296794.146997107,22237940.89300289,22237940.89300289,5204257.100904502,5204257.100904502,0.0,0.0,0.0,0.0,774057.6,21463883.29300289,1.2600846390584983,203200685.9107033,208635911.13985503,0.9739487550371502,4430199.5009045005,project_finance
S02,2030-08-01,Atlas Central,Texas,90,1.22,109.8,2028-07-01,2028-10-01,0,18000,3.4,48,5900000,0.17,0.22,0.85,20,12,0.25,0.75,0.072,10.0,0.15,2028-08-01,2027-10-01,2027-09-01,2028-07-01,2028-10-01,2027-04-01,base,2028-10-01,True,True,True,0.0,0.0,22,0.85,18000,90.0,109.8,13392000,11383200.0,3.4,38702880.0,69437.51999999999,3333000.9599999995,5900000.0,1935144.0000000002,11168144.959999999,27534735.04,0.0,0.0,0.0,6283441.699971049,10686125.34008682,1036554157.9884214,16969567.040057868,21251293.34002895,5312823.335007237,22221911.704992764,22221911.704992764,5252344.664934896,5252344.664934896,0.0,0.0,0.0,0.0,774057.6,21447854.104992762,1.2639010797602308,213289032.0005817,207866510.11536878,1.026086558542804,4478287.064934894,project_finance
S02,2030-09-01,Atlas Central,Texas,90,1.22,109.8,2028-07-01,2028-10-01,0,18000,3.4,48,5900000,0.17,0.22,0.85,20,12,0.25,0.75,0.072,10.0,0.15,2028-08-01,2027-10-01,2027-09-01,2028-07-01,2028-10-01,2027-04-01,base,2028-10-01,True,True,True,0.0,0.0,23,0.85,18000,90.0,109.8,12960000,11016000.0,3.4,37454400.0,67197.59999999999,3225484.8,5900000.0,1872720.0000000002,10998204.8,26456195.2,0.0,0.0,0.0,6219324.947930528,10686125.34008682,1025868032.6483346,16905450.288017347,20236870.252069473,5059217.563017368,21396977.63698263,21396977.63698263,4491527.3489652835,4491527.3489652835,0.0,0.0,0.0,0.0,749088.0,20647889.63698263,1.2213747214777202,220940645.92846018,207097109.0908825,1.0668456305273801,3742439.3489652835,project_finance
S02,2030-10-01,Atlas Central,Texas,90,1.22,109.8,2028-07-01,2028-10-01,0,18000,3.4,48,5900000,0.17,0.22,0.85,20,12,0.25,0.75,0.072,10.0,0.15,2028-08-01,2027-10-01,2027-09-01,2028-07-01,2028-10-01,2027-04-01,base,2028-10-01,True,True,True,0.0,0.0,24,0.85,18000,90.0,109.8,13392000,11383200.0,3.4,38702880.0,69437.51999999999,3333000.9599999995,5900000.0,1935144.0000000002,11168144.959999999,27534735.04,0.0,0.0,0.0,6155208.195890007,10686125.34008682,1015181907.3082478,16841333.535976827,21379526.844109993,5344881.711027498,22189853.3289725,22189853.3289725,5348519.792995673,5348519.792995673,0.0,0.0,0.0,0.0,774057.6,21415795.7289725,1.2716211387431764,227953122.0339386,206327708.06639627,1.1048110027015046,4574462.192995671,project_finance
S02,2030-11-01,Atlas Central,Texas,90,1.22,109.8,2028-07-01,2028-10-01,0,18000,3.4,48,5900000,0.17,0.22,0.85,20,12,0.25,0.75,0.072,10.0,0.15,2028-08-01,2027-10-01,2027-09-01,2028-07-01,2028-10-01,2027-04-01,base,2028-10-01,True,True,True,0.0,0.0,25,0.85,18000,90.0,109.8,12960000,11016000.0,3.4,37454400.0,67197.59999999999,3225484.8,5900000.0,1872720.0000000002,10998204.8,26456195.2,0.0,0.0,0.0,6091091.443849486,10686125.34008682,1004495781.968161,16777216.783936307,20365103.756150514,5091275.9390376285,21364919.26096237,21364919.26096237,4587702.477026064,4587702.477026064,0.0,0.0,0.0,0.0,749088.0,20615831.26096237,1.228799241641881,233861632.80981705,205558307.04191005,1.1376900120224107,3838614.477026064,project_finance
S02,2030-12-01,Atlas Central,Texas,90,1.22,109.8,2028-07-01,2028-10-01,0,18000,3.4,48,5900000,0.17,0.22,0.85,20,12,0.25,0.75,0.072,10.0,0.15,2028-08-01,2027-10-01,2027-09-01,2028-07-01,2028-10-01,2027-04-01,base,2028-10-01,True,True,True,0.0,0.0,26,0.85,18000,90.0,109.8,13392000,11383200.0,3.4,38702880.0,69437.51999999999,3333000.9599999995,5900000.0,1935144.0000000002,11168144.959999999,27534735.04,0.0,0.0,0.0,6026974.691808965,10686125.34008682,993809656.6280742,16713100.031895785,21507760.348191034,5376940.0870477585,22157794.95295224,22157794.95295224,5444694.921056455,5444694.921056455,0.0,0.0,0.0,0.0,774057.6,21383737.35295224,1.2794596641043774,239072902.32489547,204788906.01742378,1.1674113943679876,4670637.3210564535,project_finance
S02,2031-01-01,Atlas Central,Texas,90,1.22,109.8,2028-07-01,2028-10-01,0,18000,3.4,48,5900000,0.17,0.22,0.85,20,12,0.25,0.75,0.072,10.0,0.15,2028-08-01,2027-10-01,2027-09-01,2028-07-01,2028-10-01,2027-04-01,base,2028-10-01,True,True,True,0.0,0.0,27,0.85,18000,90.0,109.8,13392000,11383200.0,3.4,38702880.0,69437.51999999999,3333000.9599999995,5900000.0,1935144.0000000002,11168144.959999999,27534735.04,0.0,0.0,0.0,5962857.939768444,10686125.34008682,983123531.2879874,16648983.279855262,21571877.100231554,5392969.275057889,22141765.76494211,22141765.76494211,5492782.485086847,5492782.485086847,0.0,0.0,0.0,0.0,774057.6,21367708.164942108,1.2834242070983608,243383568.5447739,204019504.99293754,1.192942648072786,4718724.885086846,project_finance
S02,2031-02-01,Atlas Central,Texas,90,1.22,109.8,2028-07-01,2028-10-01,0,18000,3.4,48,5900000,0.17,0.22,0.85,20,12,0.25,0.75,0.072,10.0,0.15,2028-08-01,2027-10-01,2027-09-01,2028-07-01,2028-10-01,2027-04-01,base,2028-10-01,True,True,True,0.0,0.0,28,0.85,18000,90.0,109.8,12096000,10281600.0,3.4,34957440.0,62717.75999999999,3010452.4799999995,5900000.0,1747872.0000000002,10658324.48,24299115.52,0.0,0.0,0.0,5898741.1877279235,10686125.34008682,972437405.9479005,16584866.527814742,18400374.332272075,4600093.583068019,19699021.936931983,19699021.936931983,3114155.4091172405,3114155.4091172405,0.0,0.0,0.0,0.0,699148.8,18999873.136931982,1.1456150765559068,246445010.83905232,203250103.9684513,1.2125209583032035,2415006.6091172397,project_finance
S02,2031-03-01,Atlas Central,Texas,90,1.22,109.8,2028-07-01,2028-10-01,0,18000,3.4,48,5900000,0.17,0.22,0.85,20,12,0.25,0.75,0.072,10.0,0.15,2028-08-01,2027-10-01,2027-09-01,2028-07-01,2028-10-01,2027-04-01,base,2028-10-01,True,True,True,0.0,0.0,29,0.85,18000,90.0,109.8,13392000,11383200.0,3.4,38702880.0,69437.51999999999,3333000.9599999995,5900000.0,1935144.0000000002,11168144.959999999,27534735.04,0.0,0.0,0.0,5834624.435687402,10686125.34008682,961751280.6078137,16520749.775774222,21700110.6043126,5425027.65107815,22109707.38892185,22109707.38892185,5588957.613147628,5588957.613147628,0.0,0.0,0.0,0.0,774057.6,21335649.788921848,1.2914456110344412,248954470.46853077,202480702.94396502,1.2295219586304331,4814900.013147626,project_finance
S02,2031-04-01,Atlas Central,Texas,90,1.22,109.8,2028-07-01,2028-10-01,0,18000,3.4,48,5900000,0.17,0.22,0.85,20,12,0.25,0.75,0.072,10.0,0.15,2028-08-01,2027-10-01,2027-09-01,2028-07-01,2028-10-01,2027-04-01,base,2028-10-01,True,True,True,0.0,0.0,30,0.85,18000,90.0,109.8,12960000,11016000.0,3.4,37454400.0,67197.59999999999,3225484.8,5900000.0,1872720.0000000002,10998204.8,26456195.2,0.0,0.0,0.0,5770507.683646882,10686125.34008682,951065155.2677269,16456633.023733702,20685687.516353115,5171421.879088279,21284773.32091172,21284773.32091172,4828140.297178019,4828140.297178019,0.0,0.0,0.0,0.0,749088.0,20535685.32091172,1.2478667593362034,250505223.3644092,201711301.91947877,1.2418997893554249,4079052.297178019,project_finance
S02,2031-05-01,Atlas Central,Texas,90,1.22,109.8,2028-07-01,2028-10-01,0,18000,3.4,48,5900000,0.17,0.22,0.85,20,12,0.25,0.75,0.072,10.0,0.15,2028-08-01,2027-10-01,2027-09-01,2028-07-01,2028-10-01,2027-04-01,base,2028-10-01,True,True,True,0.0,0.0,31,0.85,18000,90.0,109.8,13392000,11383200.0,3.4,38702880.0,69437.51999999999,3333000.9599999995,5900000.0,1935144.0000000002,11168144.959999999,27534735.04,0.0,0.0,0.0,5706390.931606361,10686125.34008682,940379029.9276401,16392516.271693181,21828344.10839364,5457086.02709841,22077649.01290159,22077649.01290159,5685132.741208408,5685132.741208408,0.0,0.0,0.0,0.0,774057.6,21303591.412901588,1.2995925128156753,251213476.40348765,200941900.89499256,1.2501796553361253,4911075.141208407,project_finance
S02,2031-06-01,Atlas Central,Texas,90,1.22,109.8,2028-07-01,2028-10-01,0,18000,3.4,48,5900000,0.17,0.22,0.85,20,12,0.25,0.75,0.072,10.0,0.15,2028-08-01,2027-10-01,2027-09-01,2028-07-01,2028-10-01,2027-04-01,base,2028-10-01,True,True,True,0.0,0.0,32,0.85,18000,90.0,109.8,12960000,11016000.0,3.4,37454400.0,67197.59999999999,3225484.8,5900000.0,1872720.0000000002,10998204.8,26456195.2,0.0,0.0,0.0,5642274.1795658395,10686125.34008682,929692904.5875533,16328399.51965266,20813921.02043416,5203480.25510854,21252714.94489146,21252714.94489146,4924315.425238801,4924315.425238801,0.0,0.0,0.0,0.0,749088.0,20503626.94489146,1.2557034092786343,251021126.1473661,200172499.8705063,1.2540240358178787,4175227.425238801,project_finance
S02,2031-07-01,Atlas Central,Texas,90,1.22,109.8,2028-07-01,2028-10-01,0,18000,3.4,48,5900000,0.17,0.22,0.85,20,12,0.25,0.75,0.072,10.0,0.15,2028-08-01,2027-10-01,2027-09-01,2028-07-01,2028-10-01,2027-04-01,base,2028-10-01,True,True,True,0.0,0.0,33,0.85,18000,90.0,109.8,13392000,11383200.0,3.4,38702880.0,69437.51999999999,3333000.9599999995,5900000.0,1935144.0000000002,11168144.959999999,27534735.04,0.0,0.0,0.0,5578157.427525319,10686125.34008682,919006779.2474664,16264282.767612139,21956577.61247468,5489144.40311867,22045590.63688133,22045590.63688133,5781307.86926919,5781307.86926919,0.0,0.0,0.0,0.0,774057.6,21271533.036881328,1.307867880853644,250828775.89124453,199403098.84602004,1.257898083544507,5007250.269269189,project_finance
S02,2031-08-01,Atlas Central,Texas,90,1.22,109.8,2028-07-01,2028-10-01,0,18000,3.4,48,5900000,0.17,0.22,0.85,20,12,0.25,0.75,0.072,10.0,0.15,2028-08-01,2027-10-01,2027-09-01,2028-07-01,2028-10-01,2027-04-01,base,2028-10-01,True,True,True,0.0,0.0,34,0.85,18000,90.0,109.8,13392000,11383200.0,3.4,38702880.0,69437.51999999999,3333000.9599999995,5900000.0,1935144.0000000002,11168144.959999999,27534735.04,0.0,0.0,0.0,5514040.675484798,10686125.34008682,908320653.9073796,16200166.015571617,22020694.3645152,5505173.5911288,22029561.4488712,22029561.4488712,5829395.433299582,5829395.433299582,0.0,0.0,0.0,0.0,774057.6,21255503.848871198,1.3120546930469963,250636425.63512298,198633697.82153377,1.2618021432612712,5055337.833299581,project_finance
S02,2031-09-01,Atlas Central,Texas,90,1.22,109.8,2028-07-01,2028-10-01,0,18000,3.4,48,5900000,0.17,0.22,0.85,20,12,0.25,0.75,0.072,10.0,0.15,2028-08-01,2027-10-01,2027-09-01,2028-07-01,2028-10-01,2027-04-01,base,2028-10-01,True,True,True,0.0,0.0,35,0.85,18000,90.0,109.8,12960000,11016000.0,3.4,37454400.0,67197.59999999999,3225484.8,5900000.0,1872720.0000000002,10998204.8,26456195.2,0.0,0.0,0.0,5449923.923444277,10686125.34008682,897634528.5672928,16136049.263531096,21006271.276555724,5251567.819138931,21204627.380861066,21204627.380861066,5068578.11732997,5068578.11732997,0.0,0.0,0.0,0.0,749088.0,20455539.380861066,1.2676919267402338,250444075.3790014,197864296.79704756,1.2657365650756374,4319490.11732997,project_finance
S02,2031-10-01,Atlas Central,Texas,90,1.22,109.8,2028-07-01,2028-10-01,0,18000,3.4,48,5900000,0.17,0.22,0.85,20,12,0.25,0.75,0.072,10.0,0.15,2028-08-01,2027-10-01,2027-09-01,2028-07-01,2028-10-01,2027-04-01,base,2028-10-01,True,True,True,0.0,0.0,36,0.85,18000,90.0,109.8,13392000,11383200.0,3.4,38702880.0,69437.51999999999,3333000.9599999995,5900000.0,1935144.0000000002,11168144.959999999,27534735.04,0.0,0.0,0.0,5385807.171403756,10686125.34008682,886948403.227206,16071932.511490576,22148927.86859624,5537231.96714906,21997503.07285094,21997503.07285094,5925570.561360363,5925570.561360363,0.0,0.0,0.0,0.0,774057.6,21223445.472850937,1.3205285336830095,250251725.12287983,197094895.77256128,1.2697017045619443,5151512.961360361,project_finance
S02,2031-11-01,Atlas Central,Texas,90,1.22,109.8,2028-07-01,2028-10-01,0,18000,3.4,48,5900000,0.17,0.22,0.85,20,12,0.25,0.75,0.072,10.0,0.15,2028-08-01,2027-10-01,2027-09-01,2028-07-01,2028-10-01,2027-04-01,base,2028-10-01,True,True,True,0.0,0.0,37,0.85,18000,90.0,109.8,12960000,11016000.0,3.4,37454400.0,67197.59999999999,3225484.8,5900000.0,1872720.0000000002,10998204.8,26456195.2,0.0,0.0,0.0,5321690.419363235,10686125.34008682,876262277.8871192,16007815.759450056,21134504.780636765,5283626.195159191,21172569.004840806,21172569.004840806,5164753.2453907505,5164753.2453907505,0.0,0.0,0.0,0.0,749088.0,20423481.004840806,1.2758443320278725,250059374.8667583,196325494.74807504,1.273697922868523,4415665.2453907505,project_finance
S02,2031-12-01,Atlas Central,Texas,90,1.22,109.8,2028-07-01,2028-10-01,0,18000,3.4,48,5900000,0.17,0.22,0.85,20,12,0.25,0.75,0.072,10.0,0.15,2028-08-01,2027-10-01,2027-09-01,2028-07-01,2028-10-01,2027-04-01,base,2028-10-01,True,True,True,0.0,0.0,38,0.85,18000,90.0,109.8,13392000,11383200.0,3.4,38702880.0,69437.51999999999,3333000.9599999995,5900000.0,1935144.0000000002,11168144.959999999,27534735.04,0.0,0.0,0.0,5257573.667322715,10686125.34008682,865576152.5470324,15943699.007409535,22277161.372677285,5569290.343169321,21965444.69683068,21965444.69683068,6021745.689421143,6021745.689421143,0.0,0.0,0.0,0.0,774057.6,21191387.096830677,1.329138682747484,249867024.6106367,195556093.72358876,1.27772558682735,5247688.089421142,project_finance
S03,2027-01-01,Atlas West,Nevada,45,1.18,53.1,2029-01-01,2029-04-01,0,9000,3.65,55,3400000,0.19,0.2,0.8,16,8,0.25,0.75,0.072,10.0,0.15,2029-02-01,2028-03-01,2028-02-01,2029-01-01,2029-04-01,2027-09-01,base,2029-04-01,False,False,False,0.0,0.0,-27,0.0,0,0.0,0.0,0,0.0,3.65,0.0,0.0,0.0,0.0,0.0,0.0,0.0,0.0,0.0,0.0,0.0,0.0,0.0,0.0,0.0,0.0,0.0,0.0,0.0,0.0,0.0,0.0,0.0,0.0,0.0,0.0,,,,,0.0,project_finance
S03,2027-02-01,Atlas West,Nevada,45,1.18,53.1,2029-01-01,2029-04-01,0,9000,3.65,55,3400000,0.19,0.2,0.8,16,8,0.25,0.75,0.072,10.0,0.15,2029-02-01,2028-03-01,2028-02-01,2029-01-01,2029-04-01,2027-09-01,base,2029-04-01,False,False,False,0.0,0.0,-26,0.0,0,0.0,0.0,0,0.0,3.65,0.0,0.0,0.0,0.0,0.0,0.0,0.0,0.0,0.0,0.0,0.0,0.0,0.0,0.0,0.0,0.0,0.0,0.0,0.0,0.0,0.0,0.0,0.0,0.0,0.0,0.0,,,,,0.0,project_finance
S03,2027-03-01,Atlas West,Nevada,45,1.18,53.1,2029-01-01,2029-04-01,0,9000,3.65,55,3400000,0.19,0.2,0.8,16,8,0.25,0.75,0.072,10.0,0.15,2029-02-01,2028-03-01,2028-02-01,2029-01-01,2029-04-01,2027-09-01,base,2029-04-01,False,False,False,0.0,0.0,-25,0.0,0,0.0,0.0,0,0.0,3.65,0.0,0.0,0.0,0.0,0.0,0.0,0.0,0.0,0.0,0.0,0.0,0.0,0.0,0.0,0.0,0.0,0.0,0.0,0.0,0.0,0.0,0.0,0.0,0.0,0.0,0.0,,,,,0.0,project_finance
S03,2027-04-01,Atlas West,Nevada,45,1.18,53.1,2029-01-01,2029-04-01,0,9000,3.65,55,3400000,0.19,0.2,0.8,16,8,0.25,0.75,0.072,10.0,0.15,2029-02-01,2028-03-01,2028-02-01,2029-01-01,2029-04-01,2027-09-01,base,2029-04-01,False,False,False,0.0,0.0,-24,0.0,0,0.0,0.0,0,0.0,3.65,0.0,0.0,0.0,0.0,0.0,0.0,0.0,0.0,0.0,0.0,0.0,0.0,0.0,0.0,0.0,0.0,0.0,0.0,0.0,0.0,0.0,0.0,0.0,0.0,0.0,0.0,,,,,0.0,project_finance
S03,2027-05-01,Atlas West,Nevada,45,1.18,53.1,2029-01-01,2029-04-01,0,9000,3.65,55,3400000,0.19,0.2,0.8,16,8,0.25,0.75,0.072,10.0,0.15,2029-02-01,2028-03-01,2028-02-01,2029-01-01,2029-04-01,2027-09-01,base,2029-04-01,False,False,False,0.0,0.0,-23,0.0,0,0.0,0.0,0,0.0,3.65,0.0,0.0,0.0,0.0,0.0,0.0,0.0,0.0,0.0,0.0,0.0,0.0,0.0,0.0,0.0,0.0,0.0,0.0,0.0,0.0,0.0,0.0,0.0,0.0,0.0,0.0,,,,,0.0,project_finance
S03,2027-06-01,Atlas West,Nevada,45,1.18,53.1,2029-01-01,2029-04-01,0,9000,3.65,55,3400000,0.19,0.2,0.8,16,8,0.25,0.75,0.072,10.0,0.15,2029-02-01,2028-03-01,2028-02-01,2029-01-01,2029-04-01,2027-09-01,base,2029-04-01,False,False,False,0.0,0.0,-22,0.0,0,0.0,0.0,0,0.0,3.65,0.0,0.0,0.0,0.0,0.0,0.0,0.0,0.0,0.0,0.0,0.0,0.0,0.0,0.0,0.0,0.0,0.0,0.0,0.0,0.0,0.0,0.0,0.0,0.0,0.0,0.0,,,,,0.0,project_finance
S03,2027-07-01,Atlas West,Nevada,45,1.18,53.1,2029-01-01,2029-04-01,0,9000,3.65,55,3400000,0.19,0.2,0.8,16,8,0.25,0.75,0.072,10.0,0.15,2029-02-01,2028-03-01,2028-02-01,2029-01-01,2029-04-01,2027-09-01,base,2029-04-01,False,False,False,0.0,0.0,-21,0.0,0,0.0,0.0,0,0.0,3.65,0.0,0.0,0.0,0.0,0.0,0.0,0.0,0.0,0.0,0.0,0.0,0.0,0.0,0.0,0.0,0.0,0.0,0.0,0.0,0.0,0.0,0.0,0.0,0.0,0.0,0.0,,,,,0.0,project_finance
S03,2027-08-01,Atlas West,Nevada,45,1.18,53.1,2029-01-01,2029-04-01,0,9000,3.65,55,3400000,0.19,0.2,0.8,16,8,0.25,0.75,0.072,10.0,0.15,2029-02-01,2028-03-01,2028-02-01,2029-01-01,2029-04-01,2027-09-01,base,2029-04-01,False,False,False,0.0,0.0,-20,0.0,0,0.0,0.0,0,0.0,3.65,0.0,0.0,0.0,0.0,0.0,0.0,0.0,0.0,0.0,0.0,0.0,0.0,0.0,0.0,0.0,0.0,0.0,0.0,0.0,0.0,0.0,0.0,0.0,0.0,0.0,0.0,,,,,0.0,project_finance
S03,2027-09-01,Atlas West,Nevada,45,1.18,53.1,2029-01-01,2029-04-01,0,9000,3.65,55,3400000,0.19,0.2,0.8,16,8,0.25,0.75,0.072,10.0,0.15,2029-02-01,2028-03-01,2028-02-01,2029-01-01,2029-04-01,2027-09-01,base,2029-04-01,False,False,False,1841503.4761995617,0.0,-19,0.0,0,0.0,0.0,0,0.0,3.65,0.0,0.0,0.0,0.0,0.0,0.0,0.0,1841503.4761995617,0.0,0.0,0.0,0.0,0.0,0.0,0.0,0.0,0.0,-1841503.4761995617,-1841503.4761995617,0.0,0.0,0.0,92075.17380997809,1841503.4761995617,0.0,0.0,,,,,-1841503.4761995617,project_finance
S03,2027-10-01,Atlas West,Nevada,45,1.18,53.1,2029-01-01,2029-04-01,0,9000,3.65,55,3400000,0.19,0.2,0.8,16,8,0.25,0.75,0.072,10.0,0.15,2029-02-01,2028-03-01,2028-02-01,2029-01-01,2029-04-01,2027-09-01,base,2029-04-01,False,False,False,10019508.603094,0.0,-18,0.0,0,0.0,0.0,0,0.0,3.65,0.0,0.0,0.0,0.0,0.0,0.0,0.0,10019508.603094,0.0,0.0,0.0,0.0,0.0,0.0,0.0,0.0,0.0,-10019508.603094,-10019508.603094,0.0,0.0,0.0,500975.43015470007,10019508.603094,0.0,0.0,,,,,-10019508.603094,project_finance
S03,2027-11-01,Atlas West,Nevada,45,1.18,53.1,2029-01-01,2029-04-01,0,9000,3.65,55,3400000,0.19,0.2,0.8,16,8,0.25,0.75,0.072,10.0,0.15,2029-02-01,2028-03-01,2028-02-01,2029-01-01,2029-04-01,2027-09-01,base,2029-04-01,False,False,False,13479796.8163829,0.0,-17,0.0,0,0.0,0.0,0,0.0,3.65,0.0,0.0,0.0,0.0,0.0,0.0,0.0,13479796.8163829,0.0,0.0,0.0,0.0,0.0,0.0,0.0,0.0,0.0,-13479796.8163829,-13479796.8163829,0.0,0.0,0.0,673989.8408191451,13479796.8163829,0.0,0.0,,,,,-13479796.8163829,project_finance
S03,2027-12-01,Atlas West,Nevada,45,1.18,53.1,2029-01-01,2029-04-01,0,9000,3.65,55,3400000,0.19,0.2,0.8,16,8,0.25,0.75,0.072,10.0,0.15,2029-02-01,2028-03-01,2028-02-01,2029-01-01,2029-04-01,2027-09-01,base,2029-04-01,False,False,False,10380864.639866699,0.0,-16,0.0,0,0.0,0.0,0,0.0,3.65,0.0,0.0,0.0,0.0,0.0,0.0,0.0,10380864.639866699,0.0,0.0,0.0,0.0,0.0,0.0,0.0,0.0,0.0,-10380864.639866699,-10380864.639866699,0.0,0.0,0.0,519043.23199333495,10380864.639866699,0.0,0.0,,0.0,0.0,,-10380864.639866699,project_finance
S03,2028-01-01,Atlas West,Nevada,45,1.18,53.1,2029-01-01,2029-04-01,0,9000,3.65,55,3400000,0.19,0.2,0.8,16,8,0.25,0.75,0.072,10.0,0.15,2029-02-01,2028-03-01,2028-02-01,2029-01-01,2029-04-01,2027-09-01,base,2029-04-01,False,False,False,7281932.463350503,0.0,-15,0.0,0,0.0,0.0,0,0.0,3.65,0.0,0.0,0.0,0.0,0.0,0.0,0.0,7281932.463350503,0.0,0.0,0.0,0.0,0.0,0.0,0.0,0.0,0.0,-7281932.463350503,-7281932.463350503,0.0,0.0,0.0,364096.62316752516,7281932.463350503,0.0,0.0,,0.0,0.0,,-7281932.463350503,project_finance
S03,2028-02-01,Atlas West,Nevada,45,1.18,53.1,2029-01-01,2029-04-01,0,9000,3.65,55,3400000,0.19,0.2,0.8,16,8,0.25,0.75,0.072,10.0,0.15,2029-02-01,2028-03-01,2028-02-01,2029-01-01,2029-04-01,2027-09-01,base,2029-04-01,False,False,False,5284949.312321561,0.0,-14,0.0,0,0.0,0.0,0,0.0,3.65,0.0,0.0,0.0,0.0,0.0,0.0,0.0,5284949.312321561,0.0,0.0,0.0,0.0,0.0,0.0,0.0,0.0,0.0,-5284949.312321561,-5284949.312321561,0.0,0.0,0.0,264247.46561607806,5284949.312321561,0.0,0.0,,0.0,0.0,,-5284949.312321561,project_finance
S03,2028-03-01,Atlas West,Nevada,45,1.18,53.1,2029-01-01,2029-04-01,0,9000,3.65,55,3400000,0.19,0.2,0.8,16,8,0.25,0.75,0.072,10.0,0.15,2029-02-01,2028-03-01,2028-02-01,2029-01-01,2029-04-01,2027-09-01,base,2029-04-01,False,False,False,12707986.382705985,0.0,-13,0.0,0,0.0,0.0,0,0.0,3.65,0.0,0.0,0.0,0.0,0.0,0.0,0.0,12707986.382705985,0.0,0.0,0.0,0.0,0.0,0.0,0.0,0.0,0.0,-12707986.382705985,-12707986.382705985,0.0,0.0,0.0,635399.3191352993,12707986.382705985,0.0,0.0,,0.0,0.0,,-12707986.382705985,project_finance
S03,2028-04-01,Atlas West,Nevada,45,1.18,53.1,2029-01-01,2029-04-01,0,9000,3.65,55,3400000,0.19,0.2,0.8,16,8,0.25,0.75,0.072,10.0,0.15,2029-02-01,2028-03-01,2028-02-01,2029-01-01,2029-04-01,2027-09-01,base,2029-04-01,False,False,False,20188443.777989022,0.0,-12,0.0,0,0.0,0.0,0,0.0,3.65,0.0,0.0,0.0,0.0,0.0,0.0,0.0,20188443.777989022,0.0,0.0,0.0,0.0,0.0,0.0,0.0,0.0,0.0,-20188443.777989022,-20188443.777989022,0.0,0.0,0.0,1009422.1888994512,20188443.777989022,0.0,0.0,,0.0,0.0,,-20188443.777989022,project_finance
S03,2028-05-01,Atlas West,Nevada,45,1.18,53.1,2029-01-01,2029-04-01,0,9000,3.65,55,3400000,0.19,0.2,0.8,16,8,0.25,0.75,0.072,10.0,0.15,2029-02-01,2028-03-01,2028-02-01,2029-01-01,2029-04-01,2027-09-01,base,2029-04-01,False,False,False,35357287.211776875,0.0,-11,0.0,0,0.0,0.0,0,0.0,3.65,0.0,0.0,0.0,0.0,0.0,0.0,0.0,35357287.211776875,0.0,0.0,0.0,0.0,0.0,0.0,0.0,0.0,0.0,-35357287.211776875,-35357287.211776875,0.0,0.0,0.0,1767864.360588844,35357287.211776875,0.0,0.0,,0.0,0.0,,-35357287.211776875,project_finance
S03,2028-06-01,Atlas West,Nevada,45,1.18,53.1,2029-01-01,2029-04-01,0,9000,3.65,55,3400000,0.19,0.2,0.8,16,8,0.25,0.75,0.072,10.0,0.15,2029-02-01,2028-03-01,2028-02-01,2029-01-01,2029-04-01,2027-09-01,base,2029-04-01,False,False,False,50526130.64556474,0.0,-10,0.0,0,0.0,0.0,0,0.0,3.65,0.0,0.0,0.0,0.0,0.0,0.0,0.0,41099828.14862582,9426302.49693892,56557.81498163351,0.0,0.0,9482860.311920553,0.0,0.0,0.0,0.0,-50526130.64556474,-41099828.14862582,-1.862645149230957e-09,0.0,0.0,2526306.5322782374,41099828.14862582,0.0,0.0,,0.0,0.0,,-41099828.14862582,project_finance
S03,2028-07-01,Atlas West,Nevada,45,1.18,53.1,2029-01-01,2029-04-01,0,9000,3.65,55,3400000,0.19,0.2,0.8,16,8,0.25,0.75,0.072,10.0,0.15,2029-02-01,2028-03-01,2028-02-01,2029-01-01,2029-04-01,2027-09-01,base,2029-04-01,False,False,False,65694974.07935259,0.0,-9,0.0,0,0.0,0.0,0,0.0,3.65,0.0,0.0,0.0,0.0,0.0,0.0,0.0,16423743.519838147,49271230.55951444,352524.54522860993,0.0,0.0,59106615.4166636,0.0,0.0,0.0,0.0,-65694974.07935259,-16423743.519838147,0.0,0.0,0.0,3284748.7039676295,16423743.519838147,0.0,0.0,,0.0,0.0,,-16423743.519838147,project_finance
S03,2028-08-01,Atlas West,Nevada,45,1.18,53.1,2029-01-01,2029-04-01,0,9000,3.65,55,3400000,0.19,0.2,0.8,16,8,0.25,0.75,0.072,10.0,0.15,2029-02-01,2028-03-01,2028-02-01,2029-01-01,2029-04-01,2027-09-01,base,2029-04-01,False,False,False,80863817.51314044,0.0,-8,0.0,0,0.0,0.0,0,0.0,3.65,0.0,0.0,0.0,0.0,0.0,0.0,0.0,20215954.37828511,60647863.13485533,718526.8713091135,0.0,0.0,120473005.42282805,0.0,0.0,0.0,0.0,-80863817.51314044,-20215954.37828511,0.0,0.0,0.0,4043190.875657022,20215954.37828511,0.0,0.0,,0.0,0.0,,-20215954.37828511,project_finance
S03,2028-09-01,Atlas West,Nevada,45,1.18,53.1,2029-01-01,2029-04-01,0,9000,3.65,55,3400000,0.19,0.2,0.8,16,8,0.25,0.75,0.072,10.0,0.15,2029-02-01,2028-03-01,2028-02-01,2029-01-01,2029-04-01,2027-09-01,base,2029-04-01,False,False,False,87435778.33939837,0.0,-7,0.0,0,0.0,0.0,0,0.0,3.65,0.0,0.0,0.0,0.0,0.0,0.0,0.0,21858944.584849592,65576833.75454877,1116299.0350642607,0.0,0.0,187166138.21244106,0.0,0.0,0.0,0.0,-87435778.33939837,-21858944.584849596,0.0,0.0,0.0,4371788.916969919,21858944.584849592,0.0,0.0,,0.0,0.0,,-21858944.584849596,project_finance
S03,2028-10-01,Atlas West,Nevada,45,1.18,53.1,2029-01-01,2029-04-01,0,9000,3.65,55,3400000,0.19,0.2,0.8,16,8,0.25,0.75,0.072,10.0,0.15,2029-02-01,2028-03-01,2028-02-01,2029-01-01,2029-04-01,2027-09-01,base,2029-04-01,False,False,False,87562113.84849827,0.0,-6,0.0,0,0.0,0.0,0,0.0,3.65,0.0,0.0,0.0,0.0,0.0,0.0,0.0,21890528.462124567,65671585.3863737,1517026.3415928883,0.0,0.0,254354749.94040763,0.0,0.0,0.0,0.0,-87562113.84849827,-21890528.46212457,0.0,0.0,0.0,4378105.692424914,21890528.462124567,0.0,0.0,,0.0,0.0,,-21890528.46212457,project_finance
S03,2028-11-01,Atlas West,Nevada,45,1.18,53.1,2029-01-01,2029-04-01,0,9000,3.65,55,3400000,0.19,0.2,0.8,16,8,0.25,0.75,0.072,10.0,0.15,2029-02-01,2028-03-01,2028-02-01,2029-01-01,2029-04-01,2027-09-01,base,2029-04-01,False,False,False,70410962.44660339,0.0,-5,0.0,0,0.0,0.0,0,0.0,3.65,0.0,0.0,0.0,0.0,0.0,0.0,0.0,17602740.611650847,52808221.83495254,1842977.8306521608,0.0,0.0,309005949.60601234,0.0,0.0,0.0,0.0,-70410962.44660339,-17602740.611650847,0.0,0.0,0.0,3520548.1223301697,17602740.611650847,0.0,0.0,,0.0,0.0,,-17602740.611650847,project_finance
S03,2028-12-01,Atlas West,Nevada,45,1.18,53.1,2029-01-01,2029-04-01,0,9000,3.65,55,3400000,0.19,0.2,0.8,16,8,0.25,0.75,0.072,10.0,0.15,2029-02-01,2028-03-01,2028-02-01,2029-01-01,2029-04-01,2027-09-01,base,2029-04-01,False,False,False,35982324.13371378,0.0,-4,0.0,0,0.0,0.0,0,0.0,3.65,0.0,0.0,0.0,0.0,0.0,0.0,0.0,8995581.033428445,26986743.100285336,2015956.156237786,0.0,0.0,338008648.8625355,0.0,0.0,0.0,0.0,-35982324.13371378,-8995581.033428445,0.0,0.0,0.0,1799116.2066856893,8995581.033428445,0.0,0.0,,0.0,0.0,,-8995581.033428445,project_finance
S03,2029-01-01,Atlas West,Nevada,45,1.18,53.1,2029-01-01,2029-04-01,0,9000,3.65,55,3400000,0.19,0.2,0.8,16,8,0.25,0.75,0.072,10.0,0.15,2029-02-01,2028-03-01,2028-02-01,2029-01-01,2029-04-01,2027-09-01,base,2029-04-01,True,False,False,59871568.26220668,18129496.402877696,-3,0.0,0,0.0,0.0,0,0.0,3.65,0.0,0.0,0.0,0.0,0.0,0.0,0.0,14967892.06555167,44903676.19665501,2297473.950355143,0.0,0.0,385209799.0095457,0.0,0.0,0.0,0.0,-59871568.26220668,-14967892.065551668,0.0,0.0,0.0,2993578.4131103344,14967892.06555167,0.0,0.0,,0.0,0.0,,-14967892.065551668,project_finance
S03,2029-02-01,Atlas West,Nevada,45,1.18,53.1,2029-01-01,2029-04-01,0,9000,3.65,55,3400000,0.19,0.2,0.8,16,8,0.25,0.75,0.072,10.0,0.15,2029-02-01,2028-03-01,2028-02-01,2029-01-01,2029-04-01,2027-09-01,base,2029-04-01,True,True,False,141153223.51546046,107913669.06474818,-2,0.0,0,0.0,0.0,0,0.0,3.65,0.0,0.0,0.0,0.0,0.0,0.0,0.0,35288305.878865115,105864917.63659534,2946448.299876846,0.0,0.0,494021164.9460179,0.0,0.0,0.0,0.0,-141153223.51546046,-35288305.87886512,0.0,0.0,0.0,7057661.175773024,35288305.878865115,0.0,0.0,,0.0,0.0,,-35288305.87886512,project_finance
S03,2029-03-01,Atlas West,Nevada,45,1.18,53.1,2029-01-01,2029-04-01,0,9000,3.65,55,3400000,0.19,0.2,0.8,16,8,0.25,0.75,0.072,10.0,0.15,2029-02-01,2028-03-01,2028-02-01,2029-01-01,2029-04-01,2027-09-01,base,2029-04-01,True,True,False,215827338.12949637,215827338.12949637,-1,0.0,0,0.0,0.0,0,0.0,3.65,0.0,0.0,0.0,0.0,0.0,0.0,0.0,53956834.53237409,161870503.59712228,3935350.0112588406,0.0,0.0,659827018.554399,0.0,0.0,0.0,0.0,-215827338.12949637,-53956834.532374084,0.0,0.0,0.0,10791366.90647482,53956834.53237409,0.0,0.0,,0.0,0.0,,-53956834.532374084,project_finance
S03,2029-04-01,Atlas West,Nevada,45,1.18,53.1,2029-01-01,2029-04-01,0,9000,3.65,55,3400000,0.19,0.2,0.8,16,8,0.25,0.75,0.072,10.0,0.15,2029-02-01,2028-03-01,2028-02-01,2029-01-01,2029-04-01,2027-09-01,base,2029-04-01,True,True,True,18129496.402877696,18129496.402877696,0,0.2,1125,5.625,6.637499999999999,810000,162000.0,3.65,591300.0,955.7999999999998,52568.99999999999,3400000.0,30780.0,3483349.0,-2892049.0,4532374.100719424,13597122.302158272,0.0,4040544.845139343,5611867.840471311,667812273.016086,9652412.685610654,0.0,0.0,-2892049.0,-21021545.402877696,-17076835.786330078,-12544461.685610654,0.0,0.0,906474.8201438849,4532374.100719424,11826.0,-2903875.0,-0.30084447221459515,-2903875.0,9652412.685610654,-0.30084447221459515,-17088661.786330078,project_finance
S03,2029-05-01,Atlas West,Nevada,45,1.18,53.1,2029-01-01,2029-04-01,0,9000,3.65,55,3400000,0.19,0.2,0.8,16,8,0.25,0.75,0.072,10.0,0.15,2029-02-01,2028-03-01,2028-02-01,2029-01-01,2029-04-01,2027-09-01,base,2029-04-01,True,True,True,0.0,0.0,1,0.23750000000000002,2250,11.25,13.274999999999999,1674000,397575.0,3.65,1451148.75,2345.6924999999997,129013.08749999998,3400000.0,75539.25,3604552.3375,-2153403.5875,0.0,0.0,0.0,4006873.6380965156,5611867.840471311,662200405.1756147,9618741.478567826,0.0,0.0,-2153403.5875,-2153403.5875,-11772145.066067826,-11772145.066067826,0.0,0.0,0.0,0.0,29022.975000000002,-2182426.5625,-0.2268931509764363,-5086301.5625,19271154.16417848,-0.26393341671016757,-11801168.041067826,project_finance
S03,2029-06-01,Atlas West,Nevada,45,1.18,53.1,2029-01-01,2029-04-01,0,9000,3.65,55,3400000,0.19,0.2,0.8,16,8,0.25,0.75,0.072,10.0,0.15,2029-02-01,2028-03-01,2028-02-01,2029-01-01,2029-04-01,2027-09-01,base,2029-04-01,True,True,True,0.0,0.0,2,0.275,3375,16.875,19.912499999999998,2430000,668250.0,3.65,2439112.5,3942.6749999999997,216847.12499999997,3400000.0,126967.5,3743814.625,-1304702.125,0.0,0.0,0.0,3973202.431053688,5611867.8404713115,656588537.3351434,9585070.271525,0.0,0.0,-1304702.125,-1304702.125,-10889772.396525,-10889772.396525,0.0,0.0,0.0,0.0,48782.25,-1353484.375,-0.14120755890761547,-6439785.9375,28856224.43570348,-0.22316800147742566,-10938554.646525,project_finance
S03,2029-07-01,Atlas West,Nevada,45,1.18,53.1,2029-01-01,2029-04-01,0,9000,3.65,55,3400000,0.19,0.2,0.8,16,8,0.25,0.75,0.072,10.0,0.15,2029-02-01,2028-03-01,2028-02-01,2029-01-01,2029-04-01,2027-09-01,base,2029-04-01,True,True,True,0.0,0.0,3,0.3125,4500,22.5,26.549999999999997,3348000,1046250.0,3.65,3818812.5,6172.874999999999,339508.12499999994,3400000.0,198787.5,3938295.625,-119483.125,0.0,0.0,0.0,3939531.22401086,5611867.8404713115,650976669.4946722,9551399.064482171,0.0,0.0,-119483.125,-119483.125,-9670882.189482171,-9670882.189482171,0.0,0.0,0.0,0.0,76376.25,-195859.375,-0.020505830996876948,-6635645.3125,38407623.50018565,-0.17276896375710216,-9747258.439482171,project_finance
S03,2029-08-01,Atlas West,Nevada,45,1.18,53.1,2029-01-01,2029-04-01,0,9000,3.65,55,3400000,0.19,0.2,0.8,16,8,0.25,0.75,0.072,10.0,0.15,2029-02-01,2028-03-01,2028-02-01,2029-01-01,2029-04-01,2027-09-01,base,2029-04-01,True,True,True,0.0,0.0,4,0.35000000000000003,5625,28.125,33.1875,4185000,1464750.0000000002,3.65,5346337.500000001,8642.025000000001,475311.37500000006,3400000.0,278302.50000000006,4153613.875,1192723.625000001,0.0,0.0,0.0,3905860.016968033,5611867.8404713115,645364801.6542009,9517727.857439345,0.0,0.0,1192723.625000001,1192723.625000001,-8325004.232439344,-8325004.232439344,0.0,0.0,0.0,0.0,106926.75000000001,1085796.875000001,0.11408152147902707,-5549848.437499999,47925351.35762499,-0.11580193530739781,-8431930.982439343,project_finance
S03,2029-09-01,Atlas West,Nevada,45,1.18,53.1,2029-01-01,2029-04-01,0,9000,3.65,55,3400000,0.19,0.2,0.8,16,8,0.25,0.75,0.072,10.0,0.15,2029-02-01,2028-03-01,2028-02-01,2029-01-01,2029-04-01,2027-09-01,base,2029-04-01,True,True,True,0.0,0.0,5,0.38750000000000007,6750,33.75,39.824999999999996,4860000,1883250.0000000002,3.65,6873862.500000001,11111.175000000001,611114.6250000001,3400000.0,357817.50000000006,4368932.125,2504930.375000001,0.0,0.0,0.0,3872188.809925205,5611867.840471312,639752933.8137296,9484056.650396518,0.0,0.0,2504930.375000001,2504930.375000001,-6979126.2753965175,-6979126.2753965175,0.0,0.0,0.0,0.0,137477.25000000003,2367453.125000001,0.24962452379499656,-3182395.312499998,57409408.00802151,-0.05543334137943626,-7116603.5253965175,project_finance
S03,2029-10-01,Atlas West,Nevada,45,1.18,53.1,2029-01-01,2029-04-01,0,9000,3.65,55,3400000,0.19,0.2,0.8,16,8,0.25,0.75,0.072,10.0,0.15,2029-02-01,2028-03-01,2028-02-01,2029-01-01,2029-04-01,2027-09-01,base,2029-04-01,True,True,True,0.0,0.0,6,0.42500000000000004,7875,39.375,46.4625,5859000,2490075.0000000005,3.65,9088773.750000002,14691.442500000001,808029.3375,3400000.0,473114.2500000001,4681143.5875,4407630.1625000015,0.0,0.0,0.0,3838517.6028823773,5611867.840471312,634141065.9732584,9450385.44335369,569112.5596176242,142278.13990440604,4265352.022595596,4265352.022595596,-5185033.420758095,-5185033.420758095,0.0,0.0,0.0,0.0,181775.47500000003,4083576.5475955955,0.4321068777641775,901181.2350955973,66859793.4513752,0.013478672137253836,-5366808.895758094,project_finance
S03,2029-11-01,Atlas West,Nevada,45,1.18,53.1,2029-01-01,2029-04-01,0,9000,3.65,55,3400000,0.19,0.2,0.8,16,8,0.25,0.75,0.072,10.0,0.15,2029-02-01,2028-03-01,2028-02-01,2029-01-01,2029-04-01,2027-09-01,base,2029-04-01,True,True,True,0.0,0.0,7,0.4625000000000001,9000,45.0,53.099999999999994,6480000,2997000.0000000005,3.65,10939050.000000002,17682.3,972526.5,3400000.0,569430.0000000001,4941956.5,5997093.500000002,0.0,0.0,0.0,3804846.3958395496,5611867.840471313,628529198.1327871,9416714.236310862,2192247.1041604523,548061.7760401131,5449031.723959889,5449031.723959889,-3967682.5123509727,-3967682.5123509727,0.0,0.0,0.0,0.0,218781.00000000003,5230250.723959889,0.5554220498474973,6131431.959055487,76276507.68768607,0.08038427747846842,-4186463.5123509727,project_finance
S03,2029-12-01,Atlas West,Nevada,45,1.18,53.1,2029-01-01,2029-04-01,0,9000,3.65,55,3400000,0.19,0.2,0.8,16,8,0.25,0.75,0.072,10.0,0.15,2029-02-01,2028-03-01,2028-02-01,2029-01-01,2029-04-01,2027-09-01,base,2029-04-01,True,True,True,0.0,0.0,8,0.5,9000,45.0,53.099999999999994,6696000,3348000.0,3.65,12220200.0,19753.199999999997,1086425.9999999998,3400000.0,636120.0,5122546.0,7097654.0,0.0,0.0,0.0,3771175.1887967223,5611867.840471313,622917330.2923158,9383043.029268036,3326478.8112032777,831619.7028008194,6266034.29719918,6266034.29719918,-3117008.7320688553,-3117008.7320688553,0.0,0.0,0.0,0.0,244404.0,6021630.29719918,0.6417566538292773,12153062.256254667,85659550.7169541,0.14187632499278663,-3361412.7320688553,project_finance
S03,2030-01-01,Atlas West,Nevada,45,1.18,53.1,2029-01-01,2029-04-01,0,9000,3.65,55,3400000,0.19,0.2,0.8,16,8,0.25,0.75,0.072,10.0,0.15,2029-02-01,2028-03-01,2028-02-01,2029-01-01,2029-04-01,2027-09-01,base,2029-04-01,True,True,True,0.0,0.0,9,0.5375000000000001,9000,45.0,53.099999999999994,6696000,3599100.0000000005,3.65,13136715.000000002,21234.69,1167907.95,3400000.0,683829.0000000001,5251736.95,7884978.050000002,0.0,0.0,0.0,3737503.9817538946,5611867.840471314,617305462.4518446,9349371.82222521,4147474.068246107,1036868.5170615268,6848109.532938475,6848109.532938475,-2501262.2892867345,-2501262.2892867345,0.0,0.0,0.0,0.0,262734.30000000005,6585375.232938475,0.7043655293806803,18738437.48919314,95008922.53917931,0.19722818645233953,-2763996.5892867344,project_finance
S03,2030-02-01,Atlas West,Nevada,45,1.18,53.1,2029-01-01,2029-04-01,0,9000,3.65,55,3400000,0.19,0.2,0.8,16,8,0.25,0.75,0.072,10.0,0.15,2029-02-01,2028-03-01,2028-02-01,2029-01-01,2029-04-01,2027-09-01,base,2029-04-01,True,True,True,0.0,0.0,10,0.5750000000000001,9000,45.0,53.099999999999994,6048000,3477600.0000000005,3.65,12693240.000000002,20517.84,1128481.2,3400000.0,660744.0000000001,5189225.2,7504014.800000002,0.0,0.0,0.0,3703832.774711067,5611867.840471314,611693594.6113733,9315700.615182381,3800182.025288935,950045.5063222337,6553969.293677768,6553969.293677768,-2761731.3215046134,-2761731.3215046134,0.0,0.0,0.0,0.0,253864.80000000005,6300104.493677768,0.6762888540460492,25038541.98287091,104324623.1543617,0.24000606209545725,-3015596.121504613,project_finance
S03,2030-03-01,Atlas West,Nevada,45,1.18,53.1,2029-01-01,2029-04-01,0,9000,3.65,55,3400000,0.19,0.2,0.8,16,8,0.25,0.75,0.072,10.0,0.15,2029-02-01,2028-03-01,2028-02-01,2029-01-01,2029-04-01,2027-09-01,base,2029-04-01,True,True,True,0.0,0.0,11,0.6125,9000,45.0,53.099999999999994,6696000,4101300.0000000005,3.65,14969745.000000002,24197.67,1330871.8499999999,3400000.0,779247.0000000001,5510118.85,9459626.150000002,0.0,0.0,0.0,3670161.5676682396,5611867.840471314,606081726.770902,9282029.408139553,5789464.582331763,1447366.1455829407,8012260.004417062,8012260.004417062,-1269769.403722491,-1269769.403722491,0.0,0.0,0.0,0.0,299394.9,7712865.104417061,0.8309459887784381,32751407.08728797,113606652.56250125,0.2882877573500339,-1569164.3037224915,project_finance
S03,2030-04-01,Atlas West,Nevada,45,1.18,53.1,2029-01-01,2029-04-01,0,9000,3.65,55,3400000,0.19,0.2,0.8,16,8,0.25,0.75,0.072,10.0,0.15,2029-02-01,2028-03-01,2028-02-01,2029-01-01,2029-04-01,2027-09-01,base,2029-04-01,True,True,True,0.0,0.0,12,0.6500000000000001,9000,45.0,53.099999999999994,6480000,4212000.000000001,3.65,15373800.000000004,24850.8,1366794.0,3400000.0,800280.0000000002,5567074.0,9806726.000000004,0.0,0.0,0.0,3636490.360625412,5611867.840471315,600469858.9304308,9248358.201096727,6170235.639374591,1542558.9098436479,8264167.090156356,8264167.090156356,-984191.1109403707,-984191.1109403707,0.0,0.0,0.0,0.0,307476.00000000006,7956691.090156356,0.8603355230350834,43611973.177444324,113202598.07798731,0.3852559386260662,-1291667.1109403707,project_finance
S03,2030-05-01,Atlas West,Nevada,45,1.18,53.1,2029-01-01,2029-04-01,0,9000,3.65,55,3400000,0.19,0.2,0.8,16,8,0.25,0.75,0.072,10.0,0.15,2029-02-01,2028-03-01,2028-02-01,2029-01-01,2029-04-01,2027-09-01,base,2029-04-01,True,True,True,0.0,0.0,13,0.6875,9000,45.0,53.099999999999994,6696000,4603500.0,3.65,16802775.0,27160.649999999994,1493835.7499999998,3400000.0,874665.0,5768500.75,11034274.25,0.0,0.0,0.0,3602819.153582584,5611867.840471315,594857991.0899595,9214686.9940539,7431455.096417416,1857863.774104354,9176410.475895647,9176410.475895647,-38276.51815825328,-38276.51815825328,0.0,0.0,0.0,0.0,336055.5,8840354.975895647,0.9593765888738485,54634754.715839975,112798543.59347339,0.48435691610295917,-374332.0181582533,project_finance
S03,2030-06-01,Atlas West,Nevada,45,1.18,53.1,2029-01-01,2029-04-01,0,9000,3.65,55,3400000,0.19,0.2,0.8,16,8,0.25,0.75,0.072,10.0,0.15,2029-02-01,2028-03-01,2028-02-01,2029-01-01,2029-04-01,2027-09-01,base,2029-04-01,True,True,True,0.0,0.0,14,0.7250000000000001,9000,45.0,53.099999999999994,6480000,4698000.000000001,3.65,17147700.000000004,27718.199999999997,1524500.9999999998,3400000.0,892620.0000000002,5817121.0,11330579.000000004,0.0,0.0,0.0,3569147.9465397564,5611867.840471316,589246123.2494882,9181015.787011072,7761431.053460248,1940357.763365062,9390221.236634942,9390221.236634942,209205.44962386973,209205.44962386973,0.0,0.0,0.0,0.0,342954.00000000006,9047267.236634942,0.9854320531105771,65035506.327474914,112394489.10895945,0.5786360776499196,-133748.55037613027,project_finance
S03,2030-07-01,Atlas West,Nevada,45,1.18,53.1,2029-01-01,2029-04-01,0,9000,3.65,55,3400000,0.19,0.2,0.8,16,8,0.25,0.75,0.072,10.0,0.15,2029-02-01,2028-03-01,2028-02-01,2029-01-01,2029-04-01,2027-09-01,base,2029-04-01,True,True,True,0.0,0.0,15,0.7625000000000002,9000,45.0,53.099999999999994,6696000,5105700.000000001,3.65,18635805.000000004,30123.63,1656799.6500000001,3400000.0,970083.0000000002,6026882.65,12608922.350000003,0.0,0.0,0.0,3535476.739496929,5611867.840471316,583634255.409017,9147344.579968246,9073445.610503074,2268361.4026257684,10340560.947374236,10340560.947374236,1193216.3674059901,1193216.3674059901,0.0,0.0,0.0,0.0,372716.1000000001,9967844.847374236,1.0896981916700506,75199210.54984915,111990434.62444553,0.6714788705127008,820500.2674059905,project_finance
S03,2030-08-01,Atlas West,Nevada,45,1.18,53.1,2029-01-01,2029-04-01,0,9000,3.65,55,3400000,0.19,0.2,0.8,16,8,0.25,0.75,0.072,10.0,0.15,2029-02-01,2028-03-01,2028-02-01,2029-01-01,2029-04-01,2027-09-01,base,2029-04-01,True,True,True,0.0,0.0,16,0.8,9000,45.0,53.099999999999994,6696000,5356800.0,3.65,19552320.0,31605.119999999995,1738281.5999999996,3400000.0,1017792.0,6156073.6,13396246.4,0.0,0.0,0.0,3501805.5324541014,5611867.840471317,578022387.5685457,9113673.37292542,9894440.867545899,2473610.2168864748,10922636.183113527,10922636.183113527,1808962.8101881072,1808962.8101881072,0.0,0.0,0.0,0.0,391046.4,10531589.783113526,1.1555812186994108,84645003.45796268,111586380.13993162,0.7585603489585028,1417916.4101881068,project_finance
S03,2030-09-01,Atlas West,Nevada,45,1.18,53.1,2029-01-01,2029-04-01,0,9000,3.65,55,3400000,0.19,0.2,0.8,16,8,0.25,0.75,0.072,10.0,0.15,2029-02-01,2028-03-01,2028-02-01,2029-01-01,2029-04-01,2027-09-01,base,2029-04-01,True,True,True,0.0,0.0,17,0.8,9000,45.0,53.099999999999994,6480000,5184000.0,3.65,18921600.0,30585.599999999995,1682207.9999999998,3400000.0,984960.0,6067168.0,12854432.0,0.0,0.0,0.0,3468134.3254112736,5611867.840471317,572410519.7280744,9080002.165882591,9386297.674588727,2346574.4186471817,10507857.581352819,10507857.581352819,1427855.4154702276,1427855.4154702276,0.0,0.0,0.0,0.0,378432.0,10129425.581352819,1.1155752384524042,92406975.91431549,111182325.65541768,0.831130086275657,1049423.4154702276,project_finance
S03,2030-10-01,Atlas West,Nevada,45,1.18,53.1,2029-01-01,2029-04-01,0,9000,3.65,55,3400000,0.19,0.2,0.8,16,8,0.25,0.75,0.072,10.0,0.15,2029-02-01,2028-03-01,2028-02-01,2029-01-01,2029-04-01,2027-09-01,base,2029-04-01,True,True,True,0.0,0.0,18,0.8,9000,45.0,53.099999999999994,6696000,5356800.0,3.65,19552320.0,31605.119999999995,1738281.5999999996,3400000.0,1017792.0,6156073.6,13396246.4,0.0,0.0,0.0,3434463.1183684464,5611867.840471318,566798651.8876032,9046330.958839765,9961783.281631554,2490445.8204078884,10905800.579592112,10905800.579592112,1859469.6207523476,1859469.6207523476,0.0,0.0,0.0,0.0,391046.4,10514754.179592112,1.1623225180941954,98838153.54631202,110778271.17090376,0.8922160682019395,1468423.2207523473,project_finance
S03,2030-11-01,Atlas West,Nevada,45,1.18,53.1,2029-01-01,2029-04-01,0,9000,3.65,55,3400000,0.19,0.2,0.8,16,8,0.25,0.75,0.072,10.0,0.15,2029-02-01,2028-03-01,2028-02-01,2029-01-01,2029-04-01,2027-09-01,base,2029-04-01,True,True,True,0.0,0.0,19,0.8,9000,45.0,53.099999999999994,6480000,5184000.0,3.65,18921600.0,30585.599999999995,1682207.9999999998,3400000.0,984960.0,6067168.0,12854432.0,0.0,0.0,0.0,3400791.9113256186,5611867.840471318,561186784.0471319,9012659.751796937,9453640.088674381,2363410.0221685953,10491021.977831405,10491021.977831405,1478362.226034468,1478362.226034468,0.0,0.0,0.0,0.0,378432.0,10112589.977831405,1.1220427993872912,103720492.80018353,110374216.68638983,0.9397166830627505,1099930.226034468,project_finance
S03,2030-12-01,Atlas West,Nevada,45,1.18,53.1,2029-01-01,2029-04-01,0,9000,3.65,55,3400000,0.19,0.2,0.8,16,8,0.25,0.75,0.072,10.0,0.15,2029-02-01,2028-03-01,2028-02-01,2029-01-01,2029-04-01,2027-09-01,base,2029-04-01,True,True,True,0.0,0.0,20,0.8,9000,45.0,53.099999999999994,6696000,5356800.0,3.65,19552320.0,31605.119999999995,1738281.5999999996,3400000.0,1017792.0,6156073.6,13396246.4,0.0,0.0,0.0,3367120.704282791,5611867.840471319,555574916.2066606,8978988.54475411,10029125.69571721,2507281.4239293025,10888964.976070698,10888964.976070698,1909976.431316588,1909976.431316588,0.0,0.0,0.0,0.0,391046.4,10497918.576070698,1.1691649369799015,108196781.07905504,109970162.20187591,0.9838739792020547,1518930.0313165877,project_finance
S03,2031-01-01,Atlas West,Nevada,45,1.18,53.1,2029-01-01,2029-04-01,0,9000,3.65,55,3400000,0.19,0.2,0.8,16,8,0.25,0.75,0.072,10.0,0.15,2029-02-01,2028-03-01,2028-02-01,2029-01-01,2029-04-01,2027-09-01,base,2029-04-01,True,True,True,0.0,0.0,21,0.8,9000,45.0,53.099999999999994,6696000,5356800.0,3.65,19552320.0,31605.119999999995,1738281.5999999996,3400000.0,1017792.0,6156073.6,13396246.4,0.0,0.0,0.0,3333449.497239963,5611867.84047132,549963048.3661894,8945317.337711282,10062796.902760036,2515699.225690009,10880547.174309991,10880547.174309991,1935229.8365987092,1935229.8365987092,0.0,0.0,0.0,0.0,391046.4,10489500.77430999,1.1726247799045437,112100906.62042657,109566107.71736199,1.0231348813595111,1544183.4365987089,project_finance
S03,2031-02-01,Atlas West,Nevada,45,1.18,53.1,2029-01-01,2029-04-01,0,9000,3.65,55,3400000,0.19,0.2,0.8,16,8,0.25,0.75,0.072,10.0,0.15,2029-02-01,2028-03-01,2028-02-01,2029-01-01,2029-04-01,2027-09-01,base,2029-04-01,True,True,True,0.0,0.0,22,0.8,9000,45.0,53.099999999999994,6048000,4838400.0,3.65,17660160.0,28546.559999999998,1570060.7999999998,3400000.0,919296.0,5889356.8,11770803.2,0.0,0.0,0.0,3299778.290197136,5611867.84047132,544351180.5257181,8911646.130668456,8471024.909802863,2117756.227450716,9653046.972549284,9653046.972549284,741400.8418808281,741400.8418808281,0.0,0.0,0.0,0.0,353203.2,9299843.772549285,1.0435607110278862,115100645.89929809,109162053.23284805,1.0544016211730896,388197.6418808289,project_finance
S03,2031-03-01,Atlas West,Nevada,45,1.18,53.1,2029-01-01,2029-04-01,0,9000,3.65,55,3400000,0.19,0.2,0.8,16,8,0.25,0.75,0.072,10.0,0.15,2029-02-01,2028-03-01,2028-02-01,2029-01-01,2029-04-01,2027-09-01,base,2029-04-01,True,True,True,0.0,0.0,23,0.8,9000,45.0,53.099999999999994,6696000,5356800.0,3.65,19552320.0,31605.119999999995,1738281.5999999996,3400000.0,1017792.0,6156073.6,13396246.4,0.0,0.0,0.0,3266107.083154308,5611867.840471321,538739312.6852468,8877974.92362563,10130139.316845693,2532534.829211423,10863711.570788577,10863711.570788577,1985736.6471629478,1985736.6471629478,0.0,0.0,0.0,0.0,391046.4,10472665.170788577,1.1796231979569165,117860445.96566959,108757998.74833412,1.083694508193356,1594690.2471629474,project_finance
S03,2031-04-01,Atlas West,Nevada,45,1.18,53.1,2029-01-01,2029-04-01,0,9000,3.65,55,3400000,0.19,0.2,0.8,16,8,0.25,0.75,0.072,10.0,0.15,2029-02-01,2028-03-01,2028-02-01,2029-01-01,2029-04-01,2027-09-01,base,2029-04-01,True,True,True,0.0,0.0,24,0.8,9000,45.0,53.099999999999994,6480000,5184000.0,3.65,18921600.0,30585.599999999995,1682207.9999999998,3400000.0,984960.0,6067168.0,12854432.0,0.0,0.0,0.0,3232435.8761114804,5611867.840471321,533127444.8447755,8844303.716582801,9621996.123888519,2405499.0309721297,10448932.96902787,10448932.96902787,1604629.2524450682,1604629.2524450682,0.0,0.0,0.0,0.0,378432.0,10070500.96902787,1.1386425988680133,119974255.8445411,108353944.26382022,1.1072440109095405,1226197.2524450682,project_finance
S03,2031-05-01,Atlas West,Nevada,45,1.18,53.1,2029-01-01,2029-04-01,0,9000,3.65,55,3400000,0.19,0.2,0.8,16,8,0.25,0.75,0.072,10.0,0.15,2029-02-01,2028-03-01,2028-02-01,2029-01-01,2029-04-01,2027-09-01,base,2029-04-01,True,True,True,0.0,0.0,25,0.8,9000,45.0,53.099999999999994,6696000,5356800.0,3.65,19552320.0,31605.119999999995,1738281.5999999996,3400000.0,1017792.0,6156073.6,13396246.4,0.0,0.0,0.0,3198764.6690686527,5611867.840471321,527515577.0043042,8810632.509539973,10197481.730931347,2549370.432732837,10846875.967267163,10846875.967267163,2036243.45772719,2036243.45772719,0.0,0.0,0.0,0.0,391046.4,10455829.567267163,1.1867285981960778,121589730.43591262,107949889.77930629,1.1263534468121434,1645197.0577271897,project_finance
S03,2031-06-01,Atlas West,Nevada,45,1.18,53.1,2029-01-01,2029-04-01,0,9000,3.65,55,3400000,0.19,0.2,0.8,16,8,0.25,0.75,0.072,10.0,0.15,2029-02-01,2028-03-01,2028-02-01,2029-01-01,2029-04-01,2027-09-01,base,2029-04-01,True,True,True,0.0,0.0,26,0.8,9000,45.0,53.099999999999994,6480000,5184000.0,3.65,18921600.0,30585.599999999995,1682207.9999999998,3400000.0,984960.0,6067168.0,12854432.0,0.0,0.0,0.0,3165093.4620258245,5611867.840471321,521903709.16383284,8776961.302497145,9689338.537974175,2422334.6344935438,10432097.365506455,10432097.365506455,1655136.0630093105,1655136.0630093105,0.0,0.0,0.0,0.0,378432.0,10053665.365506455,1.1454608285268473,122596128.56478412,107545835.29479235,1.1399430598938363,1276704.0630093105,project_finance
S03,2031-07-01,Atlas West,Nevada,45,1.18,53.1,2029-01-01,2029-04-01,0,9000,3.65,55,3400000,0.19,0.2,0.8,16,8,0.25,0.75,0.072,10.0,0.15,2029-02-01,2028-03-01,2028-02-01,2029-01-01,2029-04-01,2027-09-01,base,2029-04-01,True,True,True,0.0,0.0,27,0.8,9000,45.0,53.099999999999994,6696000,5356800.0,3.65,19552320.0,31605.119999999995,1738281.5999999996,3400000.0,1017792.0,6156073.6,13396246.4,0.0,0.0,0.0,3131422.2549829967,5611867.840471321,516291841.3233615,8743290.095454317,10264824.145017004,2566206.036254251,10830040.363745749,10830040.363745749,2086750.2682914324,2086750.2682914324,0.0,0.0,0.0,0.0,391046.4,10438993.963745749,1.1939434526109385,123067277.68115565,107141780.81027843,1.1486394639928315,1695703.868291432,project_finance
S03,2031-08-01,Atlas West,Nevada,45,1.18,53.1,2029-01-01,2029-04-01,0,9000,3.65,55,3400000,0.19,0.2,0.8,16,8,0.25,0.75,0.072,10.0,0.15,2029-02-01,2028-03-01,2028-02-01,2029-01-01,2029-04-01,2027-09-01,base,2029-04-01,True,True,True,0.0,0.0,28,0.8,9000,45.0,53.099999999999994,6696000,5356800.0,3.65,19552320.0,31605.119999999995,1738281.5999999996,3400000.0,1017792.0,6156073.6,13396246.4,0.0,0.0,0.0,3097751.0479401685,5611867.840471321,510679973.4828902,8709618.888411488,10298495.352059832,2574623.838014958,10821622.561985042,10821622.561985042,2112003.6735735536,2112003.6735735536,0.0,0.0,0.0,0.0,391046.4,10430576.161985042,1.1975927185359807,122966264.06002717,106737726.32576449,1.1520412537618896,1720957.2735735532,project_finance
S03,2031-09-01,Atlas West,Nevada,45,1.18,53.1,2029-01-01,2029-04-01,0,9000,3.65,55,3400000,0.19,0.2,0.8,16,8,0.25,0.75,0.072,10.0,0.15,2029-02-01,2028-03-01,2028-02-01,2029-01-01,2029-04-01,2027-09-01,base,2029-04-01,True,True,True,0.0,0.0,29,0.8,9000,45.0,53.099999999999994,6480000,5184000.0,3.65,18921600.0,30585.599999999995,1682207.9999999998,3400000.0,984960.0,6067168.0,12854432.0,0.0,0.0,0.0,3064079.840897341,5611867.840471321,505068105.64241886,8675947.681368662,9790352.15910266,2447588.039775665,10406843.960224334,10406843.960224334,1730896.278855672,1730896.278855672,0.0,0.0,0.0,0.0,378432.0,10028411.960224334,1.1558866337748956,122865250.43889868,106333671.84125057,1.1554688962714343,1352464.278855672,project_finance
S03,2031-10-01,Atlas West,Nevada,45,1.18,53.1,2029-01-01,2029-04-01,0,9000,3.65,55,3400000,0.19,0.2,0.8,16,8,0.25,0.75,0.072,10.0,0.15,2029-02-01,2028-03-01,2028-02-01,2029-01-01,2029-04-01,2027-09-01,base,2029-04-01,True,True,True,0.0,0.0,30,0.8,9000,45.0,53.099999999999994,6696000,5356800.0,3.65,19552320.0,31605.119999999995,1738281.5999999996,3400000.0,1017792.0,6156073.6,13396246.4,0.0,0.0,0.0,3030408.6338545126,5611867.840471321,499456237.80194753,8642276.474325834,10365837.766145488,2591459.441536372,10804786.958463628,10804786.958463628,2162510.484137794,2162510.484137794,0.0,0.0,0.0,0.0,391046.4,10413740.558463627,1.204976557901196,122764236.8177702,105929617.35673665,1.1589226873570213,1771464.0841377936,project_finance
S03,2031-11-01,Atlas West,Nevada,45,1.18,53.1,2029-01-01,2029-04-01,0,9000,3.65,55,3400000,0.19,0.2,0.8,16,8,0.25,0.75,0.072,10.0,0.15,2029-02-01,2028-03-01,2028-02-01,2029-01-01,2029-04-01,2027-09-01,base,2029-04-01,True,True,True,0.0,0.0,31,0.8,9000,45.0,53.099999999999994,6480000,5184000.0,3.65,18921600.0,30585.599999999995,1682207.9999999998,3400000.0,984960.0,6067168.0,12854432.0,0.0,0.0,0.0,2996737.426811685,5611867.840471321,493844369.9614762,8608605.267283006,9857694.573188316,2464423.643297079,10390008.35670292,10390008.35670292,1781403.0894199144,1781403.0894199144,0.0,0.0,0.0,0.0,378432.0,10011576.35670292,1.1629731002711792,122663223.19664171,105525562.87222269,1.1624029273851912,1402971.0894199144,project_finance
S03,2031-12-01,Atlas West,Nevada,45,1.18,53.1,2029-01-01,2029-04-01,0,9000,3.65,55,3400000,0.19,0.2,0.8,16,8,0.25,0.75,0.072,10.0,0.15,2029-02-01,2028-03-01,2028-02-01,2029-01-01,2029-04-01,2027-09-01,base,2029-04-01,True,True,True,0.0,0.0,32,0.8,9000,45.0,53.099999999999994,6696000,5356800.0,3.65,19552320.0,31605.119999999995,1738281.5999999996,3400000.0,1017792.0,6156073.6,13396246.4,0.0,0.0,0.0,2963066.2197688567,5611867.840471321,488232502.1210049,8574934.060240177,10433180.180231143,2608295.0450577857,10787951.354942214,10787951.354942214,2213017.2947020363,2213017.2947020363,0.0,0.0,0.0,0.0,391046.4,10396904.954942213,1.2124763738009436,122562209.57551323,105121508.38770877,1.1659099213405475,1821970.894702036,project_finance
