site_id,month,site_name,region,it_load_mw,pue,total_facility_mw,target_power_ready,target_rfs,initial_gpu_count,target_gpu_count,price_per_gpu_hour,power_cost_per_mwh,fixed_opex_monthly,variable_opex_per_gpu_hour,utilization_at_rfs,utilization_mature,months_to_mature,gpu_ramp_months,equity_pct,debt_pct,debt_rate_annual,debt_tenor_years,minimum_equity_first_pct,commissioning,construction_start,design_complete,power_ready,ready_for_service,site_control,scenario,rfs_month,power_gate_open,commissioning_gate_open,rfs_gate_open,capex_usd,gpu_capex_usd,months_since_rfs,utilization,gpu_online,it_load_online_mw,facility_load_online_mw,gpu_hours_available,gpu_hours_sold,price_per_gpu_hour_scenario,revenue_usd,power_mwh,power_cost_usd,fixed_opex_usd,variable_opex_usd,opex_usd,ebitda_usd,equity_draw_usd,debt_draw_usd,interest_during_construction_usd,cash_interest_usd,principal_repayment_usd,ending_debt_balance_usd,debt_service_usd,taxable_income_proxy_usd,cash_tax_usd,operating_cash_flow_usd,unlevered_free_cash_flow_usd,equity_cash_flow_usd,net_cash_flow_post_financing_usd,grant_funding_usd,customer_prepayment_usd,equipment_finance_usd,sponsor_equity_draw_usd,maintenance_capex_usd,cads_usd,dscr,rolling_12m_cads_usd,rolling_12m_debt_service_usd,rolling_12m_dscr,adjusted_equity_cash_flow_usd,capital_stack
S01,2027-01-01,Atlas East,Virginia,60,1.25,75.0,2028-01-01,2028-04-01,0,12000,3.5,62,4200000,0.18,0.25,0.82,18,9,0.44999999999999996,0.55,0.078,7.0,0.2,2028-02-01,2027-06-01,2027-05-01,2028-01-01,2028-04-01,2027-01-01,base,2028-04-01,False,False,False,2952338.135667544,0.0,-15,0.0,0,0.0,0.0,0,0.0,3.5,0.0,0.0,0.0,0.0,0.0,0.0,0.0,2952338.135667544,0.0,0.0,0.0,0.0,0.0,0.0,0.0,0.0,0.0,-2952338.135667544,-2952338.135667544,0.0,0.0,0.0,0.0,2952338.135667544,0.0,0.0,,,,,-2952338.135667544,balanced_corporate
S01,2027-02-01,Atlas East,Virginia,60,1.25,75.0,2028-01-01,2028-04-01,0,12000,3.5,62,4200000,0.18,0.25,0.82,18,9,0.44999999999999996,0.55,0.078,7.0,0.2,2028-02-01,2027-06-01,2027-05-01,2028-01-01,2028-04-01,2027-01-01,base,2028-04-01,False,False,False,19950059.688890066,0.0,-14,0.0,0,0.0,0.0,0,0.0,3.5,0.0,0.0,0.0,0.0,0.0,0.0,0.0,19950059.688890066,0.0,0.0,0.0,0.0,0.0,0.0,0.0,0.0,0.0,-19950059.688890066,-19950059.688890066,0.0,0.0,0.0,0.0,19950059.688890066,0.0,0.0,,,,,-19950059.688890066,balanced_corporate
S01,2027-03-01,Atlas East,Virginia,60,1.25,75.0,2028-01-01,2028-04-01,0,12000,3.5,62,4200000,0.18,0.25,0.82,18,9,0.44999999999999996,0.55,0.078,7.0,0.2,2028-02-01,2027-06-01,2027-05-01,2028-01-01,2028-04-01,2027-01-01,base,2028-04-01,False,False,False,19143661.813204482,0.0,-13,0.0,0,0.0,0.0,0,0.0,3.5,0.0,0.0,0.0,0.0,0.0,0.0,0.0,19143661.813204482,0.0,0.0,0.0,0.0,0.0,0.0,0.0,0.0,0.0,-19143661.813204482,-19143661.813204482,0.0,0.0,0.0,0.0,19143661.813204482,0.0,0.0,,,,,-19143661.813204482,balanced_corporate
S01,2027-04-01,Atlas East,Virginia,60,1.25,75.0,2028-01-01,2028-04-01,0,12000,3.5,62,4200000,0.18,0.25,0.82,18,9,0.44999999999999996,0.55,0.078,7.0,0.2,2028-02-01,2027-06-01,2027-05-01,2028-01-01,2028-04-01,2027-01-01,base,2028-04-01,False,False,False,13148149.546374992,0.0,-12,0.0,0,0.0,0.0,0,0.0,3.5,0.0,0.0,0.0,0.0,0.0,0.0,0.0,13148149.546374992,0.0,0.0,0.0,0.0,0.0,0.0,0.0,0.0,0.0,-13148149.546374992,-13148149.546374992,0.0,0.0,0.0,0.0,13148149.546374992,0.0,0.0,,,,,-13148149.546374992,balanced_corporate
S01,2027-05-01,Atlas East,Virginia,60,1.25,75.0,2028-01-01,2028-04-01,0,12000,3.5,62,4200000,0.18,0.25,0.82,18,9,0.44999999999999996,0.55,0.078,7.0,0.2,2028-02-01,2027-06-01,2027-05-01,2028-01-01,2028-04-01,2027-01-01,base,2028-04-01,False,False,False,8896179.714969855,0.0,-11,0.0,0,0.0,0.0,0,0.0,3.5,0.0,0.0,0.0,0.0,0.0,0.0,0.0,8896179.714969855,0.0,0.0,0.0,0.0,0.0,0.0,0.0,0.0,0.0,-8896179.714969855,-8896179.714969855,0.0,0.0,0.0,0.0,8896179.714969855,0.0,0.0,,,,,-8896179.714969855,balanced_corporate
S01,2027-06-01,Atlas East,Virginia,60,1.25,75.0,2028-01-01,2028-04-01,0,12000,3.5,62,4200000,0.18,0.25,0.82,18,9,0.44999999999999996,0.55,0.078,7.0,0.2,2028-02-01,2027-06-01,2027-05-01,2028-01-01,2028-04-01,2027-01-01,base,2028-04-01,False,False,False,23163564.590840273,0.0,-10,0.0,0,0.0,0.0,0,0.0,3.5,0.0,0.0,0.0,0.0,0.0,0.0,0.0,23163564.590840273,0.0,0.0,0.0,0.0,0.0,0.0,0.0,0.0,0.0,-23163564.590840273,-23163564.590840273,0.0,0.0,0.0,0.0,23163564.590840273,0.0,0.0,,,,,-23163564.590840273,balanced_corporate
S01,2027-07-01,Atlas East,Virginia,60,1.25,75.0,2028-01-01,2028-04-01,0,12000,3.5,62,4200000,0.18,0.25,0.82,18,9,0.44999999999999996,0.55,0.078,7.0,0.2,2028-02-01,2027-06-01,2027-05-01,2028-01-01,2028-04-01,2027-01-01,base,2028-04-01,False,False,False,48607218.002984904,0.0,-9,0.0,0,0.0,0.0,0,0.0,3.5,0.0,0.0,0.0,0.0,0.0,0.0,0.0,48607218.002984904,0.0,0.0,0.0,0.0,0.0,0.0,0.0,0.0,0.0,-48607218.002984904,-48607218.002984904,0.0,0.0,0.0,0.0,48607218.002984904,0.0,0.0,,,,,-48607218.002984904,balanced_corporate
S01,2027-08-01,Atlas East,Virginia,60,1.25,75.0,2028-01-01,2028-04-01,0,12000,3.5,62,4200000,0.18,0.25,0.82,18,9,0.44999999999999996,0.55,0.078,7.0,0.2,2028-02-01,2027-06-01,2027-05-01,2028-01-01,2028-04-01,2027-01-01,base,2028-04-01,False,False,False,88273639.40653794,0.0,-8,0.0,0,0.0,0.0,0,0.0,3.5,0.0,0.0,0.0,0.0,0.0,0.0,0.0,88273639.40653794,0.0,0.0,0.0,0.0,0.0,0.0,0.0,0.0,0.0,-88273639.40653794,-88273639.40653794,0.0,0.0,0.0,0.0,88273639.40653794,0.0,0.0,,,,,-88273639.40653794,balanced_corporate
S01,2027-09-01,Atlas East,Virginia,60,1.25,75.0,2028-01-01,2028-04-01,0,12000,3.5,62,4200000,0.18,0.25,0.82,18,9,0.44999999999999996,0.55,0.078,7.0,0.2,2028-02-01,2027-06-01,2027-05-01,2028-01-01,2028-04-01,2027-01-01,base,2028-04-01,False,False,False,127940060.81009096,0.0,-7,0.0,0,0.0,0.0,0,0.0,3.5,0.0,0.0,0.0,0.0,0.0,0.0,0.0,82798881.36983241,45141179.44025855,293417.66636168055,0.0,0.0,45434597.10662023,0.0,0.0,0.0,0.0,-127940060.81009096,-82798881.36983241,0.0,0.0,0.0,0.0,82798881.36983241,0.0,0.0,,,,,-82798881.36983241,balanced_corporate
S01,2027-10-01,Atlas East,Virginia,60,1.25,75.0,2028-01-01,2028-04-01,0,12000,3.5,62,4200000,0.18,0.25,0.82,18,9,0.44999999999999996,0.55,0.078,7.0,0.2,2028-02-01,2027-06-01,2027-05-01,2028-01-01,2028-04-01,2027-01-01,base,2028-04-01,False,False,False,159778356.60462138,0.0,-6,0.0,0,0.0,0.0,0,0.0,3.5,0.0,0.0,0.0,0.0,0.0,0.0,0.0,71900260.47207962,87878096.13254176,866532.506054553,0.0,0.0,134179225.74521655,0.0,0.0,0.0,0.0,-159778356.60462138,-71900260.47207962,0.0,0.0,0.0,0.0,71900260.47207962,0.0,0.0,,,,,-71900260.47207962,balanced_corporate
S01,2027-11-01,Atlas East,Virginia,60,1.25,75.0,2028-01-01,2028-04-01,0,12000,3.5,62,4200000,0.18,0.25,0.82,18,9,0.44999999999999996,0.55,0.078,7.0,0.2,2028-02-01,2027-06-01,2027-05-01,2028-01-01,2028-04-01,2027-01-01,base,2028-04-01,False,False,False,160881344.95668158,0.0,-5,0.0,0,0.0,0.0,0,0.0,3.5,0.0,0.0,0.0,0.0,0.0,0.0,0.0,72396605.2305067,88484739.72617488,1447315.7755640442,0.0,0.0,224111281.24695548,0.0,0.0,0.0,0.0,-160881344.95668158,-72396605.2305067,0.0,0.0,0.0,0.0,72396605.2305067,0.0,0.0,,,,,-72396605.2305067,balanced_corporate
S01,2027-12-01,Atlas East,Virginia,60,1.25,75.0,2028-01-01,2028-04-01,0,12000,3.5,62,4200000,0.18,0.25,0.82,18,9,0.44999999999999996,0.55,0.078,7.0,0.2,2028-02-01,2027-06-01,2027-05-01,2028-01-01,2028-04-01,2027-01-01,base,2028-04-01,False,False,False,93512995.72912401,0.0,-4,0.0,0,0.0,0.0,0,0.0,3.5,0.0,0.0,0.0,0.0,0.0,0.0,0.0,42080848.0781058,51432147.65101821,1791032.287836829,0.0,0.0,277334461.18581057,0.0,0.0,0.0,0.0,-93512995.72912401,-42080848.0781058,0.0,0.0,0.0,0.0,42080848.0781058,0.0,0.0,,0.0,0.0,,-42080848.0781058,balanced_corporate
S01,2028-01-01,Atlas East,Virginia,60,1.25,75.0,2028-01-01,2028-04-01,0,12000,3.5,62,4200000,0.18,0.25,0.82,18,9,0.44999999999999996,0.55,0.078,7.0,0.2,2028-02-01,2027-06-01,2027-05-01,2028-01-01,2028-04-01,2027-01-01,base,2028-04-01,True,False,False,84216297.1702724,24172661.870503593,-3,0.0,0,0.0,0.0,0,0.0,3.5,0.0,0.0,0.0,0.0,0.0,0.0,0.0,37897333.726622574,46318963.44364982,2103747.2600914924,0.0,0.0,325757171.8895519,0.0,0.0,0.0,0.0,-84216297.1702724,-37897333.726622574,0.0,0.0,0.0,0.0,37897333.726622574,0.0,0.0,,0.0,0.0,,-37897333.726622574,balanced_corporate
S01,2028-02-01,Atlas East,Virginia,60,1.25,75.0,2028-01-01,2028-04-01,0,12000,3.5,62,4200000,0.18,0.25,0.82,18,9,0.44999999999999996,0.55,0.078,7.0,0.2,2028-02-01,2027-06-01,2027-05-01,2028-01-01,2028-04-01,2027-01-01,base,2028-04-01,True,True,False,187593687.7865741,143884892.08633092,-2,0.0,0,0.0,0.0,0,0.0,3.5,0.0,0.0,0.0,0.0,0.0,0.0,0.0,84417159.50395833,103176528.28261577,2788069.0511190896,0.0,0.0,431721769.22328675,0.0,0.0,0.0,0.0,-187593687.7865741,-84417159.50395833,0.0,0.0,0.0,0.0,84417159.50395833,0.0,0.0,,0.0,0.0,,-84417159.50395833,balanced_corporate
S01,2028-03-01,Atlas East,Virginia,60,1.25,75.0,2028-01-01,2028-04-01,0,12000,3.5,62,4200000,0.18,0.25,0.82,18,9,0.44999999999999996,0.55,0.078,7.0,0.2,2028-02-01,2027-06-01,2027-05-01,2028-01-01,2028-04-01,2027-01-01,base,2028-04-01,True,True,False,287769784.17266184,287769784.17266184,-1,0.0,0,0.0,0.0,0,0.0,3.5,0.0,0.0,0.0,0.0,0.0,0.0,0.0,129496402.87769781,158273381.29496402,3834968.4783686292,0.0,0.0,593830118.9966193,0.0,0.0,0.0,0.0,-287769784.17266184,-129496402.87769783,0.0,0.0,0.0,0.0,129496402.87769781,0.0,0.0,,0.0,0.0,,-129496402.87769783,balanced_corporate
S01,2028-04-01,Atlas East,Virginia,60,1.25,75.0,2028-01-01,2028-04-01,0,12000,3.5,62,4200000,0.18,0.25,0.82,18,9,0.44999999999999996,0.55,0.078,7.0,0.2,2028-02-01,2027-06-01,2027-05-01,2028-01-01,2028-04-01,2027-01-01,base,2028-04-01,True,True,True,24172661.870503593,24172661.870503593,0,0.25,1333,6.665,8.33125,959760,239940.0,3.5,839790.0,1499.6250000000002,92976.75000000001,4200000.0,43189.2,4336165.95,-3496375.95,10877697.841726616,13294964.028776977,0.0,3946313.039665076,7227679.559826147,599897403.4655702,11173992.599491224,0.0,0.0,-3496375.95,-27669037.820503592,-25548066.39121784,-14670368.549491223,0.0,0.0,0.0,10877697.841726616,16795.8,-3513171.75,-0.3144061282231351,-3513171.75,11173992.599491224,-0.3144061282231351,-25564862.19121784,balanced_corporate
S01,2028-05-01,Atlas East,Virginia,60,1.25,75.0,2028-01-01,2028-04-01,0,12000,3.5,62,4200000,0.18,0.25,0.82,18,9,0.44999999999999996,0.55,0.078,7.0,0.2,2028-02-01,2027-06-01,2027-05-01,2028-01-01,2028-04-01,2027-01-01,base,2028-04-01,True,True,True,0.0,0.0,1,0.2816666666666667,2666,13.33,16.6625,1983504,558686.96,3.5,1955404.3599999999,3491.7935000000007,216491.19700000004,4200000.0,100563.6528,4517054.8498,-2561650.4898,0.0,0.0,0.0,3899333.122526206,7227679.559826147,592669723.9057441,11127012.682352353,0.0,0.0,-2561650.4898,-2561650.4898,-13688663.172152353,-13688663.172152353,0.0,0.0,0.0,0.0,39108.0872,-2600758.577,-0.23373376585836475,-6113930.327,22301005.281843577,-0.27415492036036926,-13727771.259352352,balanced_corporate
S01,2028-06-01,Atlas East,Virginia,60,1.25,75.0,2028-01-01,2028-04-01,0,12000,3.5,62,4200000,0.18,0.25,0.82,18,9,0.44999999999999996,0.55,0.078,7.0,0.2,2028-02-01,2027-06-01,2027-05-01,2028-01-01,2028-04-01,2027-01-01,base,2028-04-01,True,True,True,0.0,0.0,2,0.31333333333333335,4000,20.0,25.0,2880000,902400.0,3.5,3158400.0,5640.0,349680.0,4200000.0,162432.0,4712112.0,-1553712.0,0.0,0.0,0.0,3852353.205387336,7227679.559826147,585442044.3459179,11080032.765213482,0.0,0.0,-1553712.0,-1553712.0,-12633744.765213482,-12633744.765213482,0.0,0.0,0.0,0.0,63168.0,-1616880.0,-0.14592736630493594,-7730810.327,33381038.04705706,-0.23159286766642548,-12696912.765213482,balanced_corporate
S01,2028-07-01,Atlas East,Virginia,60,1.25,75.0,2028-01-01,2028-04-01,0,12000,3.5,62,4200000,0.18,0.25,0.82,18,9,0.44999999999999996,0.55,0.078,7.0,0.2,2028-02-01,2027-06-01,2027-05-01,2028-01-01,2028-04-01,2027-01-01,base,2028-04-01,True,True,True,0.0,0.0,3,0.345,5333,26.665,33.33125,3967752,1368874.44,3.5,4791060.54,8555.465249999997,530438.8454999998,4200000.0,246397.39919999999,4976836.2447,-185775.70469999965,0.0,0.0,0.0,3805373.2882484663,7227679.559826148,578214364.7860918,11033052.848074615,0.0,0.0,-185775.70469999965,-185775.70469999965,-11218828.552774616,-11218828.552774616,0.0,0.0,0.0,0.0,95821.2108,-281596.91549999965,-0.02552302788517335,-8012407.2425,44414090.89513168,-0.1804023696312617,-11314649.763574615,balanced_corporate
S01,2028-08-01,Atlas East,Virginia,60,1.25,75.0,2028-01-01,2028-04-01,0,12000,3.5,62,4200000,0.18,0.25,0.82,18,9,0.44999999999999996,0.55,0.078,7.0,0.2,2028-02-01,2027-06-01,2027-05-01,2028-01-01,2028-04-01,2027-01-01,base,2028-04-01,True,True,True,0.0,0.0,4,0.37666666666666665,6666,33.33,41.662499999999994,4959504,1868079.8399999999,3.5,6538279.4399999995,11675.498999999998,723880.9379999998,4200000.0,336254.37119999994,5260135.3092,1278144.1307999995,0.0,0.0,0.0,3758393.3711095965,7227679.559826148,570986685.2262657,10986072.930935744,0.0,0.0,1278144.1307999995,1278144.1307999995,-9707928.800135745,-9707928.800135745,0.0,0.0,0.0,0.0,130765.5888,1147378.5419999994,0.1044393705751843,-6865028.7005,55400163.82606742,-0.12391711912717848,-9838694.388935745,balanced_corporate
S01,2028-09-01,Atlas East,Virginia,60,1.25,75.0,2028-01-01,2028-04-01,0,12000,3.5,62,4200000,0.18,0.25,0.82,18,9,0.44999999999999996,0.55,0.078,7.0,0.2,2028-02-01,2027-06-01,2027-05-01,2028-01-01,2028-04-01,2027-01-01,base,2028-04-01,True,True,True,0.0,0.0,5,0.4083333333333333,8000,40.0,50.0,5760000,2352000.0,3.5,8232000.0,14700.0,911400.0,4200000.0,423360.0,5534760.0,2697240.0,0.0,0.0,0.0,3711413.4539707266,7227679.559826148,563759005.6664395,10939093.013796873,0.0,0.0,2697240.0,2697240.0,-8241853.013796873,-8241853.013796873,0.0,0.0,0.0,0.0,164640.0,2532600.0,0.23151828006268632,-4332428.7005,66339256.83986429,-0.06530716361441928,-8406493.013796873,balanced_corporate
S01,2028-10-01,Atlas East,Virginia,60,1.25,75.0,2028-01-01,2028-04-01,0,12000,3.5,62,4200000,0.18,0.25,0.82,18,9,0.44999999999999996,0.55,0.078,7.0,0.2,2028-02-01,2027-06-01,2027-05-01,2028-01-01,2028-04-01,2027-01-01,base,2028-04-01,True,True,True,0.0,0.0,6,0.43999999999999995,9333,46.665000000000006,58.33125000000001,6943752,3055250.8799999994,3.5,10693378.079999998,19095.318000000003,1183909.7160000002,4200000.0,549945.1583999998,5933854.8744,4759523.205599998,0.0,0.0,0.0,3664433.5368318567,7227679.559826148,556531326.1066134,10892113.096658004,1095089.6687681414,273772.41719203535,4485750.788407963,4485750.788407963,-6406362.308250042,-6406362.308250042,0.0,0.0,0.0,0.0,213867.56159999996,4271883.226807963,0.39219967593971206,-60545.473692037165,77231369.93652229,-0.0007839492390436744,-6620229.869850041,balanced_corporate
S01,2028-11-01,Atlas East,Virginia,60,1.25,75.0,2028-01-01,2028-04-01,0,12000,3.5,62,4200000,0.18,0.25,0.82,18,9,0.44999999999999996,0.55,0.078,7.0,0.2,2028-02-01,2027-06-01,2027-05-01,2028-01-01,2028-04-01,2027-01-01,base,2028-04-01,True,True,True,0.0,0.0,7,0.4716666666666667,10666,53.33,66.6625,7679520,3622173.6,3.5,12677607.6,22638.584999999995,1403592.2699999998,4200000.0,651991.248,6255583.517999999,6422024.082,0.0,0.0,0.0,3617453.619692987,7227679.559826148,549303646.5467873,10845133.179519136,2804570.4623070136,701142.6155767534,5720881.466423247,5720881.466423247,-5124251.7130958885,-5124251.7130958885,0.0,0.0,0.0,0.0,253552.152,5467329.314423247,0.5041274481302095,5406783.84073121,88076503.11604144,0.061387358142588076,-5377803.865095888,balanced_corporate
S01,2028-12-01,Atlas East,Virginia,60,1.25,75.0,2028-01-01,2028-04-01,0,12000,3.5,62,4200000,0.18,0.25,0.82,18,9,0.44999999999999996,0.55,0.078,7.0,0.2,2028-02-01,2027-06-01,2027-05-01,2028-01-01,2028-04-01,2027-01-01,base,2028-04-01,True,True,True,0.0,0.0,8,0.5033333333333333,12000,60.0,75.0,8928000,4493760.0,3.5,15728160.0,28085.999999999996,1741331.9999999998,4200000.0,808876.7999999999,6750208.8,8977951.2,0.0,0.0,0.0,3570473.702554117,7227679.559826148,542075966.9869611,10798153.262380265,5407477.497445882,1351869.3743614706,7626081.825638529,7626081.825638529,-3172071.436741736,-3172071.436741736,0.0,0.0,0.0,0.0,314563.2,7311518.625638529,0.6771082469361832,12718302.466369739,98874656.3784217,0.1286305604713623,-3486634.636741736,balanced_corporate
S01,2029-01-01,Atlas East,Virginia,60,1.25,75.0,2028-01-01,2028-04-01,0,12000,3.5,62,4200000,0.18,0.25,0.82,18,9,0.44999999999999996,0.55,0.078,7.0,0.2,2028-02-01,2027-06-01,2027-05-01,2028-01-01,2028-04-01,2027-01-01,base,2028-04-01,True,True,True,0.0,0.0,9,0.5349999999999999,12000,60.0,75.0,8928000,4776479.999999999,3.5,16717679.999999996,29852.999999999996,1850885.9999999998,4200000.0,859766.3999999998,6910652.399999999,9807027.599999998,0.0,0.0,0.0,3523493.785415247,7227679.559826149,534848287.427135,10751173.345241396,6283533.814584751,1570883.4536461877,8236144.14635381,8236144.14635381,-2515029.1988875857,-2515029.1988875857,0.0,0.0,0.0,0.0,334353.5999999999,7901790.5463538105,0.7349700625793781,20620093.01272355,109625829.72366309,0.1880952058899002,-2849382.7988875853,balanced_corporate
S01,2029-02-01,Atlas East,Virginia,60,1.25,75.0,2028-01-01,2028-04-01,0,12000,3.5,62,4200000,0.18,0.25,0.82,18,9,0.44999999999999996,0.55,0.078,7.0,0.2,2028-02-01,2027-06-01,2027-05-01,2028-01-01,2028-04-01,2027-01-01,base,2028-04-01,True,True,True,0.0,0.0,10,0.5666666666666667,12000,60.0,75.0,8064000,4569600.0,3.5,15993600.0,28560.0,1770720.0,4200000.0,822528.0,6793248.0,9200352.0,0.0,0.0,0.0,3476513.868276377,7227679.559826149,527620607.86730886,10704193.428102527,5723838.131723623,1430959.5329309057,7769392.467069094,7769392.467069094,-2934800.9610334327,-2934800.9610334327,0.0,0.0,0.0,0.0,319872.0,7449520.467069094,0.6959441192001731,28069613.479792643,120330023.15176561,0.23327190292642086,-3254672.9610334327,balanced_corporate
S01,2029-03-01,Atlas East,Virginia,60,1.25,75.0,2028-01-01,2028-04-01,0,12000,3.5,62,4200000,0.18,0.25,0.82,18,9,0.44999999999999996,0.55,0.078,7.0,0.2,2028-02-01,2027-06-01,2027-05-01,2028-01-01,2028-04-01,2027-01-01,base,2028-04-01,True,True,True,0.0,0.0,11,0.5983333333333334,12000,60.0,75.0,8928000,5341920.0,3.5,18696720.0,33387.0,2069994.0,4200000.0,961545.6,7231539.6,11465180.4,0.0,0.0,0.0,3429533.9511375073,7227679.559826149,520392928.3074827,10657213.510963656,8035646.448862493,2008911.6122156233,9456268.787784377,9456268.787784377,-1200944.723179279,-1200944.723179279,0.0,0.0,0.0,0.0,373934.4,9082334.387784377,0.8522241182876635,37151947.86757702,130987236.66272928,0.2836302895925441,-1574879.1231792793,balanced_corporate
S01,2029-04-01,Atlas East,Virginia,60,1.25,75.0,2028-01-01,2028-04-01,0,12000,3.5,62,4200000,0.18,0.25,0.82,18,9,0.44999999999999996,0.55,0.078,7.0,0.2,2028-02-01,2027-06-01,2027-05-01,2028-01-01,2028-04-01,2027-01-01,base,2028-04-01,True,True,True,0.0,0.0,12,0.6299999999999999,12000,60.0,75.0,8640000,5443199.999999999,3.5,19051199.999999996,34019.99999999999,2109239.9999999995,4200000.0,979775.9999999998,7289016.0,11762183.999999996,0.0,0.0,0.0,3382554.0339986375,7227679.559826149,513165248.7476566,10610233.593824785,8379629.966001359,2094907.4915003397,9667276.508499656,9667276.508499656,-942957.0853251293,-942957.0853251293,0.0,0.0,0.0,0.0,381023.99999999994,9286252.508499656,0.8752165940912278,49951372.126076676,130423477.65706283,0.3829937141947668,-1323981.0853251293,balanced_corporate
S01,2029-05-01,Atlas East,Virginia,60,1.25,75.0,2028-01-01,2028-04-01,0,12000,3.5,62,4200000,0.18,0.25,0.82,18,9,0.44999999999999996,0.55,0.078,7.0,0.2,2028-02-01,2027-06-01,2027-05-01,2028-01-01,2028-04-01,2027-01-01,base,2028-04-01,True,True,True,0.0,0.0,13,0.6616666666666666,12000,60.0,75.0,8928000,5907360.0,3.5,20675760.0,36921.0,2289102.0,4200000.0,1063324.8,7552426.8,13123333.2,0.0,0.0,0.0,3335574.1168597676,7227679.559826149,505937569.18783045,10563253.676685916,9787759.083140232,2446939.770785058,10676393.429214941,10676393.429214941,113139.75252902508,113139.75252902508,0.0,0.0,0.0,0.0,413515.2,10262878.229214942,0.9715641168275708,62815008.93229162,129859718.65139641,0.4837143464088058,-300375.4474709742,balanced_corporate
S01,2029-06-01,Atlas East,Virginia,60,1.25,75.0,2028-01-01,2028-04-01,0,12000,3.5,62,4200000,0.18,0.25,0.82,18,9,0.44999999999999996,0.55,0.078,7.0,0.2,2028-02-01,2027-06-01,2027-05-01,2028-01-01,2028-04-01,2027-01-01,base,2028-04-01,True,True,True,0.0,0.0,14,0.6933333333333334,12000,60.0,75.0,8640000,5990400.0,3.5,20966400.0,37440.0,2321280.0,4200000.0,1078272.0,7599552.0,13366848.0,0.0,0.0,0.0,3288594.1997208977,7227679.55982615,498709889.6280043,10516273.759547047,10078253.800279103,2519563.450069776,10847284.549930224,10847284.549930224,331010.7903831769,331010.7903831769,0.0,0.0,0.0,0.0,419328.0,10427956.549930224,0.9916018533145692,74859845.48222184,129295959.64572996,0.5789805473221074,-88317.20961682312,balanced_corporate
S01,2029-07-01,Atlas East,Virginia,60,1.25,75.0,2028-01-01,2028-04-01,0,12000,3.5,62,4200000,0.18,0.25,0.82,18,9,0.44999999999999996,0.55,0.078,7.0,0.2,2028-02-01,2027-06-01,2027-05-01,2028-01-01,2028-04-01,2027-01-01,base,2028-04-01,True,True,True,0.0,0.0,15,0.725,12000,60.0,75.0,8928000,6472800.0,3.5,22654800.0,40455.0,2508210.0,4200000.0,1165104.0,7873314.0,14781486.0,0.0,0.0,0.0,3241614.282582028,7227679.55982615,491482210.0681782,10469293.842408177,11539871.717417972,2884967.929354493,11896518.070645507,11896518.070645507,1427224.228237331,1427224.228237331,0.0,0.0,0.0,0.0,453096.0,11443422.070645507,1.09304622096778,86584864.46836735,128732200.64006352,0.6725967864905803,974128.2282373309,balanced_corporate
S01,2029-08-01,Atlas East,Virginia,60,1.25,75.0,2028-01-01,2028-04-01,0,12000,3.5,62,4200000,0.18,0.25,0.82,18,9,0.44999999999999996,0.55,0.078,7.0,0.2,2028-02-01,2027-06-01,2027-05-01,2028-01-01,2028-04-01,2027-01-01,base,2028-04-01,True,True,True,0.0,0.0,16,0.7566666666666666,12000,60.0,75.0,8928000,6755519.999999999,3.5,23644319.999999996,42221.99999999999,2617763.9999999995,4200000.0,1215993.5999999999,8033757.6,15610562.399999997,0.0,0.0,0.0,3194634.365443158,7227679.55982615,484254530.50835204,10422313.925269308,12415928.03455684,3103982.00863921,12506580.391360786,12506580.391360786,2084266.4660914782,2084266.4660914782,0.0,0.0,0.0,0.0,472886.3999999999,12033693.991360785,1.1546086672926463,97471179.91772814,128168441.63439709,0.7604928223732839,1611380.0660914779,balanced_corporate
S01,2029-09-01,Atlas East,Virginia,60,1.25,75.0,2028-01-01,2028-04-01,0,12000,3.5,62,4200000,0.18,0.25,0.82,18,9,0.44999999999999996,0.55,0.078,7.0,0.2,2028-02-01,2027-06-01,2027-05-01,2028-01-01,2028-04-01,2027-01-01,base,2028-04-01,True,True,True,0.0,0.0,17,0.7883333333333332,12000,60.0,75.0,8640000,6811199.999999999,3.5,23839199.999999996,42569.99999999999,2639339.9999999995,4200000.0,1226015.9999999998,8065356.0,15773843.999999996,0.0,0.0,0.0,3147654.448304288,7227679.55982615,477026850.9485259,10375334.008130439,12626189.551695708,3156547.387923927,12617296.61207607,12617296.61207607,2241962.6039456315,2241962.6039456315,0.0,0.0,0.0,0.0,476783.99999999994,12140512.61207607,1.1701322196049189,107079092.52980421,127604682.62873065,0.8391470463615649,1765178.6039456315,balanced_corporate
S01,2029-10-01,Atlas East,Virginia,60,1.25,75.0,2028-01-01,2028-04-01,0,12000,3.5,62,4200000,0.18,0.25,0.82,18,9,0.44999999999999996,0.55,0.078,7.0,0.2,2028-02-01,2027-06-01,2027-05-01,2028-01-01,2028-04-01,2027-01-01,base,2028-04-01,True,True,True,0.0,0.0,18,0.82,12000,60.0,75.0,8928000,7320960.0,3.5,25623360.0,45756.0,2836872.0,4200000.0,1317772.8,8354644.8,17268715.2,0.0,0.0,0.0,3100674.531165418,7227679.559826151,469799171.38869977,10328354.090991568,14168040.668834582,3542010.1672086455,13726705.032791354,13726705.032791354,3398350.941799786,3398350.941799786,0.0,0.0,0.0,0.0,512467.2,13214237.832791355,1.2794137106818275,116021447.13578759,127040923.62306422,0.9132604189814308,2885883.7417997867,balanced_corporate
S01,2029-11-01,Atlas East,Virginia,60,1.25,75.0,2028-01-01,2028-04-01,0,12000,3.5,62,4200000,0.18,0.25,0.82,18,9,0.44999999999999996,0.55,0.078,7.0,0.2,2028-02-01,2027-06-01,2027-05-01,2028-01-01,2028-04-01,2027-01-01,base,2028-04-01,True,True,True,0.0,0.0,19,0.82,12000,60.0,75.0,8640000,7084800.0,3.5,24796800.0,44280.0,2745360.0,4200000.0,1275264.0,8220624.0,16576176.0,0.0,0.0,0.0,3053694.6140265483,7227679.559826151,462571491.82887363,10281374.173852699,13522481.385973452,3380620.346493363,13195555.653506637,13195555.653506637,2914181.4796539377,2914181.4796539377,0.0,0.0,0.0,0.0,495936.0,12699619.653506637,1.2352064460219676,123253737.47487098,126477164.61739777,0.9745137618140169,2418245.4796539377,balanced_corporate
S01,2029-12-01,Atlas East,Virginia,60,1.25,75.0,2028-01-01,2028-04-01,0,12000,3.5,62,4200000,0.18,0.25,0.82,18,9,0.44999999999999996,0.55,0.078,7.0,0.2,2028-02-01,2027-06-01,2027-05-01,2028-01-01,2028-04-01,2027-01-01,base,2028-04-01,True,True,True,0.0,0.0,20,0.82,12000,60.0,75.0,8928000,7320960.0,3.5,25623360.0,45756.0,2836872.0,4200000.0,1317772.8,8354644.8,17268715.2,0.0,0.0,0.0,3006714.6968876785,7227679.559826151,455343812.2690475,10234394.25671383,14262000.50311232,3565500.12577808,13703215.07422192,13703215.07422192,3468820.8175080903,3468820.8175080903,0.0,0.0,0.0,0.0,512467.2,13190747.874221921,1.2888645427714203,129132966.72345437,125913405.61173135,1.025569645234209,2956353.617508091,balanced_corporate
S01,2030-01-01,Atlas East,Virginia,60,1.25,75.0,2028-01-01,2028-04-01,0,12000,3.5,62,4200000,0.18,0.25,0.82,18,9,0.44999999999999996,0.55,0.078,7.0,0.2,2028-02-01,2027-06-01,2027-05-01,2028-01-01,2028-04-01,2027-01-01,base,2028-04-01,True,True,True,0.0,0.0,21,0.82,12000,60.0,75.0,8928000,7320960.0,3.5,25623360.0,45756.0,2836872.0,4200000.0,1317772.8,8354644.8,17268715.2,0.0,0.0,0.0,2959734.7797488086,7227679.559826151,448116132.70922136,10187414.33957496,14308980.42025119,3577245.1050627977,13691470.094937202,13691470.094937202,3504055.7553622425,3504055.7553622425,0.0,0.0,0.0,0.0,512467.2,13179002.894937202,1.2936553334972198,134410179.0720378,125349646.60606492,1.0722820742721941,2991588.555362243,balanced_corporate
S01,2030-02-01,Atlas East,Virginia,60,1.25,75.0,2028-01-01,2028-04-01,0,12000,3.5,62,4200000,0.18,0.25,0.82,18,9,0.44999999999999996,0.55,0.078,7.0,0.2,2028-02-01,2027-06-01,2027-05-01,2028-01-01,2028-04-01,2027-01-01,base,2028-04-01,True,True,True,0.0,0.0,22,0.82,12000,60.0,75.0,8064000,6612480.0,3.5,23143680.0,41328.0,2562336.0,4200000.0,1190246.4,7952582.4,15191097.6,0.0,0.0,0.0,2912754.8626099387,7227679.5598261515,440888453.1493952,10140434.42243609,12278342.73739006,3069585.684347515,12121511.915652484,12121511.915652484,1981077.4932163935,1981077.4932163935,0.0,0.0,0.0,0.0,462873.60000000003,11658638.315652484,1.1497178355453206,138619296.92062116,124785887.60039848,1.110857161705027,1518203.893216394,balanced_corporate
S01,2030-03-01,Atlas East,Virginia,60,1.25,75.0,2028-01-01,2028-04-01,0,12000,3.5,62,4200000,0.18,0.25,0.82,18,9,0.44999999999999996,0.55,0.078,7.0,0.2,2028-02-01,2027-06-01,2027-05-01,2028-01-01,2028-04-01,2027-01-01,base,2028-04-01,True,True,True,0.0,0.0,23,0.82,12000,60.0,75.0,8928000,7320960.0,3.5,25623360.0,45756.0,2836872.0,4200000.0,1317772.8,8354644.8,17268715.2,0.0,0.0,0.0,2865774.945471069,7227679.5598261515,433660773.5895691,10093454.505297221,14402940.25452893,3600735.0636322326,13667980.136367766,13667980.136367766,3574525.631070545,3574525.631070545,0.0,0.0,0.0,0.0,512467.2,13155512.936367767,1.303370707171021,142692475.46920455,124222128.59473203,1.1486880564954012,3062058.4310705457,balanced_corporate
S01,2030-04-01,Atlas East,Virginia,60,1.25,75.0,2028-01-01,2028-04-01,0,12000,3.5,62,4200000,0.18,0.25,0.82,18,9,0.44999999999999996,0.55,0.078,7.0,0.2,2028-02-01,2027-06-01,2027-05-01,2028-01-01,2028-04-01,2027-01-01,base,2028-04-01,True,True,True,0.0,0.0,24,0.82,12000,60.0,75.0,8640000,7084800.0,3.5,24796800.0,44280.0,2745360.0,4200000.0,1275264.0,8220624.0,16576176.0,0.0,0.0,0.0,2818795.028332199,7227679.5598261515,426433094.02974296,10046474.58815835,13757380.9716678,3439345.24291695,13136830.75708305,13136830.75708305,3090356.1689247005,3090356.1689247005,0.0,0.0,0.0,0.0,495936.0,12640894.75708305,1.2582418485368698,146047117.71778795,123658369.5890656,1.1810532372626565,2594420.1689247005,balanced_corporate
S01,2030-05-01,Atlas East,Virginia,60,1.25,75.0,2028-01-01,2028-04-01,0,12000,3.5,62,4200000,0.18,0.25,0.82,18,9,0.44999999999999996,0.55,0.078,7.0,0.2,2028-02-01,2027-06-01,2027-05-01,2028-01-01,2028-04-01,2027-01-01,base,2028-04-01,True,True,True,0.0,0.0,25,0.82,12000,60.0,75.0,8928000,7320960.0,3.5,25623360.0,45756.0,2836872.0,4200000.0,1317772.8,8354644.8,17268715.2,0.0,0.0,0.0,2771815.111193329,7227679.5598261515,419205414.4699168,9999494.67101948,14496900.08880667,3624225.0222016675,13644490.17779833,13644490.17779833,3644995.506778851,3644995.506778851,0.0,0.0,0.0,0.0,512467.2,13132022.977798332,1.313268661051197,148916262.46637133,123094610.58339916,1.2097707751833493,3132528.306778852,balanced_corporate
S01,2030-06-01,Atlas East,Virginia,60,1.25,75.0,2028-01-01,2028-04-01,0,12000,3.5,62,4200000,0.18,0.25,0.82,18,9,0.44999999999999996,0.55,0.078,7.0,0.2,2028-02-01,2027-06-01,2027-05-01,2028-01-01,2028-04-01,2027-01-01,base,2028-04-01,True,True,True,0.0,0.0,26,0.82,12000,60.0,75.0,8640000,7084800.0,3.5,24796800.0,44280.0,2745360.0,4200000.0,1275264.0,8220624.0,16576176.0,0.0,0.0,0.0,2724835.194054459,7227679.559826152,411977734.9100907,9952514.753880613,13851340.805945542,3462835.2014863854,13113340.798513614,13113340.798513614,3160826.044633001,3160826.044633001,0.0,0.0,0.0,0.0,495936.0,12617404.798513614,1.2677604716530488,151105710.7149547,122530851.57773274,1.2332054235262886,2664890.044633001,balanced_corporate
S01,2030-07-01,Atlas East,Virginia,60,1.25,75.0,2028-01-01,2028-04-01,0,12000,3.5,62,4200000,0.18,0.25,0.82,18,9,0.44999999999999996,0.55,0.078,7.0,0.2,2028-02-01,2027-06-01,2027-05-01,2028-01-01,2028-04-01,2027-01-01,base,2028-04-01,True,True,True,0.0,0.0,27,0.82,12000,60.0,75.0,8928000,7320960.0,3.5,25623360.0,45756.0,2836872.0,4200000.0,1317772.8,8354644.8,17268715.2,0.0,0.0,0.0,2677855.2769155893,7227679.559826152,404750055.35026455,9905534.836741742,14590859.92308441,3647714.9807711025,13621000.219228897,13621000.219228897,3715465.3824871555,3715465.3824871555,0.0,0.0,0.0,0.0,512467.2,13108533.019228898,1.3233543907802487,152770821.66353813,121967092.57206629,1.2525577058686623,3202998.1824871562,balanced_corporate
S01,2030-08-01,Atlas East,Virginia,60,1.25,75.0,2028-01-01,2028-04-01,0,12000,3.5,62,4200000,0.18,0.25,0.82,18,9,0.44999999999999996,0.55,0.078,7.0,0.2,2028-02-01,2027-06-01,2027-05-01,2028-01-01,2028-04-01,2027-01-01,base,2028-04-01,True,True,True,0.0,0.0,28,0.82,12000,60.0,75.0,8928000,7320960.0,3.5,25623360.0,45756.0,2836872.0,4200000.0,1317772.8,8354644.8,17268715.2,0.0,0.0,0.0,2630875.3597767195,7227679.559826152,397522375.7904384,9858554.919602871,14637839.840223279,3659459.9600558197,13609255.239944179,13609255.239944179,3750700.3203413077,3750700.3203413077,0.0,0.0,0.0,0.0,512467.2,13096788.03994418,1.3284693493873394,153833915.71212152,121403333.56639986,1.2671309031887843,3238233.1203413084,balanced_corporate
S01,2030-09-01,Atlas East,Virginia,60,1.25,75.0,2028-01-01,2028-04-01,0,12000,3.5,62,4200000,0.18,0.25,0.82,18,9,0.44999999999999996,0.55,0.078,7.0,0.2,2028-02-01,2027-06-01,2027-05-01,2028-01-01,2028-04-01,2027-01-01,base,2028-04-01,True,True,True,0.0,0.0,29,0.82,12000,60.0,75.0,8640000,7084800.0,3.5,24796800.0,44280.0,2745360.0,4200000.0,1275264.0,8220624.0,16576176.0,0.0,0.0,0.0,2583895.4426378496,7227679.559826153,390294696.2306123,9811575.002464004,13992280.55736215,3498070.1393405376,13078105.860659461,13078105.860659461,3266530.8581954576,3266530.8581954576,0.0,0.0,0.0,0.0,495936.0,12582169.860659461,1.2823802353342528,154275572.96070492,120839574.56073342,1.2766974190493092,2770594.8581954576,balanced_corporate
S01,2030-10-01,Atlas East,Virginia,60,1.25,75.0,2028-01-01,2028-04-01,0,12000,3.5,62,4200000,0.18,0.25,0.82,18,9,0.44999999999999996,0.55,0.078,7.0,0.2,2028-02-01,2027-06-01,2027-05-01,2028-01-01,2028-04-01,2027-01-01,base,2028-04-01,True,True,True,0.0,0.0,30,0.82,12000,60.0,75.0,8928000,7320960.0,3.5,25623360.0,45756.0,2836872.0,4200000.0,1317772.8,8354644.8,17268715.2,0.0,0.0,0.0,2536915.5254989797,7227679.559826153,383067016.67078614,9764595.085325133,14731799.67450102,3682949.918625255,13585765.281374745,13585765.281374745,3821170.196049612,3821170.196049612,0.0,0.0,0.0,0.0,512467.2,13073298.081374746,1.338846922697506,154134633.2092883,120275815.555067,1.281509773997079,3308702.9960496128,balanced_corporate
S01,2030-11-01,Atlas East,Virginia,60,1.25,75.0,2028-01-01,2028-04-01,0,12000,3.5,62,4200000,0.18,0.25,0.82,18,9,0.44999999999999996,0.55,0.078,7.0,0.2,2028-02-01,2027-06-01,2027-05-01,2028-01-01,2028-04-01,2027-01-01,base,2028-04-01,True,True,True,0.0,0.0,31,0.82,12000,60.0,75.0,8640000,7084800.0,3.5,24796800.0,44280.0,2745360.0,4200000.0,1275264.0,8220624.0,16576176.0,0.0,0.0,0.0,2489935.60836011,7227679.559826153,375839337.11096,9717615.168186262,14086240.39163989,3521560.0979099725,13054615.902090028,13054615.902090028,3337000.7339037657,3337000.7339037657,0.0,0.0,0.0,0.0,495936.0,12558679.902090028,1.2923623424814048,153993693.45787168,119712056.54940057,1.2863674545121893,2841064.7339037657,balanced_corporate
S01,2030-12-01,Atlas East,Virginia,60,1.25,75.0,2028-01-01,2028-04-01,0,12000,3.5,62,4200000,0.18,0.25,0.82,18,9,0.44999999999999996,0.55,0.078,7.0,0.2,2028-02-01,2027-06-01,2027-05-01,2028-01-01,2028-04-01,2027-01-01,base,2028-04-01,True,True,True,0.0,0.0,32,0.82,12000,60.0,75.0,8928000,7320960.0,3.5,25623360.0,45756.0,2836872.0,4200000.0,1317772.8,8354644.8,17268715.2,0.0,0.0,0.0,2442955.69122124,7227679.559826154,368611657.5511339,9670635.251047395,14825759.508778758,3706439.8771946896,13562275.32280531,13562275.32280531,3891640.0717579145,3891640.0717579145,0.0,0.0,0.0,0.0,512467.2,13049808.12280531,1.3494261528881393,153852753.70645508,119148297.54373412,1.2912711039784892,3379172.8717579152,balanced_corporate
S01,2031-01-01,Atlas East,Virginia,60,1.25,75.0,2028-01-01,2028-04-01,0,12000,3.5,62,4200000,0.18,0.25,0.82,18,9,0.44999999999999996,0.55,0.078,7.0,0.2,2028-02-01,2027-06-01,2027-05-01,2028-01-01,2028-04-01,2027-01-01,base,2028-04-01,True,True,True,0.0,0.0,33,0.82,12000,60.0,75.0,8928000,7320960.0,3.5,25623360.0,45756.0,2836872.0,4200000.0,1317772.8,8354644.8,17268715.2,0.0,0.0,0.0,2395975.77408237,7227679.559826154,361383977.99130774,9623655.333908524,14872739.42591763,3718184.8564794073,13550530.343520593,13550530.343520593,3926875.0096120685,3926875.0096120685,0.0,0.0,0.0,0.0,512467.2,13038063.143520594,1.35479323512154,153711813.95503846,118584538.53806768,1.296221378014591,3414407.8096120693,balanced_corporate
S01,2031-02-01,Atlas East,Virginia,60,1.25,75.0,2028-01-01,2028-04-01,0,12000,3.5,62,4200000,0.18,0.25,0.82,18,9,0.44999999999999996,0.55,0.078,7.0,0.2,2028-02-01,2027-06-01,2027-05-01,2028-01-01,2028-04-01,2027-01-01,base,2028-04-01,True,True,True,0.0,0.0,34,0.82,12000,60.0,75.0,8064000,6612480.0,3.5,23143680.0,41328.0,2562336.0,4200000.0,1190246.4,7952582.4,15191097.6,0.0,0.0,0.0,2348995.8569435,7227679.559826154,354156298.4314816,9576675.416769654,12842101.743056498,3210525.4357641246,11980572.164235875,11980572.164235875,2403896.7474662215,2403896.7474662215,0.0,0.0,0.0,0.0,462873.60000000003,11517698.564235875,1.2026823571849694,153570874.20362186,118020779.53240125,1.3012189447660845,1941023.1474662218,balanced_corporate
S01,2031-03-01,Atlas East,Virginia,60,1.25,75.0,2028-01-01,2028-04-01,0,12000,3.5,62,4200000,0.18,0.25,0.82,18,9,0.44999999999999996,0.55,0.078,7.0,0.2,2028-02-01,2027-06-01,2027-05-01,2028-01-01,2028-04-01,2027-01-01,base,2028-04-01,True,True,True,0.0,0.0,35,0.82,12000,60.0,75.0,8928000,7320960.0,3.5,25623360.0,45756.0,2836872.0,4200000.0,1317772.8,8354644.8,17268715.2,0.0,0.0,0.0,2302015.9398046304,7227679.559826155,346928618.87165546,9529695.499630786,14966699.260195369,3741674.815048842,13527040.384951157,13527040.384951157,3997344.885320371,3997344.885320371,0.0,0.0,0.0,0.0,512467.2,13014573.184951158,1.3656861528739703,153429934.45220524,117457020.52673481,1.3062644852061653,3484877.6853203718,balanced_corporate
S01,2031-04-01,Atlas East,Virginia,60,1.25,75.0,2028-01-01,2028-04-01,0,12000,3.5,62,4200000,0.18,0.25,0.82,18,9,0.44999999999999996,0.55,0.078,7.0,0.2,2028-02-01,2027-06-01,2027-05-01,2028-01-01,2028-04-01,2027-01-01,base,2028-04-01,True,True,True,0.0,0.0,36,0.82,12000,60.0,75.0,8640000,7084800.0,3.5,24796800.0,44280.0,2745360.0,4200000.0,1275264.0,8220624.0,16576176.0,0.0,0.0,0.0,2255036.0226657605,7227679.559826155,339700939.3118293,9482715.582491916,14321139.977334239,3580284.9943335596,12995891.00566644,12995891.00566644,3513175.4231745247,3513175.4231745247,0.0,0.0,0.0,0.0,495936.0,12499955.00566644,1.3181830559956158,153288994.70078862,116893261.52106838,1.3113586934449633,3017239.4231745247,balanced_corporate
S01,2031-05-01,Atlas East,Virginia,60,1.25,75.0,2028-01-01,2028-04-01,0,12000,3.5,62,4200000,0.18,0.25,0.82,18,9,0.44999999999999996,0.55,0.078,7.0,0.2,2028-02-01,2027-06-01,2027-05-01,2028-01-01,2028-04-01,2027-01-01,base,2028-04-01,True,True,True,0.0,0.0,37,0.82,12000,60.0,75.0,8928000,7320960.0,3.5,25623360.0,45756.0,2836872.0,4200000.0,1317772.8,8354644.8,17268715.2,0.0,0.0,0.0,2208056.1055268906,7227679.559826156,332473259.7520032,9435735.665353047,15060659.094473109,3765164.773618277,13503550.426381722,13503550.426381722,4067814.7610286754,4067814.7610286754,0.0,0.0,0.0,0.0,512467.2,12991083.226381723,1.3767960111561317,153148054.94937205,116329502.51540194,1.3165022770478654,3555347.561028676,balanced_corporate
S01,2031-06-01,Atlas East,Virginia,60,1.25,75.0,2028-01-01,2028-04-01,0,12000,3.5,62,4200000,0.18,0.25,0.82,18,9,0.44999999999999996,0.55,0.078,7.0,0.2,2028-02-01,2027-06-01,2027-05-01,2028-01-01,2028-04-01,2027-01-01,base,2028-04-01,True,True,True,0.0,0.0,38,0.82,12000,60.0,75.0,8640000,7084800.0,3.5,24796800.0,44280.0,2745360.0,4200000.0,1275264.0,8220624.0,16576176.0,0.0,0.0,0.0,2161076.1883880207,7227679.559826156,325245580.19217706,9388755.748214178,14415099.81161198,3603774.952902995,12972401.047097005,12972401.047097005,3583645.298882827,3583645.298882827,0.0,0.0,0.0,0.0,495936.0,12476465.047097005,1.3288731096737858,153007115.19795543,115765743.50973552,1.3216959573631384,3087709.298882827,balanced_corporate
S01,2031-07-01,Atlas East,Virginia,60,1.25,75.0,2028-01-01,2028-04-01,0,12000,3.5,62,4200000,0.18,0.25,0.82,18,9,0.44999999999999996,0.55,0.078,7.0,0.2,2028-02-01,2027-06-01,2027-05-01,2028-01-01,2028-04-01,2027-01-01,base,2028-04-01,True,True,True,0.0,0.0,39,0.82,12000,60.0,75.0,8928000,7320960.0,3.5,25623360.0,45756.0,2836872.0,4200000.0,1317772.8,8354644.8,17268715.2,0.0,0.0,0.0,2114096.271249151,7227679.559826157,318017900.6323509,9341775.831075307,15154618.928750848,3788654.732187712,13480060.467812287,13480060.467812287,4138284.6367369797,4138284.6367369797,0.0,0.0,0.0,0.0,512467.2,12967593.267812287,1.3881293559491914,152866175.4465388,115201984.50406907,1.326940469859175,3625817.4367369805,balanced_corporate
S01,2031-08-01,Atlas East,Virginia,60,1.25,75.0,2028-01-01,2028-04-01,0,12000,3.5,62,4200000,0.18,0.25,0.82,18,9,0.44999999999999996,0.55,0.078,7.0,0.2,2028-02-01,2027-06-01,2027-05-01,2028-01-01,2028-04-01,2027-01-01,base,2028-04-01,True,True,True,0.0,0.0,40,0.82,12000,60.0,75.0,8928000,7320960.0,3.5,25623360.0,45756.0,2836872.0,4200000.0,1317772.8,8354644.8,17268715.2,0.0,0.0,0.0,2067116.354110281,7227679.559826157,310790221.0725248,9294795.913936438,15201598.845889717,3800399.7114724293,13468315.48852757,13468315.48852757,4173519.574591132,4173519.574591132,0.0,0.0,0.0,0.0,512467.2,12955848.28852757,1.3938819537825269,152725235.6951222,114638225.49840266,1.3322365644716845,3661052.3745911326,balanced_corporate
S01,2031-09-01,Atlas East,Virginia,60,1.25,75.0,2028-01-01,2028-04-01,0,12000,3.5,62,4200000,0.18,0.25,0.82,18,9,0.44999999999999996,0.55,0.078,7.0,0.2,2028-02-01,2027-06-01,2027-05-01,2028-01-01,2028-04-01,2027-01-01,base,2028-04-01,True,True,True,0.0,0.0,41,0.82,12000,60.0,75.0,8640000,7084800.0,3.5,24796800.0,44280.0,2745360.0,4200000.0,1275264.0,8220624.0,16576176.0,0.0,0.0,0.0,2020136.436971411,7227679.559826158,303562541.51269865,9247815.99679757,14556039.563028589,3639009.890757147,12937166.109242853,12937166.109242853,3689350.1124452837,3689350.1124452837,0.0,0.0,0.0,0.0,495936.0,12441230.109242853,1.3453154900087905,152584295.9437056,114074466.4927362,1.3375850059611853,3193414.1124452837,balanced_corporate
S01,2031-10-01,Atlas East,Virginia,60,1.25,75.0,2028-01-01,2028-04-01,0,12000,3.5,62,4200000,0.18,0.25,0.82,18,9,0.44999999999999996,0.55,0.078,7.0,0.2,2028-02-01,2027-06-01,2027-05-01,2028-01-01,2028-04-01,2027-01-01,base,2028-04-01,True,True,True,0.0,0.0,42,0.82,12000,60.0,75.0,8928000,7320960.0,3.5,25623360.0,45756.0,2836872.0,4200000.0,1317772.8,8354644.8,17268715.2,0.0,0.0,0.0,1973156.5198325412,7227679.559826158,296334861.9528725,9200836.079658698,15295558.680167459,3823889.6700418647,13444825.529958135,13444825.529958135,4243989.450299436,4243989.450299436,0.0,0.0,0.0,0.0,512467.2,12932358.329958135,1.4055633877174623,152443356.19228896,113510707.48706977,1.342986574281145,3731522.250299437,balanced_corporate
S01,2031-11-01,Atlas East,Virginia,60,1.25,75.0,2028-01-01,2028-04-01,0,12000,3.5,62,4200000,0.18,0.25,0.82,18,9,0.44999999999999996,0.55,0.078,7.0,0.2,2028-02-01,2027-06-01,2027-05-01,2028-01-01,2028-04-01,2027-01-01,base,2028-04-01,True,True,True,0.0,0.0,43,0.82,12000,60.0,75.0,8640000,7084800.0,3.5,24796800.0,44280.0,2745360.0,4200000.0,1275264.0,8220624.0,16576176.0,0.0,0.0,0.0,1926176.6026936714,7227679.559826159,289107182.3930464,9153856.162519831,14649999.397306329,3662499.849326582,12913676.150673417,12913676.150673417,3759819.988153586,3759819.988153586,0.0,0.0,0.0,0.0,495936.0,12417740.150673417,1.3565583651529782,152302416.44087237,112946948.48140334,1.3484420649571502,3263883.988153586,balanced_corporate
S01,2031-12-01,Atlas East,Virginia,60,1.25,75.0,2028-01-01,2028-04-01,0,12000,3.5,62,4200000,0.18,0.25,0.82,18,9,0.44999999999999996,0.55,0.078,7.0,0.2,2028-02-01,2027-06-01,2027-05-01,2028-01-01,2028-04-01,2027-01-01,base,2028-04-01,True,True,True,0.0,0.0,44,0.82,12000,60.0,75.0,8928000,7320960.0,3.5,25623360.0,45756.0,2836872.0,4200000.0,1317772.8,8354644.8,17268715.2,0.0,0.0,0.0,1879196.6855548015,7227679.55982616,281879502.83322024,9106876.24538096,15389518.514445197,3847379.628611299,13421335.5713887,13421335.5713887,4314459.326007739,4314459.326007739,0.0,0.0,0.0,0.0,512467.2,12908868.3713887,1.417485867114547,152161476.68945575,112383189.47573692,1.3539522894774827,3801992.1260077395,balanced_corporate
S02,2027-01-01,Atlas Central,Texas,90,1.22,109.8,2028-07-01,2028-10-01,0,18000,3.4,48,5900000,0.17,0.22,0.85,20,12,0.44999999999999996,0.55,0.078,7.0,0.2,2028-08-01,2027-10-01,2027-09-01,2028-07-01,2028-10-01,2027-04-01,base,2028-10-01,False,False,False,0.0,0.0,-21,0.0,0,0.0,0.0,0,0.0,3.4,0.0,0.0,0.0,0.0,0.0,0.0,0.0,0.0,0.0,0.0,0.0,0.0,0.0,0.0,0.0,0.0,0.0,0.0,0.0,0.0,0.0,0.0,0.0,0.0,0.0,0.0,,,,,0.0,balanced_corporate
S02,2027-02-01,Atlas Central,Texas,90,1.22,109.8,2028-07-01,2028-10-01,0,18000,3.4,48,5900000,0.17,0.22,0.85,20,12,0.44999999999999996,0.55,0.078,7.0,0.2,2028-08-01,2027-10-01,2027-09-01,2028-07-01,2028-10-01,2027-04-01,base,2028-10-01,False,False,False,0.0,0.0,-20,0.0,0,0.0,0.0,0,0.0,3.4,0.0,0.0,0.0,0.0,0.0,0.0,0.0,0.0,0.0,0.0,0.0,0.0,0.0,0.0,0.0,0.0,0.0,0.0,0.0,0.0,0.0,0.0,0.0,0.0,0.0,0.0,,,,,0.0,balanced_corporate
S02,2027-03-01,Atlas Central,Texas,90,1.22,109.8,2028-07-01,2028-10-01,0,18000,3.4,48,5900000,0.17,0.22,0.85,20,12,0.44999999999999996,0.55,0.078,7.0,0.2,2028-08-01,2027-10-01,2027-09-01,2028-07-01,2028-10-01,2027-04-01,base,2028-10-01,False,False,False,0.0,0.0,-19,0.0,0,0.0,0.0,0,0.0,3.4,0.0,0.0,0.0,0.0,0.0,0.0,0.0,0.0,0.0,0.0,0.0,0.0,0.0,0.0,0.0,0.0,0.0,0.0,0.0,0.0,0.0,0.0,0.0,0.0,0.0,0.0,,,,,0.0,balanced_corporate
S02,2027-04-01,Atlas Central,Texas,90,1.22,109.8,2028-07-01,2028-10-01,0,18000,3.4,48,5900000,0.17,0.22,0.85,20,12,0.44999999999999996,0.55,0.078,7.0,0.2,2028-08-01,2027-10-01,2027-09-01,2028-07-01,2028-10-01,2027-04-01,base,2028-10-01,False,False,False,3316390.6445284584,0.0,-18,0.0,0,0.0,0.0,0,0.0,3.4,0.0,0.0,0.0,0.0,0.0,0.0,0.0,3316390.6445284584,0.0,0.0,0.0,0.0,0.0,0.0,0.0,0.0,0.0,-3316390.6445284584,-3316390.6445284584,0.0,0.0,0.0,0.0,3316390.6445284584,0.0,0.0,,,,,-3316390.6445284584,balanced_corporate
S02,2027-05-01,Atlas Central,Texas,90,1.22,109.8,2028-07-01,2028-10-01,0,18000,3.4,48,5900000,0.17,0.22,0.85,20,12,0.44999999999999996,0.55,0.078,7.0,0.2,2028-08-01,2027-10-01,2027-09-01,2028-07-01,2028-10-01,2027-04-01,base,2028-10-01,False,False,False,17457676.017581023,0.0,-17,0.0,0,0.0,0.0,0,0.0,3.4,0.0,0.0,0.0,0.0,0.0,0.0,0.0,17457676.017581023,0.0,0.0,0.0,0.0,0.0,0.0,0.0,0.0,0.0,-17457676.017581023,-17457676.017581023,0.0,0.0,0.0,0.0,17457676.017581023,0.0,0.0,,,,,-17457676.017581023,balanced_corporate
S02,2027-06-01,Atlas Central,Texas,90,1.22,109.8,2028-07-01,2028-10-01,0,18000,3.4,48,5900000,0.17,0.22,0.85,20,12,0.44999999999999996,0.55,0.078,7.0,0.2,2028-08-01,2027-10-01,2027-09-01,2028-07-01,2028-10-01,2027-04-01,base,2028-10-01,False,False,False,23670974.224067587,0.0,-16,0.0,0,0.0,0.0,0,0.0,3.4,0.0,0.0,0.0,0.0,0.0,0.0,0.0,23670974.224067587,0.0,0.0,0.0,0.0,0.0,0.0,0.0,0.0,0.0,-23670974.224067587,-23670974.224067587,0.0,0.0,0.0,0.0,23670974.224067587,0.0,0.0,,,,,-23670974.224067587,balanced_corporate
S02,2027-07-01,Atlas Central,Texas,90,1.22,109.8,2028-07-01,2028-10-01,0,18000,3.4,48,5900000,0.17,0.22,0.85,20,12,0.44999999999999996,0.55,0.078,7.0,0.2,2028-08-01,2027-10-01,2027-09-01,2028-07-01,2028-10-01,2027-04-01,base,2028-10-01,False,False,False,18639894.619459696,0.0,-15,0.0,0,0.0,0.0,0,0.0,3.4,0.0,0.0,0.0,0.0,0.0,0.0,0.0,18639894.619459696,0.0,0.0,0.0,0.0,0.0,0.0,0.0,0.0,0.0,-18639894.619459696,-18639894.619459696,0.0,0.0,0.0,0.0,18639894.619459696,0.0,0.0,,,,,-18639894.619459696,balanced_corporate
S02,2027-08-01,Atlas Central,Texas,90,1.22,109.8,2028-07-01,2028-10-01,0,18000,3.4,48,5900000,0.17,0.22,0.85,20,12,0.44999999999999996,0.55,0.078,7.0,0.2,2028-08-01,2027-10-01,2027-09-01,2028-07-01,2028-10-01,2027-04-01,base,2028-10-01,False,False,False,13608815.014851812,0.0,-14,0.0,0,0.0,0.0,0,0.0,3.4,0.0,0.0,0.0,0.0,0.0,0.0,0.0,13608815.014851812,0.0,0.0,0.0,0.0,0.0,0.0,0.0,0.0,0.0,-13608815.014851812,-13608815.014851812,0.0,0.0,0.0,0.0,13608815.014851812,0.0,0.0,,,,,-13608815.014851812,balanced_corporate
S02,2027-09-01,Atlas Central,Texas,90,1.22,109.8,2028-07-01,2028-10-01,0,18000,3.4,48,5900000,0.17,0.22,0.85,20,12,0.44999999999999996,0.55,0.078,7.0,0.2,2028-08-01,2027-10-01,2027-09-01,2028-07-01,2028-10-01,2027-04-01,base,2028-10-01,False,False,False,10466790.882507797,0.0,-13,0.0,0,0.0,0.0,0,0.0,3.4,0.0,0.0,0.0,0.0,0.0,0.0,0.0,10466790.882507797,0.0,0.0,0.0,0.0,0.0,0.0,0.0,0.0,0.0,-10466790.882507797,-10466790.882507797,0.0,0.0,0.0,0.0,10466790.882507797,0.0,0.0,,,,,-10466790.882507797,balanced_corporate
S02,2027-10-01,Atlas Central,Texas,90,1.22,109.8,2028-07-01,2028-10-01,0,18000,3.4,48,5900000,0.17,0.22,0.85,20,12,0.44999999999999996,0.55,0.078,7.0,0.2,2028-08-01,2027-10-01,2027-09-01,2028-07-01,2028-10-01,2027-04-01,base,2028-10-01,False,False,False,26140636.091857504,0.0,-12,0.0,0,0.0,0.0,0,0.0,3.4,0.0,0.0,0.0,0.0,0.0,0.0,0.0,26140636.091857504,0.0,0.0,0.0,0.0,0.0,0.0,0.0,0.0,0.0,-26140636.091857504,-26140636.091857504,0.0,0.0,0.0,0.0,26140636.091857504,0.0,0.0,,,,,-26140636.091857504,balanced_corporate
S02,2027-11-01,Atlas Central,Texas,90,1.22,109.8,2028-07-01,2028-10-01,0,18000,3.4,48,5900000,0.17,0.22,0.85,20,12,0.44999999999999996,0.55,0.078,7.0,0.2,2028-08-01,2027-10-01,2027-09-01,2028-07-01,2028-10-01,2027-04-01,base,2028-10-01,False,False,False,44831892.07470498,0.0,-11,0.0,0,0.0,0.0,0,0.0,3.4,0.0,0.0,0.0,0.0,0.0,0.0,0.0,44831892.07470498,0.0,0.0,0.0,0.0,0.0,0.0,0.0,0.0,0.0,-44831892.07470498,-44831892.07470498,0.0,0.0,0.0,0.0,44831892.07470498,0.0,0.0,,,,,-44831892.07470498,balanced_corporate
S02,2027-12-01,Atlas Central,Texas,90,1.22,109.8,2028-07-01,2028-10-01,0,18000,3.4,48,5900000,0.17,0.22,0.85,20,12,0.44999999999999996,0.55,0.078,7.0,0.2,2028-08-01,2027-10-01,2027-09-01,2028-07-01,2028-10-01,2027-04-01,base,2028-10-01,False,False,False,79370501.65711725,0.0,-10,0.0,0,0.0,0.0,0,0.0,3.4,0.0,0.0,0.0,0.0,0.0,0.0,0.0,79370501.65711725,0.0,0.0,0.0,0.0,0.0,0.0,0.0,0.0,0.0,-79370501.65711725,-79370501.65711725,0.0,0.0,0.0,0.0,79370501.65711725,0.0,0.0,,0.0,0.0,,-79370501.65711725,balanced_corporate
S02,2028-01-01,Atlas Central,Texas,90,1.22,109.8,2028-07-01,2028-10-01,0,18000,3.4,48,5900000,0.17,0.22,0.85,20,12,0.44999999999999996,0.55,0.078,7.0,0.2,2028-08-01,2027-10-01,2027-09-01,2028-07-01,2028-10-01,2027-04-01,base,2028-10-01,False,False,False,113909111.23952954,0.0,-9,0.0,0,0.0,0.0,0,0.0,3.4,0.0,0.0,0.0,0.0,0.0,0.0,0.0,113909111.23952954,0.0,0.0,0.0,0.0,0.0,0.0,0.0,0.0,0.0,-113909111.23952954,-113909111.23952954,0.0,0.0,0.0,0.0,113909111.23952954,0.0,0.0,,0.0,0.0,,-113909111.23952954,balanced_corporate
S02,2028-02-01,Atlas Central,Texas,90,1.22,109.8,2028-07-01,2028-10-01,0,18000,3.4,48,5900000,0.17,0.22,0.85,20,12,0.44999999999999996,0.55,0.078,7.0,0.2,2028-08-01,2027-10-01,2027-09-01,2028-07-01,2028-10-01,2027-04-01,base,2028-10-01,False,False,False,148447720.8219418,0.0,-8,0.0,0,0.0,0.0,0,0.0,3.4,0.0,0.0,0.0,0.0,0.0,0.0,0.0,89674499.0134607,58773221.808481105,382025.94175512716,0.0,0.0,59155247.75023623,0.0,0.0,0.0,0.0,-148447720.8219418,-89674499.0134607,7.450580596923828e-09,0.0,0.0,0.0,89674499.0134607,0.0,0.0,,0.0,0.0,,-89674499.0134607,balanced_corporate
S02,2028-03-01,Atlas Central,Texas,90,1.22,109.8,2028-07-01,2028-10-01,0,18000,3.4,48,5900000,0.17,0.22,0.85,20,12,0.44999999999999996,0.55,0.078,7.0,0.2,2028-08-01,2027-10-01,2027-09-01,2028-07-01,2028-10-01,2027-04-01,base,2028-10-01,False,False,False,178597012.8035557,0.0,-7,0.0,0,0.0,0.0,0,0.0,3.4,0.0,0.0,0.0,0.0,0.0,0.0,0.0,80368655.76160006,98228357.04195563,1022993.4311492471,0.0,0.0,158406598.2233411,0.0,0.0,0.0,0.0,-178597012.8035557,-80368655.76160006,0.0,0.0,0.0,0.0,80368655.76160006,0.0,0.0,,0.0,0.0,,-80368655.76160006,balanced_corporate
S02,2028-04-01,Atlas Central,Texas,90,1.22,109.8,2028-07-01,2028-10-01,0,18000,3.4,48,5900000,0.17,0.22,0.85,20,12,0.44999999999999996,0.55,0.078,7.0,0.2,2028-08-01,2027-10-01,2027-09-01,2028-07-01,2028-10-01,2027-04-01,base,2028-10-01,False,False,False,179266464.37724733,0.0,-6,0.0,0,0.0,0.0,0,0.0,3.4,0.0,0.0,0.0,0.0,0.0,0.0,0.0,80669908.9697613,98596555.40748604,1670520.4986003763,0.0,0.0,258673674.1294275,0.0,0.0,0.0,0.0,-179266464.37724733,-80669908.9697613,0.0,0.0,0.0,0.0,80669908.9697613,0.0,0.0,,0.0,0.0,,-80669908.9697613,balanced_corporate
S02,2028-05-01,Atlas Central,Texas,90,1.22,109.8,2028-07-01,2028-10-01,0,18000,3.4,48,5900000,0.17,0.22,0.85,20,12,0.44999999999999996,0.55,0.078,7.0,0.2,2028-08-01,2027-10-01,2027-09-01,2028-07-01,2028-10-01,2027-04-01,base,2028-10-01,False,False,False,160148271.16329423,0.0,-5,0.0,0,0.0,0.0,0,0.0,3.4,0.0,0.0,0.0,0.0,0.0,0.0,0.0,72066722.0234824,88081549.13981183,2253908.9512500553,0.0,0.0,349009132.2204894,0.0,0.0,0.0,0.0,-160148271.16329423,-72066722.0234824,0.0,0.0,0.0,0.0,72066722.0234824,0.0,0.0,,0.0,0.0,,-72066722.0234824,balanced_corporate
S02,2028-06-01,Atlas Central,Texas,90,1.22,109.8,2028-07-01,2028-10-01,0,18000,3.4,48,5900000,0.17,0.22,0.85,20,12,0.44999999999999996,0.55,0.078,7.0,0.2,2028-08-01,2027-10-01,2027-09-01,2028-07-01,2028-10-01,2027-04-01,base,2028-10-01,False,False,False,81667143.58640671,0.0,-4,0.0,0,0.0,0.0,0,0.0,3.4,0.0,0.0,0.0,0.0,0.0,0.0,0.0,36750214.61388302,44916928.97252369,2560519.397754585,0.0,0.0,396486580.5907677,0.0,0.0,0.0,0.0,-81667143.58640671,-36750214.61388302,0.0,0.0,0.0,0.0,36750214.61388302,0.0,0.0,,0.0,0.0,,-36750214.61388302,balanced_corporate
S02,2028-07-01,Atlas Central,Texas,90,1.22,109.8,2028-07-01,2028-10-01,0,18000,3.4,48,5900000,0.17,0.22,0.85,20,12,0.44999999999999996,0.55,0.078,7.0,0.2,2028-08-01,2027-10-01,2027-09-01,2028-07-01,2028-10-01,2027-04-01,base,2028-10-01,True,False,False,117792362.41483936,36258992.80575539,-3,0.0,0,0.0,0.0,0,0.0,3.4,0.0,0.0,0.0,0.0,0.0,0.0,0.0,53006563.08667771,64785799.32816165,2998270.4694730407,0.0,0.0,464270650.3884024,0.0,0.0,0.0,0.0,-117792362.41483936,-53006563.08667771,0.0,0.0,0.0,0.0,53006563.08667771,0.0,0.0,,0.0,0.0,,-53006563.08667771,balanced_corporate
S02,2028-08-01,Atlas Central,Texas,90,1.22,109.8,2028-07-01,2028-10-01,0,18000,3.4,48,5900000,0.17,0.22,0.85,20,12,0.44999999999999996,0.55,0.078,7.0,0.2,2028-08-01,2027-10-01,2027-09-01,2028-07-01,2028-10-01,2027-04-01,base,2028-10-01,True,True,False,279754673.3017609,215827338.12949637,-2,0.0,0,0.0,0.0,0,0.0,3.4,0.0,0.0,0.0,0.0,0.0,0.0,0.0,125889602.9857924,153865070.3159685,4017882.1845784113,0.0,0.0,622153602.8889494,0.0,0.0,0.0,0.0,-279754673.3017609,-125889602.9857924,0.0,0.0,0.0,0.0,125889602.9857924,0.0,0.0,,0.0,0.0,,-125889602.9857924,balanced_corporate
S02,2028-09-01,Atlas Central,Texas,90,1.22,109.8,2028-07-01,2028-10-01,0,18000,3.4,48,5900000,0.17,0.22,0.85,20,12,0.44999999999999996,0.55,0.078,7.0,0.2,2028-08-01,2027-10-01,2027-09-01,2028-07-01,2028-10-01,2027-04-01,base,2028-10-01,True,True,False,431654676.25899273,431654676.25899273,-1,0.0,0,0.0,0.0,0,0.0,3.4,0.0,0.0,0.0,0.0,0.0,0.0,0.0,194244604.3165467,237410071.94244602,5587163.88640407,0.0,0.0,865150838.7177994,0.0,0.0,0.0,0.0,-431654676.25899273,-194244604.3165467,0.0,0.0,0.0,0.0,194244604.3165467,0.0,0.0,,0.0,0.0,,-194244604.3165467,balanced_corporate
S02,2028-10-01,Atlas Central,Texas,90,1.22,109.8,2028-07-01,2028-10-01,0,18000,3.4,48,5900000,0.17,0.22,0.85,20,12,0.44999999999999996,0.55,0.078,7.0,0.2,2028-08-01,2027-10-01,2027-09-01,2028-07-01,2028-10-01,2027-04-01,base,2028-10-01,True,True,True,36258992.80575539,36258992.80575539,0,0.22,1500,7.5,9.15,1116000,245520.0,3.4,834768.0,1497.672,71888.256,5900000.0,41738.4,6013626.656,-5178858.656,16316546.762589924,19942446.043165468,0.0,5753106.350946272,10536824.818582915,874556459.942382,16289931.169529187,0.0,0.0,-5178858.656,-41437851.461755395,-37785336.58811911,-21468789.825529188,0.0,0.0,0.0,16316546.762589924,16695.36,-5195554.016000001,-0.3189426623065445,-5195554.016000001,16289931.169529187,-0.3189426623065445,-37802031.94811911,balanced_corporate
S02,2028-11-01,Atlas Central,Texas,90,1.22,109.8,2028-07-01,2028-10-01,0,18000,3.4,48,5900000,0.17,0.22,0.85,20,12,0.44999999999999996,0.55,0.078,7.0,0.2,2028-08-01,2027-10-01,2027-09-01,2028-07-01,2028-10-01,2027-04-01,base,2028-10-01,True,True,True,0.0,0.0,1,0.2515,3000,15.0,18.3,2160000,543240.0,3.4,1847016.0,3313.764,159060.67200000002,5900000.0,92350.8,6151411.472,-4304395.472,0.0,0.0,0.0,5684616.989625483,10536824.818582915,864019635.1237991,16221441.808208399,0.0,0.0,-4304395.472,-4304395.472,-20525837.280208398,-20525837.280208398,0.0,0.0,0.0,0.0,36940.32,-4341335.792,-0.26762946495934725,-9536889.808000002,32511372.977737583,-0.29334011253632575,-20562777.600208398,balanced_corporate
S02,2028-12-01,Atlas Central,Texas,90,1.22,109.8,2028-07-01,2028-10-01,0,18000,3.4,48,5900000,0.17,0.22,0.85,20,12,0.44999999999999996,0.55,0.078,7.0,0.2,2028-08-01,2027-10-01,2027-09-01,2028-07-01,2028-10-01,2027-04-01,base,2028-10-01,True,True,True,0.0,0.0,2,0.28300000000000003,4500,22.5,27.45,3348000,947484.0000000001,3.4,3221445.6,5779.6524,277423.3152,5900000.0,161072.28000000003,6338495.5952,-3117049.9952000002,0.0,0.0,0.0,5616127.628304694,10536824.818582915,853482810.3052162,16152952.446887609,0.0,0.0,-3117049.9952000002,-3117049.9952000002,-19270002.44208761,-19270002.44208761,0.0,0.0,0.0,0.0,64428.912000000004,-3181478.9072000002,-0.19695959098876786,-12718368.715200001,48664325.424625196,-0.2613489163617222,-19334431.35408761,balanced_corporate
S02,2029-01-01,Atlas Central,Texas,90,1.22,109.8,2028-07-01,2028-10-01,0,18000,3.4,48,5900000,0.17,0.22,0.85,20,12,0.44999999999999996,0.55,0.078,7.0,0.2,2028-08-01,2027-10-01,2027-09-01,2028-07-01,2028-10-01,2027-04-01,base,2028-10-01,True,True,True,0.0,0.0,3,0.3145,6000,30.0,36.6,4464000,1403928.0,3.4,4773355.2,8563.9608,411070.11840000004,5900000.0,238667.76,6549737.8784,-1776382.6783999996,0.0,0.0,0.0,5547638.266983905,10536824.818582917,842945985.4866333,16084463.085566822,0.0,0.0,-1776382.6783999996,-1776382.6783999996,-17860845.76396682,-17860845.76396682,0.0,0.0,0.0,0.0,95467.104,-1871849.7823999997,-0.11637626773377838,-14590218.4976,64748788.510192014,-0.22533577590109466,-17956312.867966823,balanced_corporate
S02,2029-02-01,Atlas Central,Texas,90,1.22,109.8,2028-07-01,2028-10-01,0,18000,3.4,48,5900000,0.17,0.22,0.85,20,12,0.44999999999999996,0.55,0.078,7.0,0.2,2028-08-01,2027-10-01,2027-09-01,2028-07-01,2028-10-01,2027-04-01,base,2028-10-01,True,True,True,0.0,0.0,4,0.346,7500,37.5,45.75,5040000,1743839.9999999998,3.4,5929055.999999999,10637.423999999999,510596.35199999996,5900000.0,296452.8,6707049.152,-777993.1520000007,0.0,0.0,0.0,5479148.905663116,10536824.818582917,832409160.6680504,16015973.724246033,0.0,0.0,-777993.1520000007,-777993.1520000007,-16793966.876246035,-16793966.876246035,0.0,0.0,0.0,0.0,118581.11999999998,-896574.2720000007,-0.05598000392837232,-15486792.769600002,80764762.23443805,-0.19175185243096576,-16912547.996246032,balanced_corporate
S02,2029-03-01,Atlas Central,Texas,90,1.22,109.8,2028-07-01,2028-10-01,0,18000,3.4,48,5900000,0.17,0.22,0.85,20,12,0.44999999999999996,0.55,0.078,7.0,0.2,2028-08-01,2027-10-01,2027-09-01,2028-07-01,2028-10-01,2027-04-01,base,2028-10-01,True,True,True,0.0,0.0,5,0.3775,9000,45.0,54.9,6696000,2527740.0,3.4,8594316.0,15419.214,740122.272,5900000.0,429715.80000000005,7069838.072,1524477.9280000003,0.0,0.0,0.0,5410659.544342328,10536824.818582917,821872335.8494675,15947484.362925244,0.0,0.0,1524477.9280000003,1524477.9280000003,-14423006.434925243,-14423006.434925243,0.0,0.0,0.0,0.0,171886.32,1352591.6080000002,0.0848153587875282,-14134201.161600001,96712246.5973633,-0.146146963377287,-14594892.754925244,balanced_corporate
S02,2029-04-01,Atlas Central,Texas,90,1.22,109.8,2028-07-01,2028-10-01,0,18000,3.4,48,5900000,0.17,0.22,0.85,20,12,0.44999999999999996,0.55,0.078,7.0,0.2,2028-08-01,2027-10-01,2027-09-01,2028-07-01,2028-10-01,2027-04-01,base,2028-10-01,True,True,True,0.0,0.0,6,0.40900000000000003,10500,52.5,64.05,7560000,3092040.0,3.4,10512936.0,18861.444000000003,905349.3120000002,5900000.0,525646.8,7330996.112,3181939.8880000003,0.0,0.0,0.0,5342170.183021539,10536824.818582917,811335511.0308846,15878995.001604456,0.0,0.0,3181939.8880000003,3181939.8880000003,-12697055.113604456,-12697055.113604456,0.0,0.0,0.0,0.0,210258.72,2971681.168,0.18714541869304283,-11162519.993600002,112591241.59896775,-0.0991419921751919,-12907313.833604457,balanced_corporate
S02,2029-05-01,Atlas Central,Texas,90,1.22,109.8,2028-07-01,2028-10-01,0,18000,3.4,48,5900000,0.17,0.22,0.85,20,12,0.44999999999999996,0.55,0.078,7.0,0.2,2028-08-01,2027-10-01,2027-09-01,2028-07-01,2028-10-01,2027-04-01,base,2028-10-01,True,True,True,0.0,0.0,7,0.4405,12000,60.0,73.2,8928000,3932784.0,3.4,13371465.6,23989.9824,1151519.1552,5900000.0,668573.28,7720092.4352,5651373.164799999,0.0,0.0,0.0,5273680.82170075,10536824.818582917,800798686.2123017,15810505.640283667,377692.3430992495,94423.08577481238,5556950.079025187,5556950.079025187,-10253555.56125848,-10253555.56125848,0.0,0.0,0.0,0.0,267429.312,5289520.767025187,0.3345573435392218,-5872999.226574815,128401747.23925142,-0.04573924695613086,-10520984.873258479,balanced_corporate
S02,2029-06-01,Atlas Central,Texas,90,1.22,109.8,2028-07-01,2028-10-01,0,18000,3.4,48,5900000,0.17,0.22,0.85,20,12,0.44999999999999996,0.55,0.078,7.0,0.2,2028-08-01,2027-10-01,2027-09-01,2028-07-01,2028-10-01,2027-04-01,base,2028-10-01,True,True,True,0.0,0.0,8,0.472,13500,67.5,82.35,9720000,4587840.0,3.4,15598656.0,27985.823999999997,1343319.552,5900000.0,779932.8,8023252.352,7575403.648,0.0,0.0,0.0,5205191.460379961,10536824.818582917,790261861.3937188,15742016.278962877,2370212.187620039,592553.0469050098,6982850.60109499,6982850.60109499,-8759165.677867886,-8759165.677867886,0.0,0.0,0.0,0.0,311973.12,6670877.48109499,0.42376258306947223,797878.254520175,144143763.5182143,0.005535295007191578,-9071138.797867887,balanced_corporate
S02,2029-07-01,Atlas Central,Texas,90,1.22,109.8,2028-07-01,2028-10-01,0,18000,3.4,48,5900000,0.17,0.22,0.85,20,12,0.44999999999999996,0.55,0.078,7.0,0.2,2028-08-01,2027-10-01,2027-09-01,2028-07-01,2028-10-01,2027-04-01,base,2028-10-01,True,True,True,0.0,0.0,9,0.5035000000000001,15000,75.0,91.5,11160000,5619060.000000001,3.4,19104804.000000004,34276.266,1645260.7680000002,5900000.0,955240.2000000002,8500500.968,10604303.032000003,0.0,0.0,0.0,5136702.099059172,10536824.818582918,779725036.575136,15673526.91764209,5467600.932940831,1366900.2332352079,9237402.798764795,9237402.798764795,-6436124.118877295,-6436124.118877295,0.0,0.0,0.0,0.0,382096.0800000001,8855306.718764795,0.5649849434205698,9653184.973284971,159817290.43585637,0.06040138051995904,-6818220.1988772955,balanced_corporate
S02,2029-08-01,Atlas Central,Texas,90,1.22,109.8,2028-07-01,2028-10-01,0,18000,3.4,48,5900000,0.17,0.22,0.85,20,12,0.44999999999999996,0.55,0.078,7.0,0.2,2028-08-01,2027-10-01,2027-09-01,2028-07-01,2028-10-01,2027-04-01,base,2028-10-01,True,True,True,0.0,0.0,10,0.535,16500,82.5,100.64999999999999,12276000,6567660.0,3.4,22330044.0,40062.725999999995,1923010.8479999998,5900000.0,1116502.2000000002,8939513.048,13390530.952,0.0,0.0,0.0,5068212.737738383,10536824.818582918,769188211.756553,15605037.5563213,8322318.214261617,2080579.5535654041,11309951.398434596,11309951.398434596,-4295086.157886704,-4295086.157886704,0.0,0.0,0.0,0.0,446600.88,10863350.518434595,0.6961438240200877,20516535.491719566,175422327.9921777,0.1169550976009988,-4741687.037886705,balanced_corporate
S02,2029-09-01,Atlas Central,Texas,90,1.22,109.8,2028-07-01,2028-10-01,0,18000,3.4,48,5900000,0.17,0.22,0.85,20,12,0.44999999999999996,0.55,0.078,7.0,0.2,2028-08-01,2027-10-01,2027-09-01,2028-07-01,2028-10-01,2027-04-01,base,2028-10-01,True,True,True,0.0,0.0,11,0.5665,18000,90.0,109.8,12960000,7341840.0,3.4,24962256.0,44785.224,2149690.7520000003,5900000.0,1248112.8,9297803.552000001,15664452.447999999,0.0,0.0,0.0,4999723.376417595,10536824.818582918,758651386.9379702,15536548.195000514,10664729.071582403,2666182.2678956008,12998270.180104397,12998270.180104397,-2538278.014896117,-2538278.014896117,0.0,0.0,0.0,0.0,499245.12,12499025.060104398,0.8044917637578238,33015560.551823962,190958876.1871782,0.17289356332125697,-3037523.1348961163,balanced_corporate
S02,2029-10-01,Atlas Central,Texas,90,1.22,109.8,2028-07-01,2028-10-01,0,18000,3.4,48,5900000,0.17,0.22,0.85,20,12,0.44999999999999996,0.55,0.078,7.0,0.2,2028-08-01,2027-10-01,2027-09-01,2028-07-01,2028-10-01,2027-04-01,base,2028-10-01,True,True,True,0.0,0.0,12,0.598,18000,90.0,109.8,13392000,8008416.0,3.4,27228614.4,48851.3376,2344864.2048,5900000.0,1361430.7200000002,9606294.924800001,17622319.475199997,0.0,0.0,0.0,4931234.015096806,10536824.818582918,748114562.1193873,15468058.833679724,12691085.460103191,3172771.365025798,14449548.1101742,14449548.1101742,-1018510.7235055249,-1018510.7235055249,0.0,0.0,0.0,0.0,544572.288,13904975.822174199,0.8989476941927508,52116090.38999816,190137003.85132873,0.27409756825004244,-1563083.0115055256,balanced_corporate
S02,2029-11-01,Atlas Central,Texas,90,1.22,109.8,2028-07-01,2028-10-01,0,18000,3.4,48,5900000,0.17,0.22,0.85,20,12,0.44999999999999996,0.55,0.078,7.0,0.2,2028-08-01,2027-10-01,2027-09-01,2028-07-01,2028-10-01,2027-04-01,base,2028-10-01,True,True,True,0.0,0.0,13,0.6295000000000001,18000,90.0,109.8,12960000,8158320.000000001,3.4,27738288.000000004,49765.75200000001,2388756.0960000004,5900000.0,1386914.4000000004,9675670.496000001,18062617.504,0.0,0.0,0.0,4862744.653776017,10536824.818582918,737577737.3008044,15399569.472358935,13199872.850223985,3299968.212555996,14762649.291444004,14762649.291444004,-636920.180914931,-636920.180914931,0.0,0.0,0.0,0.0,554765.7600000001,14207883.531444004,0.9226156326607755,70665309.71344216,189315131.51547927,0.3732681542556161,-1191685.9409149308,balanced_corporate
S02,2029-12-01,Atlas Central,Texas,90,1.22,109.8,2028-07-01,2028-10-01,0,18000,3.4,48,5900000,0.17,0.22,0.85,20,12,0.44999999999999996,0.55,0.078,7.0,0.2,2028-08-01,2027-10-01,2027-09-01,2028-07-01,2028-10-01,2027-04-01,base,2028-10-01,True,True,True,0.0,0.0,14,0.6609999999999999,18000,90.0,109.8,13392000,8852111.999999998,3.4,30097180.799999993,53997.88319999999,2591898.3935999996,5900000.0,1504859.0399999998,9996757.4336,20100423.366399996,0.0,0.0,0.0,4794255.292455228,10536824.81858292,727040912.4822215,15331080.111038148,15306168.073944768,3826542.018486192,16273881.347913804,16273881.347913804,942801.2368756551,942801.2368756551,0.0,0.0,0.0,0.0,601943.6159999999,15671937.731913803,1.022233111979517,89518726.35255596,188493259.1796298,0.4749173882512512,340857.62087565474,balanced_corporate
S02,2030-01-01,Atlas Central,Texas,90,1.22,109.8,2028-07-01,2028-10-01,0,18000,3.4,48,5900000,0.17,0.22,0.85,20,12,0.44999999999999996,0.55,0.078,7.0,0.2,2028-08-01,2027-10-01,2027-09-01,2028-07-01,2028-10-01,2027-04-01,base,2028-10-01,True,True,True,0.0,0.0,15,0.6925,18000,90.0,109.8,13392000,9273960.0,3.4,31531464.0,56571.155999999995,2715415.488,5900000.0,1576573.2000000002,10191988.688000001,21339475.312,0.0,0.0,0.0,4725765.931134439,10536824.81858292,716504087.6636386,15262590.749717358,16613709.380865559,4153427.3452163897,17186047.96678361,17186047.96678361,1923457.2170662507,1923457.2170662507,0.0,0.0,0.0,0.0,630629.28,16555418.68678361,1.0847056674890003,107945994.82173958,187671386.84378037,0.5751862158486364,1292827.9370662514,balanced_corporate
S02,2030-02-01,Atlas Central,Texas,90,1.22,109.8,2028-07-01,2028-10-01,0,18000,3.4,48,5900000,0.17,0.22,0.85,20,12,0.44999999999999996,0.55,0.078,7.0,0.2,2028-08-01,2027-10-01,2027-09-01,2028-07-01,2028-10-01,2027-04-01,base,2028-10-01,True,True,True,0.0,0.0,16,0.724,18000,90.0,109.8,12096000,8757504.0,3.4,29775513.599999998,53420.774399999995,2564197.1711999997,5900000.0,1488775.6800000002,9952972.8512,19822540.7488,0.0,0.0,0.0,4657276.569813651,10536824.81858292,705967262.8450557,15194101.388396572,15165264.178986348,3791316.044746587,16031224.704053411,16031224.704053411,837123.3156568389,837123.3156568389,0.0,0.0,0.0,0.0,595510.272,15435714.432053411,1.0159017659209089,124278283.525793,186849514.50793087,0.6651250010099329,241613.04365683906,balanced_corporate
S02,2030-03-01,Atlas Central,Texas,90,1.22,109.8,2028-07-01,2028-10-01,0,18000,3.4,48,5900000,0.17,0.22,0.85,20,12,0.44999999999999996,0.55,0.078,7.0,0.2,2028-08-01,2027-10-01,2027-09-01,2028-07-01,2028-10-01,2027-04-01,base,2028-10-01,True,True,True,0.0,0.0,17,0.7555,18000,90.0,109.8,13392000,10117656.0,3.4,34400030.4,61717.70159999999,2962449.6767999995,5900000.0,1720001.52,10582451.1968,23817579.203199998,0.0,0.0,0.0,4588787.208492862,10536824.81858292,695430438.0264728,15125612.027075782,19228791.994707137,4807197.998676784,19010381.204523213,19010381.204523213,3884769.177447431,3884769.177447431,0.0,0.0,0.0,0.0,688000.608,18322380.596523214,1.2113480475186735,141248072.5143162,186027642.1720814,0.7592853990142889,3196768.5694474317,balanced_corporate
S02,2030-04-01,Atlas Central,Texas,90,1.22,109.8,2028-07-01,2028-10-01,0,18000,3.4,48,5900000,0.17,0.22,0.85,20,12,0.44999999999999996,0.55,0.078,7.0,0.2,2028-08-01,2027-10-01,2027-09-01,2028-07-01,2028-10-01,2027-04-01,base,2028-10-01,True,True,True,0.0,0.0,18,0.787,18000,90.0,109.8,12960000,10199520.0,3.4,34678368.0,62217.072,2986419.4560000002,5900000.0,1733918.4000000001,10620337.856,24058030.144,0.0,0.0,0.0,4520297.847172073,10536824.818582922,684893613.2078899,15057122.665754996,19537732.296827927,4884433.074206982,19173597.06979302,19173597.06979302,4116474.404038023,4116474.404038023,0.0,0.0,0.0,0.0,693567.36,18480029.70979302,1.2273280971418845,156756421.05610925,185205769.83623195,0.8463905913661383,3422907.044038024,balanced_corporate
S02,2030-05-01,Atlas Central,Texas,90,1.22,109.8,2028-07-01,2028-10-01,0,18000,3.4,48,5900000,0.17,0.22,0.85,20,12,0.44999999999999996,0.55,0.078,7.0,0.2,2028-08-01,2027-10-01,2027-09-01,2028-07-01,2028-10-01,2027-04-01,base,2028-10-01,True,True,True,0.0,0.0,19,0.8184999999999999,18000,90.0,109.8,13392000,10961351.999999998,3.4,37268596.79999999,66864.24719999998,3209483.865599999,5900000.0,1863429.8399999999,10972913.705599999,26295683.09439999,0.0,0.0,0.0,4451808.485851284,10536824.818582922,674356788.389307,14988633.304434206,21843874.608548705,5460968.652137176,20834714.442262813,20834714.442262813,5846081.137828607,5846081.137828607,0.0,0.0,0.0,0.0,745371.9359999998,20089342.506262813,1.3403051564627726,171556242.79534686,184383897.5003825,0.9304296368666952,5100709.201828606,balanced_corporate
S02,2030-06-01,Atlas Central,Texas,90,1.22,109.8,2028-07-01,2028-10-01,0,18000,3.4,48,5900000,0.17,0.22,0.85,20,12,0.44999999999999996,0.55,0.078,7.0,0.2,2028-08-01,2027-10-01,2027-09-01,2028-07-01,2028-10-01,2027-04-01,base,2028-10-01,True,True,True,0.0,0.0,20,0.85,18000,90.0,109.8,12960000,11016000.0,3.4,37454400.0,67197.59999999999,3225484.8,5900000.0,1872720.0000000002,10998204.8,26456195.2,0.0,0.0,0.0,4383319.124530495,10536824.818582922,663819963.5707241,14920143.943113416,22072876.075469505,5518219.018867376,20937976.181132622,20937976.181132622,6017832.238019206,6017832.238019206,0.0,0.0,0.0,0.0,749088.0,20188888.181132622,1.3531295849495515,185074253.49538448,183562025.16453305,1.0082382417032933,5268744.238019206,balanced_corporate
S02,2030-07-01,Atlas Central,Texas,90,1.22,109.8,2028-07-01,2028-10-01,0,18000,3.4,48,5900000,0.17,0.22,0.85,20,12,0.44999999999999996,0.55,0.078,7.0,0.2,2028-08-01,2027-10-01,2027-09-01,2028-07-01,2028-10-01,2027-04-01,base,2028-10-01,True,True,True,0.0,0.0,21,0.85,18000,90.0,109.8,13392000,11383200.0,3.4,38702880.0,69437.51999999999,3333000.9599999995,5900000.0,1935144.0000000002,11168144.959999999,27534735.04,0.0,0.0,0.0,4314829.763209707,10536824.818582922,653283138.7521412,14851654.58179263,23219905.27679029,5804976.319197573,21729758.720802426,21729758.720802426,6878104.139009796,6878104.139009796,0.0,0.0,0.0,0.0,774057.6,20955701.120802425,1.4110011113841177,197174647.8974221,182740152.82868358,1.0789891813337305,6104046.539009795,balanced_corporate
S02,2030-08-01,Atlas Central,Texas,90,1.22,109.8,2028-07-01,2028-10-01,0,18000,3.4,48,5900000,0.17,0.22,0.85,20,12,0.44999999999999996,0.55,0.078,7.0,0.2,2028-08-01,2027-10-01,2027-09-01,2028-07-01,2028-10-01,2027-04-01,base,2028-10-01,True,True,True,0.0,0.0,22,0.85,18000,90.0,109.8,13392000,11383200.0,3.4,38702880.0,69437.51999999999,3333000.9599999995,5900000.0,1935144.0000000002,11168144.959999999,27534735.04,0.0,0.0,0.0,4246340.401888918,10536824.818582924,642746313.9335583,14783165.220471842,23288394.63811108,5822098.65952777,21712636.380472228,21712636.380472228,6929471.160000386,6929471.160000386,0.0,0.0,0.0,0.0,774057.6,20938578.780472226,1.4163799476093468,207249876.15945974,181918280.49283412,1.139247114682482,6155413.560000384,balanced_corporate
S02,2030-09-01,Atlas Central,Texas,90,1.22,109.8,2028-07-01,2028-10-01,0,18000,3.4,48,5900000,0.17,0.22,0.85,20,12,0.44999999999999996,0.55,0.078,7.0,0.2,2028-08-01,2027-10-01,2027-09-01,2028-07-01,2028-10-01,2027-04-01,base,2028-10-01,True,True,True,0.0,0.0,23,0.85,18000,90.0,109.8,12960000,11016000.0,3.4,37454400.0,67197.59999999999,3225484.8,5900000.0,1872720.0000000002,10998204.8,26456195.2,0.0,0.0,0.0,4177851.040568129,10536824.818582924,632209489.1149755,14714675.859151054,22278344.15943187,5569586.039857968,20886609.16014203,20886609.16014203,6171933.300990976,6171933.300990976,0.0,0.0,0.0,0.0,749088.0,20137521.16014203,1.368533112988589,214888372.25949737,181096408.15698466,1.1865965451574276,5422845.300990976,balanced_corporate
S02,2030-10-01,Atlas Central,Texas,90,1.22,109.8,2028-07-01,2028-10-01,0,18000,3.4,48,5900000,0.17,0.22,0.85,20,12,0.44999999999999996,0.55,0.078,7.0,0.2,2028-08-01,2027-10-01,2027-09-01,2028-07-01,2028-10-01,2027-04-01,base,2028-10-01,True,True,True,0.0,0.0,24,0.85,18000,90.0,109.8,13392000,11383200.0,3.4,38702880.0,69437.51999999999,3333000.9599999995,5900000.0,1935144.0000000002,11168144.959999999,27534735.04,0.0,0.0,0.0,4109361.67924734,10536824.818582924,621672664.2963926,14646186.497830264,23425373.360752657,5856343.340188164,21678391.699811835,21678391.699811835,7032205.201981571,7032205.201981571,0.0,0.0,0.0,0.0,774057.6,20904334.099811833,1.42728853704742,221887730.537135,180274535.8211352,1.2308323498183216,6258147.601981569,balanced_corporate
S02,2030-11-01,Atlas Central,Texas,90,1.22,109.8,2028-07-01,2028-10-01,0,18000,3.4,48,5900000,0.17,0.22,0.85,20,12,0.44999999999999996,0.55,0.078,7.0,0.2,2028-08-01,2027-10-01,2027-09-01,2028-07-01,2028-10-01,2027-04-01,base,2028-10-01,True,True,True,0.0,0.0,25,0.85,18000,90.0,109.8,12960000,11016000.0,3.4,37454400.0,67197.59999999999,3225484.8,5900000.0,1872720.0000000002,10998204.8,26456195.2,0.0,0.0,0.0,4040872.3179265517,10536824.818582924,611135839.4778097,14577697.136509476,22415322.882073447,5603830.720518362,20852364.479481637,20852364.479481637,6274667.342972161,6274667.342972161,0.0,0.0,0.0,0.0,749088.0,20103276.479481637,1.3790433626950231,227783123.48517263,179452663.48528576,1.2693214971637896,5525579.342972161,balanced_corporate
S02,2030-12-01,Atlas Central,Texas,90,1.22,109.8,2028-07-01,2028-10-01,0,18000,3.4,48,5900000,0.17,0.22,0.85,20,12,0.44999999999999996,0.55,0.078,7.0,0.2,2028-08-01,2027-10-01,2027-09-01,2028-07-01,2028-10-01,2027-04-01,base,2028-10-01,True,True,True,0.0,0.0,26,0.85,18000,90.0,109.8,13392000,11383200.0,3.4,38702880.0,69437.51999999999,3333000.9599999995,5900000.0,1935144.0000000002,11168144.959999999,27534735.04,0.0,0.0,0.0,3972382.9566057627,10536824.818582926,600599014.6592268,14509207.775188688,23562352.083394237,5890588.020848559,21644147.01915144,21644147.01915144,7134939.243962754,7134939.243962754,0.0,0.0,0.0,0.0,774057.6,20870089.41915144,1.4384030983993563,232981275.17241028,178630791.1494363,1.3042615647237785,6360881.643962752,balanced_corporate
S02,2031-01-01,Atlas Central,Texas,90,1.22,109.8,2028-07-01,2028-10-01,0,18000,3.4,48,5900000,0.17,0.22,0.85,20,12,0.44999999999999996,0.55,0.078,7.0,0.2,2028-08-01,2027-10-01,2027-09-01,2028-07-01,2028-10-01,2027-04-01,base,2028-10-01,True,True,True,0.0,0.0,27,0.85,18000,90.0,109.8,13392000,11383200.0,3.4,38702880.0,69437.51999999999,3333000.9599999995,5900000.0,1935144.0000000002,11168144.959999999,27534735.04,0.0,0.0,0.0,3903893.5952849737,10536824.818582926,590062189.8406439,14440718.4138679,23630841.444715027,5907710.361178757,21627024.678821243,21627024.678821243,7186306.264953343,7186306.264953343,0.0,0.0,0.0,0.0,774057.6,20852967.07882124,1.4440394501976748,237278823.5644479,177808918.81358683,1.334459627490389,6412248.664953342,balanced_corporate
S02,2031-02-01,Atlas Central,Texas,90,1.22,109.8,2028-07-01,2028-10-01,0,18000,3.4,48,5900000,0.17,0.22,0.85,20,12,0.44999999999999996,0.55,0.078,7.0,0.2,2028-08-01,2027-10-01,2027-09-01,2028-07-01,2028-10-01,2027-04-01,base,2028-10-01,True,True,True,0.0,0.0,28,0.85,18000,90.0,109.8,12096000,10281600.0,3.4,34957440.0,62717.75999999999,3010452.4799999995,5900000.0,1747872.0000000002,10658324.48,24299115.52,0.0,0.0,0.0,3835404.233964185,10536824.818582926,579525365.022061,14372229.052547112,20463711.286035813,5115927.821508953,19183187.698491044,19183187.698491044,4810958.645943932,4810958.645943932,0.0,0.0,0.0,0.0,699148.8,18484038.898491044,1.286094093749168,240327148.03088555,176987046.47773737,1.3578798720793137,4111809.8459439315,balanced_corporate
S02,2031-03-01,Atlas Central,Texas,90,1.22,109.8,2028-07-01,2028-10-01,0,18000,3.4,48,5900000,0.17,0.22,0.85,20,12,0.44999999999999996,0.55,0.078,7.0,0.2,2028-08-01,2027-10-01,2027-09-01,2028-07-01,2028-10-01,2027-04-01,base,2028-10-01,True,True,True,0.0,0.0,29,0.85,18000,90.0,109.8,13392000,11383200.0,3.4,38702880.0,69437.51999999999,3333000.9599999995,5900000.0,1935144.0000000002,11168144.959999999,27534735.04,0.0,0.0,0.0,3766914.8726433963,10536824.818582928,568988540.2034781,14303739.691226324,23767820.167356603,5941955.041839151,21592779.998160847,21592779.998160847,7289040.306934522,7289040.306934522,0.0,0.0,0.0,0.0,774057.6,20818722.398160845,1.4554740821332692,242823489.83252317,176165174.14188793,1.3783853194329256,6514982.706934521,balanced_corporate
S02,2031-04-01,Atlas Central,Texas,90,1.22,109.8,2028-07-01,2028-10-01,0,18000,3.4,48,5900000,0.17,0.22,0.85,20,12,0.44999999999999996,0.55,0.078,7.0,0.2,2028-08-01,2027-10-01,2027-09-01,2028-07-01,2028-10-01,2027-04-01,base,2028-10-01,True,True,True,0.0,0.0,30,0.85,18000,90.0,109.8,12960000,11016000.0,3.4,37454400.0,67197.59999999999,3225484.8,5900000.0,1872720.0000000002,10998204.8,26456195.2,0.0,0.0,0.0,3698425.5113226073,10536824.818582928,558451715.3848952,14235250.329905536,22757769.688677393,5689442.422169348,20766752.777830653,20766752.777830653,6531502.447925117,6531502.447925117,0.0,0.0,0.0,0.0,749088.0,20017664.777830653,1.4062039173120384,244361124.9005608,175343301.80603847,1.3936153955334352,5782414.447925117,balanced_corporate
S02,2031-05-01,Atlas Central,Texas,90,1.22,109.8,2028-07-01,2028-10-01,0,18000,3.4,48,5900000,0.17,0.22,0.85,20,12,0.44999999999999996,0.55,0.078,7.0,0.2,2028-08-01,2027-10-01,2027-09-01,2028-07-01,2028-10-01,2027-04-01,base,2028-10-01,True,True,True,0.0,0.0,31,0.85,18000,90.0,109.8,13392000,11383200.0,3.4,38702880.0,69437.51999999999,3333000.9599999995,5900000.0,1935144.0000000002,11168144.959999999,27534735.04,0.0,0.0,0.0,3629936.150001819,10536824.818582928,547914890.5663123,14166760.968584746,23904798.88999818,5976199.722499545,21558535.317500453,21558535.317500453,7391774.348915707,7391774.348915707,0.0,0.0,0.0,0.0,774057.6,20784477.717500452,1.4671298374830146,245056260.11179844,174521429.470189,1.4041614308096066,6617716.748915706,balanced_corporate
S02,2031-06-01,Atlas Central,Texas,90,1.22,109.8,2028-07-01,2028-10-01,0,18000,3.4,48,5900000,0.17,0.22,0.85,20,12,0.44999999999999996,0.55,0.078,7.0,0.2,2028-08-01,2027-10-01,2027-09-01,2028-07-01,2028-10-01,2027-04-01,base,2028-10-01,True,True,True,0.0,0.0,32,0.85,18000,90.0,109.8,12960000,11016000.0,3.4,37454400.0,67197.59999999999,3225484.8,5900000.0,1872720.0000000002,10998204.8,26456195.2,0.0,0.0,0.0,3561446.78868103,10536824.81858293,537378065.7477294,14098271.60726396,22894748.41131897,5723687.102829742,20732508.097170256,20732508.097170256,6634236.489906296,6634236.489906296,0.0,0.0,0.0,0.0,749088.0,19983420.097170256,1.417437587659614,244850792.02783608,173699557.13433954,1.4096224312101617,5885148.489906296,balanced_corporate
S02,2031-07-01,Atlas Central,Texas,90,1.22,109.8,2028-07-01,2028-10-01,0,18000,3.4,48,5900000,0.17,0.22,0.85,20,12,0.44999999999999996,0.55,0.078,7.0,0.2,2028-08-01,2027-10-01,2027-09-01,2028-07-01,2028-10-01,2027-04-01,base,2028-10-01,True,True,True,0.0,0.0,33,0.85,18000,90.0,109.8,13392000,11383200.0,3.4,38702880.0,69437.51999999999,3333000.9599999995,5900000.0,1935144.0000000002,11168144.959999999,27534735.04,0.0,0.0,0.0,3492957.4273602413,10536824.81858293,526841240.92914647,14029782.24594317,24041777.61263976,6010444.40315994,21524290.63684006,21524290.63684006,7494508.39089689,7494508.39089689,0.0,0.0,0.0,0.0,774057.6,20750233.03684006,1.4790131930123267,244645323.9438737,172877684.79849008,1.4151353555494308,6720450.790896889,balanced_corporate
S02,2031-08-01,Atlas Central,Texas,90,1.22,109.8,2028-07-01,2028-10-01,0,18000,3.4,48,5900000,0.17,0.22,0.85,20,12,0.44999999999999996,0.55,0.078,7.0,0.2,2028-08-01,2027-10-01,2027-09-01,2028-07-01,2028-10-01,2027-04-01,base,2028-10-01,True,True,True,0.0,0.0,34,0.85,18000,90.0,109.8,13392000,11383200.0,3.4,38702880.0,69437.51999999999,3333000.9599999995,5900000.0,1935144.0000000002,11168144.959999999,27534735.04,0.0,0.0,0.0,3424468.066039452,10536824.81858293,516304416.1105635,13961292.884622382,24110266.97396055,6027566.743490137,21507168.296509862,21507168.296509862,7545875.41188748,7545875.41188748,0.0,0.0,0.0,0.0,774057.6,20733110.69650986,1.4850423143365379,244439855.85991135,172055812.4626406,1.4207009479147232,6771817.811887478,balanced_corporate
S02,2031-09-01,Atlas Central,Texas,90,1.22,109.8,2028-07-01,2028-10-01,0,18000,3.4,48,5900000,0.17,0.22,0.85,20,12,0.44999999999999996,0.55,0.078,7.0,0.2,2028-08-01,2027-10-01,2027-09-01,2028-07-01,2028-10-01,2027-04-01,base,2028-10-01,True,True,True,0.0,0.0,35,0.85,18000,90.0,109.8,12960000,11016000.0,3.4,37454400.0,67197.59999999999,3225484.8,5900000.0,1872720.0000000002,10998204.8,26456195.2,0.0,0.0,0.0,3355978.704718663,10536824.81858293,505767591.29198056,13892803.523301592,23100216.495281335,5775054.123820334,20681141.076179665,20681141.076179665,6788337.5528780725,6788337.5528780725,0.0,0.0,0.0,0.0,749088.0,19932053.076179665,1.4347034450425207,244234387.77594897,171233940.12679118,1.4263199666789432,6039249.5528780725,balanced_corporate
S02,2031-10-01,Atlas Central,Texas,90,1.22,109.8,2028-07-01,2028-10-01,0,18000,3.4,48,5900000,0.17,0.22,0.85,20,12,0.44999999999999996,0.55,0.078,7.0,0.2,2028-08-01,2027-10-01,2027-09-01,2028-07-01,2028-10-01,2027-04-01,base,2028-10-01,True,True,True,0.0,0.0,36,0.85,18000,90.0,109.8,13392000,11383200.0,3.4,38702880.0,69437.51999999999,3333000.9599999995,5900000.0,1935144.0000000002,11168144.959999999,27534735.04,0.0,0.0,0.0,3287489.3433978735,10536824.818582928,495230766.4733976,13824314.1619808,24247245.696602125,6061811.424150531,21472923.61584947,21472923.61584947,7648609.4538686685,7648609.4538686685,0.0,0.0,0.0,0.0,774057.6,20698866.015849467,1.4972797762926169,244028919.69198662,170412067.7909417,1.4319931848450822,6874551.853868667,balanced_corporate
S02,2031-11-01,Atlas Central,Texas,90,1.22,109.8,2028-07-01,2028-10-01,0,18000,3.4,48,5900000,0.17,0.22,0.85,20,12,0.44999999999999996,0.55,0.078,7.0,0.2,2028-08-01,2027-10-01,2027-09-01,2028-07-01,2028-10-01,2027-04-01,base,2028-10-01,True,True,True,0.0,0.0,37,0.85,18000,90.0,109.8,12960000,11016000.0,3.4,37454400.0,67197.59999999999,3225484.8,5900000.0,1872720.0000000002,10998204.8,26456195.2,0.0,0.0,0.0,3218999.9820770845,10536824.818582928,484693941.65481466,13755824.800660012,23237195.217922915,5809298.804480729,20646896.39551927,20646896.39551927,6891071.594859259,6891071.594859259,0.0,0.0,0.0,0.0,749088.0,19897808.39551927,1.4465005685856485,243823451.60802427,169590195.45509222,1.4377213904007153,6141983.594859259,balanced_corporate
S02,2031-12-01,Atlas Central,Texas,90,1.22,109.8,2028-07-01,2028-10-01,0,18000,3.4,48,5900000,0.17,0.22,0.85,20,12,0.44999999999999996,0.55,0.078,7.0,0.2,2028-08-01,2027-10-01,2027-09-01,2028-07-01,2028-10-01,2027-04-01,base,2028-10-01,True,True,True,0.0,0.0,38,0.85,18000,90.0,109.8,13392000,11383200.0,3.4,38702880.0,69437.51999999999,3333000.9599999995,5900000.0,1935144.0000000002,11168144.959999999,27534735.04,0.0,0.0,0.0,3150510.620756295,10536824.818582928,474157116.8362317,13687335.439339222,24384224.419243705,6096056.104810926,21438678.935189072,21438678.935189072,7751343.49584985,7751343.49584985,0.0,0.0,0.0,0.0,774057.6,20664621.33518907,1.5097621759013957,243617983.5240619,168768323.11924276,1.4435053866828689,6977285.895849848,balanced_corporate
S03,2027-01-01,Atlas West,Nevada,45,1.18,53.1,2029-01-01,2029-04-01,0,9000,3.65,55,3400000,0.19,0.2,0.8,16,8,0.44999999999999996,0.55,0.078,7.0,0.2,2029-02-01,2028-03-01,2028-02-01,2029-01-01,2029-04-01,2027-09-01,base,2029-04-01,False,False,False,0.0,0.0,-27,0.0,0,0.0,0.0,0,0.0,3.65,0.0,0.0,0.0,0.0,0.0,0.0,0.0,0.0,0.0,0.0,0.0,0.0,0.0,0.0,0.0,0.0,0.0,0.0,0.0,0.0,0.0,0.0,0.0,0.0,0.0,0.0,,,,,0.0,balanced_corporate
S03,2027-02-01,Atlas West,Nevada,45,1.18,53.1,2029-01-01,2029-04-01,0,9000,3.65,55,3400000,0.19,0.2,0.8,16,8,0.44999999999999996,0.55,0.078,7.0,0.2,2029-02-01,2028-03-01,2028-02-01,2029-01-01,2029-04-01,2027-09-01,base,2029-04-01,False,False,False,0.0,0.0,-26,0.0,0,0.0,0.0,0,0.0,3.65,0.0,0.0,0.0,0.0,0.0,0.0,0.0,0.0,0.0,0.0,0.0,0.0,0.0,0.0,0.0,0.0,0.0,0.0,0.0,0.0,0.0,0.0,0.0,0.0,0.0,0.0,,,,,0.0,balanced_corporate
S03,2027-03-01,Atlas West,Nevada,45,1.18,53.1,2029-01-01,2029-04-01,0,9000,3.65,55,3400000,0.19,0.2,0.8,16,8,0.44999999999999996,0.55,0.078,7.0,0.2,2029-02-01,2028-03-01,2028-02-01,2029-01-01,2029-04-01,2027-09-01,base,2029-04-01,False,False,False,0.0,0.0,-25,0.0,0,0.0,0.0,0,0.0,3.65,0.0,0.0,0.0,0.0,0.0,0.0,0.0,0.0,0.0,0.0,0.0,0.0,0.0,0.0,0.0,0.0,0.0,0.0,0.0,0.0,0.0,0.0,0.0,0.0,0.0,0.0,,,,,0.0,balanced_corporate
S03,2027-04-01,Atlas West,Nevada,45,1.18,53.1,2029-01-01,2029-04-01,0,9000,3.65,55,3400000,0.19,0.2,0.8,16,8,0.44999999999999996,0.55,0.078,7.0,0.2,2029-02-01,2028-03-01,2028-02-01,2029-01-01,2029-04-01,2027-09-01,base,2029-04-01,False,False,False,0.0,0.0,-24,0.0,0,0.0,0.0,0,0.0,3.65,0.0,0.0,0.0,0.0,0.0,0.0,0.0,0.0,0.0,0.0,0.0,0.0,0.0,0.0,0.0,0.0,0.0,0.0,0.0,0.0,0.0,0.0,0.0,0.0,0.0,0.0,,,,,0.0,balanced_corporate
S03,2027-05-01,Atlas West,Nevada,45,1.18,53.1,2029-01-01,2029-04-01,0,9000,3.65,55,3400000,0.19,0.2,0.8,16,8,0.44999999999999996,0.55,0.078,7.0,0.2,2029-02-01,2028-03-01,2028-02-01,2029-01-01,2029-04-01,2027-09-01,base,2029-04-01,False,False,False,0.0,0.0,-23,0.0,0,0.0,0.0,0,0.0,3.65,0.0,0.0,0.0,0.0,0.0,0.0,0.0,0.0,0.0,0.0,0.0,0.0,0.0,0.0,0.0,0.0,0.0,0.0,0.0,0.0,0.0,0.0,0.0,0.0,0.0,0.0,,,,,0.0,balanced_corporate
S03,2027-06-01,Atlas West,Nevada,45,1.18,53.1,2029-01-01,2029-04-01,0,9000,3.65,55,3400000,0.19,0.2,0.8,16,8,0.44999999999999996,0.55,0.078,7.0,0.2,2029-02-01,2028-03-01,2028-02-01,2029-01-01,2029-04-01,2027-09-01,base,2029-04-01,False,False,False,0.0,0.0,-22,0.0,0,0.0,0.0,0,0.0,3.65,0.0,0.0,0.0,0.0,0.0,0.0,0.0,0.0,0.0,0.0,0.0,0.0,0.0,0.0,0.0,0.0,0.0,0.0,0.0,0.0,0.0,0.0,0.0,0.0,0.0,0.0,,,,,0.0,balanced_corporate
S03,2027-07-01,Atlas West,Nevada,45,1.18,53.1,2029-01-01,2029-04-01,0,9000,3.65,55,3400000,0.19,0.2,0.8,16,8,0.44999999999999996,0.55,0.078,7.0,0.2,2029-02-01,2028-03-01,2028-02-01,2029-01-01,2029-04-01,2027-09-01,base,2029-04-01,False,False,False,0.0,0.0,-21,0.0,0,0.0,0.0,0,0.0,3.65,0.0,0.0,0.0,0.0,0.0,0.0,0.0,0.0,0.0,0.0,0.0,0.0,0.0,0.0,0.0,0.0,0.0,0.0,0.0,0.0,0.0,0.0,0.0,0.0,0.0,0.0,,,,,0.0,balanced_corporate
S03,2027-08-01,Atlas West,Nevada,45,1.18,53.1,2029-01-01,2029-04-01,0,9000,3.65,55,3400000,0.19,0.2,0.8,16,8,0.44999999999999996,0.55,0.078,7.0,0.2,2029-02-01,2028-03-01,2028-02-01,2029-01-01,2029-04-01,2027-09-01,base,2029-04-01,False,False,False,0.0,0.0,-20,0.0,0,0.0,0.0,0,0.0,3.65,0.0,0.0,0.0,0.0,0.0,0.0,0.0,0.0,0.0,0.0,0.0,0.0,0.0,0.0,0.0,0.0,0.0,0.0,0.0,0.0,0.0,0.0,0.0,0.0,0.0,0.0,,,,,0.0,balanced_corporate
S03,2027-09-01,Atlas West,Nevada,45,1.18,53.1,2029-01-01,2029-04-01,0,9000,3.65,55,3400000,0.19,0.2,0.8,16,8,0.44999999999999996,0.55,0.078,7.0,0.2,2029-02-01,2028-03-01,2028-02-01,2029-01-01,2029-04-01,2027-09-01,base,2029-04-01,False,False,False,1841503.4761995617,0.0,-19,0.0,0,0.0,0.0,0,0.0,3.65,0.0,0.0,0.0,0.0,0.0,0.0,0.0,1841503.4761995617,0.0,0.0,0.0,0.0,0.0,0.0,0.0,0.0,0.0,-1841503.4761995617,-1841503.4761995617,0.0,0.0,0.0,0.0,1841503.4761995617,0.0,0.0,,,,,-1841503.4761995617,balanced_corporate
S03,2027-10-01,Atlas West,Nevada,45,1.18,53.1,2029-01-01,2029-04-01,0,9000,3.65,55,3400000,0.19,0.2,0.8,16,8,0.44999999999999996,0.55,0.078,7.0,0.2,2029-02-01,2028-03-01,2028-02-01,2029-01-01,2029-04-01,2027-09-01,base,2029-04-01,False,False,False,10019508.603094,0.0,-18,0.0,0,0.0,0.0,0,0.0,3.65,0.0,0.0,0.0,0.0,0.0,0.0,0.0,10019508.603094,0.0,0.0,0.0,0.0,0.0,0.0,0.0,0.0,0.0,-10019508.603094,-10019508.603094,0.0,0.0,0.0,0.0,10019508.603094,0.0,0.0,,,,,-10019508.603094,balanced_corporate
S03,2027-11-01,Atlas West,Nevada,45,1.18,53.1,2029-01-01,2029-04-01,0,9000,3.65,55,3400000,0.19,0.2,0.8,16,8,0.44999999999999996,0.55,0.078,7.0,0.2,2029-02-01,2028-03-01,2028-02-01,2029-01-01,2029-04-01,2027-09-01,base,2029-04-01,False,False,False,13479796.8163829,0.0,-17,0.0,0,0.0,0.0,0,0.0,3.65,0.0,0.0,0.0,0.0,0.0,0.0,0.0,13479796.8163829,0.0,0.0,0.0,0.0,0.0,0.0,0.0,0.0,0.0,-13479796.8163829,-13479796.8163829,0.0,0.0,0.0,0.0,13479796.8163829,0.0,0.0,,,,,-13479796.8163829,balanced_corporate
S03,2027-12-01,Atlas West,Nevada,45,1.18,53.1,2029-01-01,2029-04-01,0,9000,3.65,55,3400000,0.19,0.2,0.8,16,8,0.44999999999999996,0.55,0.078,7.0,0.2,2029-02-01,2028-03-01,2028-02-01,2029-01-01,2029-04-01,2027-09-01,base,2029-04-01,False,False,False,10380864.639866699,0.0,-16,0.0,0,0.0,0.0,0,0.0,3.65,0.0,0.0,0.0,0.0,0.0,0.0,0.0,10380864.639866699,0.0,0.0,0.0,0.0,0.0,0.0,0.0,0.0,0.0,-10380864.639866699,-10380864.639866699,0.0,0.0,0.0,0.0,10380864.639866699,0.0,0.0,,0.0,0.0,,-10380864.639866699,balanced_corporate
S03,2028-01-01,Atlas West,Nevada,45,1.18,53.1,2029-01-01,2029-04-01,0,9000,3.65,55,3400000,0.19,0.2,0.8,16,8,0.44999999999999996,0.55,0.078,7.0,0.2,2029-02-01,2028-03-01,2028-02-01,2029-01-01,2029-04-01,2027-09-01,base,2029-04-01,False,False,False,7281932.463350503,0.0,-15,0.0,0,0.0,0.0,0,0.0,3.65,0.0,0.0,0.0,0.0,0.0,0.0,0.0,7281932.463350503,0.0,0.0,0.0,0.0,0.0,0.0,0.0,0.0,0.0,-7281932.463350503,-7281932.463350503,0.0,0.0,0.0,0.0,7281932.463350503,0.0,0.0,,0.0,0.0,,-7281932.463350503,balanced_corporate
S03,2028-02-01,Atlas West,Nevada,45,1.18,53.1,2029-01-01,2029-04-01,0,9000,3.65,55,3400000,0.19,0.2,0.8,16,8,0.44999999999999996,0.55,0.078,7.0,0.2,2029-02-01,2028-03-01,2028-02-01,2029-01-01,2029-04-01,2027-09-01,base,2029-04-01,False,False,False,5284949.312321561,0.0,-14,0.0,0,0.0,0.0,0,0.0,3.65,0.0,0.0,0.0,0.0,0.0,0.0,0.0,5284949.312321561,0.0,0.0,0.0,0.0,0.0,0.0,0.0,0.0,0.0,-5284949.312321561,-5284949.312321561,0.0,0.0,0.0,0.0,5284949.312321561,0.0,0.0,,0.0,0.0,,-5284949.312321561,balanced_corporate
S03,2028-03-01,Atlas West,Nevada,45,1.18,53.1,2029-01-01,2029-04-01,0,9000,3.65,55,3400000,0.19,0.2,0.8,16,8,0.44999999999999996,0.55,0.078,7.0,0.2,2029-02-01,2028-03-01,2028-02-01,2029-01-01,2029-04-01,2027-09-01,base,2029-04-01,False,False,False,12707986.382705985,0.0,-13,0.0,0,0.0,0.0,0,0.0,3.65,0.0,0.0,0.0,0.0,0.0,0.0,0.0,12707986.382705985,0.0,0.0,0.0,0.0,0.0,0.0,0.0,0.0,0.0,-12707986.382705985,-12707986.382705985,0.0,0.0,0.0,0.0,12707986.382705985,0.0,0.0,,0.0,0.0,,-12707986.382705985,balanced_corporate
S03,2028-04-01,Atlas West,Nevada,45,1.18,53.1,2029-01-01,2029-04-01,0,9000,3.65,55,3400000,0.19,0.2,0.8,16,8,0.44999999999999996,0.55,0.078,7.0,0.2,2029-02-01,2028-03-01,2028-02-01,2029-01-01,2029-04-01,2027-09-01,base,2029-04-01,False,False,False,20188443.777989022,0.0,-12,0.0,0,0.0,0.0,0,0.0,3.65,0.0,0.0,0.0,0.0,0.0,0.0,0.0,20188443.777989022,0.0,0.0,0.0,0.0,0.0,0.0,0.0,0.0,0.0,-20188443.777989022,-20188443.777989022,0.0,0.0,0.0,0.0,20188443.777989022,0.0,0.0,,0.0,0.0,,-20188443.777989022,balanced_corporate
S03,2028-05-01,Atlas West,Nevada,45,1.18,53.1,2029-01-01,2029-04-01,0,9000,3.65,55,3400000,0.19,0.2,0.8,16,8,0.44999999999999996,0.55,0.078,7.0,0.2,2029-02-01,2028-03-01,2028-02-01,2029-01-01,2029-04-01,2027-09-01,base,2029-04-01,False,False,False,35357287.211776875,0.0,-11,0.0,0,0.0,0.0,0,0.0,3.65,0.0,0.0,0.0,0.0,0.0,0.0,0.0,35357287.211776875,0.0,0.0,0.0,0.0,0.0,0.0,0.0,0.0,0.0,-35357287.211776875,-35357287.211776875,0.0,0.0,0.0,0.0,35357287.211776875,0.0,0.0,,0.0,0.0,,-35357287.211776875,balanced_corporate
S03,2028-06-01,Atlas West,Nevada,45,1.18,53.1,2029-01-01,2029-04-01,0,9000,3.65,55,3400000,0.19,0.2,0.8,16,8,0.44999999999999996,0.55,0.078,7.0,0.2,2029-02-01,2028-03-01,2028-02-01,2029-01-01,2029-04-01,2027-09-01,base,2029-04-01,False,False,False,50526130.64556474,0.0,-10,0.0,0,0.0,0.0,0,0.0,3.65,0.0,0.0,0.0,0.0,0.0,0.0,0.0,50526130.64556474,0.0,0.0,0.0,0.0,0.0,0.0,0.0,0.0,0.0,-50526130.64556474,-50526130.64556474,0.0,0.0,0.0,0.0,50526130.64556474,0.0,0.0,,0.0,0.0,,-50526130.64556474,balanced_corporate
S03,2028-07-01,Atlas West,Nevada,45,1.18,53.1,2029-01-01,2029-04-01,0,9000,3.65,55,3400000,0.19,0.2,0.8,16,8,0.44999999999999996,0.55,0.078,7.0,0.2,2029-02-01,2028-03-01,2028-02-01,2029-01-01,2029-04-01,2027-09-01,base,2029-04-01,False,False,False,65694974.07935259,0.0,-9,0.0,0,0.0,0.0,0,0.0,3.65,0.0,0.0,0.0,0.0,0.0,0.0,0.0,50975116.50462014,14719857.574732445,95679.07423576088,0.0,0.0,14815536.648968207,0.0,0.0,0.0,0.0,-65694974.07935259,-50975116.50462014,0.0,0.0,0.0,0.0,50975116.50462014,0.0,0.0,,0.0,0.0,,-50975116.50462014,balanced_corporate
S03,2028-08-01,Atlas West,Nevada,45,1.18,53.1,2029-01-01,2029-04-01,0,9000,3.65,55,3400000,0.19,0.2,0.8,16,8,0.44999999999999996,0.55,0.078,7.0,0.2,2029-02-01,2028-03-01,2028-02-01,2029-01-01,2029-04-01,2027-09-01,base,2029-04-01,False,False,False,80863817.51314044,0.0,-8,0.0,0,0.0,0.0,0,0.0,3.65,0.0,0.0,0.0,0.0,0.0,0.0,0.0,36388717.8809132,44475099.63222724,385389.1358277704,0.0,0.0,59676025.41702322,0.0,0.0,0.0,0.0,-80863817.51314044,-36388717.8809132,0.0,0.0,0.0,0.0,36388717.8809132,0.0,0.0,,0.0,0.0,,-36388717.8809132,balanced_corporate
S03,2028-09-01,Atlas West,Nevada,45,1.18,53.1,2029-01-01,2029-04-01,0,9000,3.65,55,3400000,0.19,0.2,0.8,16,8,0.44999999999999996,0.55,0.078,7.0,0.2,2029-02-01,2028-03-01,2028-02-01,2029-01-01,2029-04-01,2027-09-01,base,2029-04-01,False,False,False,87435778.33939837,0.0,-7,0.0,0,0.0,0.0,0,0.0,3.65,0.0,0.0,0.0,0.0,0.0,0.0,0.0,39346100.25272926,48089678.08666911,700477.0727740001,0.0,0.0,108466180.57646632,0.0,0.0,0.0,0.0,-87435778.33939837,-39346100.25272926,0.0,0.0,0.0,0.0,39346100.25272926,0.0,0.0,,0.0,0.0,,-39346100.25272926,balanced_corporate
S03,2028-10-01,Atlas West,Nevada,45,1.18,53.1,2029-01-01,2029-04-01,0,9000,3.65,55,3400000,0.19,0.2,0.8,16,8,0.44999999999999996,0.55,0.078,7.0,0.2,2029-02-01,2028-03-01,2028-02-01,2029-01-01,2029-04-01,2027-09-01,base,2029-04-01,False,False,False,87562113.84849827,0.0,-6,0.0,0,0.0,0.0,0,0.0,3.65,0.0,0.0,0.0,0.0,0.0,0.0,0.0,39402951.23182422,48159162.61667405,1018064.7307554125,0.0,0.0,157643407.9238958,0.0,0.0,0.0,0.0,-87562113.84849827,-39402951.23182422,0.0,0.0,0.0,0.0,39402951.23182422,0.0,0.0,,0.0,0.0,,-39402951.23182422,balanced_corporate
S03,2028-11-01,Atlas West,Nevada,45,1.18,53.1,2029-01-01,2029-04-01,0,9000,3.65,55,3400000,0.19,0.2,0.8,16,8,0.44999999999999996,0.55,0.078,7.0,0.2,2029-02-01,2028-03-01,2028-02-01,2029-01-01,2029-04-01,2027-09-01,base,2029-04-01,False,False,False,70410962.44660339,0.0,-5,0.0,0,0.0,0.0,0,0.0,3.65,0.0,0.0,0.0,0.0,0.0,0.0,0.0,31684933.10097152,38726029.34563187,1276401.34225193,0.0,0.0,197645838.6117796,0.0,0.0,0.0,0.0,-70410962.44660339,-31684933.10097152,0.0,0.0,0.0,0.0,31684933.10097152,0.0,0.0,,0.0,0.0,,-31684933.10097152,balanced_corporate
S03,2028-12-01,Atlas West,Nevada,45,1.18,53.1,2029-01-01,2029-04-01,0,9000,3.65,55,3400000,0.19,0.2,0.8,16,8,0.44999999999999996,0.55,0.078,7.0,0.2,2029-02-01,2028-03-01,2028-02-01,2029-01-01,2029-04-01,2027-09-01,base,2029-04-01,False,False,False,35982324.13371378,0.0,-4,0.0,0,0.0,0.0,0,0.0,3.65,0.0,0.0,0.0,0.0,0.0,0.0,0.0,16192045.8601712,19790278.273542583,1413334.7597545942,0.0,0.0,218849451.64507678,0.0,0.0,0.0,0.0,-35982324.13371378,-16192045.860171199,0.0,0.0,0.0,0.0,16192045.8601712,0.0,0.0,,0.0,0.0,,-16192045.860171199,balanced_corporate
S03,2029-01-01,Atlas West,Nevada,45,1.18,53.1,2029-01-01,2029-04-01,0,9000,3.65,55,3400000,0.19,0.2,0.8,16,8,0.44999999999999996,0.55,0.078,7.0,0.2,2029-02-01,2028-03-01,2028-02-01,2029-01-01,2029-04-01,2027-09-01,base,2029-04-01,True,False,False,59871568.26220668,18129496.402877696,-3,0.0,0,0.0,0.0,0,0.0,3.65,0.0,0.0,0.0,0.0,0.0,0.0,0.0,26942205.717993002,32929362.54421368,1636562.292230388,0.0,0.0,253415376.48152086,0.0,0.0,0.0,0.0,-59871568.26220668,-26942205.717993002,0.0,0.0,0.0,0.0,26942205.717993002,0.0,0.0,,0.0,0.0,,-26942205.717993002,balanced_corporate
S03,2029-02-01,Atlas West,Nevada,45,1.18,53.1,2029-01-01,2029-04-01,0,9000,3.65,55,3400000,0.19,0.2,0.8,16,8,0.44999999999999996,0.55,0.078,7.0,0.2,2029-02-01,2028-03-01,2028-02-01,2029-01-01,2029-04-01,2027-09-01,base,2029-04-01,True,True,False,141153223.51546046,107913669.06474818,-2,0.0,0,0.0,0.0,0,0.0,3.65,0.0,0.0,0.0,0.0,0.0,0.0,0.0,63518950.58195721,77634272.93350326,2151822.7211976564,0.0,0.0,333201472.13622177,0.0,0.0,0.0,0.0,-141153223.51546046,-63518950.581957206,1.4901161193847656e-08,0.0,0.0,0.0,63518950.58195721,0.0,0.0,,0.0,0.0,,-63518950.581957206,balanced_corporate
S03,2029-03-01,Atlas West,Nevada,45,1.18,53.1,2029-01-01,2029-04-01,0,9000,3.65,55,3400000,0.19,0.2,0.8,16,8,0.44999999999999996,0.55,0.078,7.0,0.2,2029-02-01,2028-03-01,2028-02-01,2029-01-01,2029-04-01,2027-09-01,base,2029-04-01,True,True,False,215827338.12949637,215827338.12949637,-1,0.0,0,0.0,0.0,0,0.0,3.65,0.0,0.0,0.0,0.0,0.0,0.0,0.0,97122302.15827335,118705035.97122301,2937392.302698391,0.0,0.0,454843900.41014314,0.0,0.0,0.0,0.0,-215827338.12949637,-97122302.15827335,0.0,0.0,0.0,0.0,97122302.15827335,0.0,0.0,,0.0,0.0,,-97122302.15827335,balanced_corporate
S03,2029-04-01,Atlas West,Nevada,45,1.18,53.1,2029-01-01,2029-04-01,0,9000,3.65,55,3400000,0.19,0.2,0.8,16,8,0.44999999999999996,0.55,0.078,7.0,0.2,2029-02-01,2028-03-01,2028-02-01,2029-01-01,2029-04-01,2027-09-01,base,2029-04-01,True,True,True,18129496.402877696,18129496.402877696,0,0.2,1125,5.625,6.637499999999999,810000,162000.0,3.65,591300.0,955.7999999999998,52568.99999999999,3400000.0,30780.0,3483349.0,-2892049.0,8158273.381294962,9971223.021582734,0.0,3021298.302306218,5533513.374187212,459281610.0575386,8554811.67649343,0.0,0.0,-2892049.0,-21021545.402877696,-19605134.057788394,-11446860.67649343,0.0,0.0,0.0,8158273.381294962,11826.0,-2903875.0,-0.3394434745979449,-2903875.0,8554811.67649343,-0.3394434745979449,-19616960.057788394,balanced_corporate
S03,2029-05-01,Atlas West,Nevada,45,1.18,53.1,2029-01-01,2029-04-01,0,9000,3.65,55,3400000,0.19,0.2,0.8,16,8,0.44999999999999996,0.55,0.078,7.0,0.2,2029-02-01,2028-03-01,2028-02-01,2029-01-01,2029-04-01,2027-09-01,base,2029-04-01,True,True,True,0.0,0.0,1,0.23750000000000002,2250,11.25,13.274999999999999,1674000,397575.0,3.65,1451148.75,2345.6924999999997,129013.08749999998,3400000.0,75539.25,3604552.3375,-2153403.5875,0.0,0.0,0.0,2985330.465374001,5533513.374187212,453748096.6833514,8518843.839561213,0.0,0.0,-2153403.5875,-2153403.5875,-10672247.427061213,-10672247.427061213,0.0,0.0,0.0,0.0,29022.975000000002,-2182426.5625,-0.25618811702650157,-5086301.5625,17073655.516054645,-0.29790348983656517,-10701270.402061213,balanced_corporate
S03,2029-06-01,Atlas West,Nevada,45,1.18,53.1,2029-01-01,2029-04-01,0,9000,3.65,55,3400000,0.19,0.2,0.8,16,8,0.44999999999999996,0.55,0.078,7.0,0.2,2029-02-01,2028-03-01,2028-02-01,2029-01-01,2029-04-01,2027-09-01,base,2029-04-01,True,True,True,0.0,0.0,2,0.275,3375,16.875,19.912499999999998,2430000,668250.0,3.65,2439112.5,3942.6749999999997,216847.12499999997,3400000.0,126967.5,3743814.625,-1304702.125,0.0,0.0,0.0,2949362.628441784,5533513.374187212,448214583.30916417,8482876.002628997,0.0,0.0,-1304702.125,-1304702.125,-9787578.127628997,-9787578.127628997,0.0,0.0,0.0,0.0,48782.25,-1353484.375,-0.15955489324381622,-6439785.9375,25556531.518683642,-0.25198200048359687,-9836360.377628997,balanced_corporate
S03,2029-07-01,Atlas West,Nevada,45,1.18,53.1,2029-01-01,2029-04-01,0,9000,3.65,55,3400000,0.19,0.2,0.8,16,8,0.44999999999999996,0.55,0.078,7.0,0.2,2029-02-01,2028-03-01,2028-02-01,2029-01-01,2029-04-01,2027-09-01,base,2029-04-01,True,True,True,0.0,0.0,3,0.3125,4500,22.5,26.549999999999997,3348000,1046250.0,3.65,3818812.5,6172.874999999999,339508.12499999994,3400000.0,198787.5,3938295.625,-119483.125,0.0,0.0,0.0,2913394.791509567,5533513.3741872115,442681069.93497694,8446908.165696777,0.0,0.0,-119483.125,-119483.125,-8566391.290696777,-8566391.290696777,0.0,0.0,0.0,0.0,76376.25,-195859.375,-0.023187108366513623,-6635645.3125,34003439.68438042,-0.19514629620097237,-8642767.540696777,balanced_corporate
S03,2029-08-01,Atlas West,Nevada,45,1.18,53.1,2029-01-01,2029-04-01,0,9000,3.65,55,3400000,0.19,0.2,0.8,16,8,0.44999999999999996,0.55,0.078,7.0,0.2,2029-02-01,2028-03-01,2028-02-01,2029-01-01,2029-04-01,2027-09-01,base,2029-04-01,True,True,True,0.0,0.0,4,0.35000000000000003,5625,28.125,33.1875,4185000,1464750.0000000002,3.65,5346337.500000001,8642.025000000001,475311.37500000006,3400000.0,278302.50000000006,4153613.875,1192723.625000001,0.0,0.0,0.0,2877426.95457735,5533513.3741872115,437147556.5607897,8410940.328764562,0.0,0.0,1192723.625000001,1192723.625000001,-7218216.703764561,-7218216.703764561,0.0,0.0,0.0,0.0,106926.75000000001,1085796.875000001,0.12909339890174776,-5549848.437499999,42414380.01314498,-0.1308482744715354,-7325143.453764561,balanced_corporate
S03,2029-09-01,Atlas West,Nevada,45,1.18,53.1,2029-01-01,2029-04-01,0,9000,3.65,55,3400000,0.19,0.2,0.8,16,8,0.44999999999999996,0.55,0.078,7.0,0.2,2029-02-01,2028-03-01,2028-02-01,2029-01-01,2029-04-01,2027-09-01,base,2029-04-01,True,True,True,0.0,0.0,5,0.38750000000000007,6750,33.75,39.824999999999996,4860000,1883250.0000000002,3.65,6873862.500000001,11111.175000000001,611114.6250000001,3400000.0,357817.50000000006,4368932.125,2504930.375000001,0.0,0.0,0.0,2841459.117645133,5533513.3741872115,431614043.1866025,8374972.491832344,0.0,0.0,2504930.375000001,2504930.375000001,-5870042.116832343,-5870042.116832343,0.0,0.0,0.0,0.0,137477.25000000003,2367453.125000001,0.28268189863415666,-3182395.312499998,50789352.50497732,-0.06265871005518579,-6007519.366832343,balanced_corporate
S03,2029-10-01,Atlas West,Nevada,45,1.18,53.1,2029-01-01,2029-04-01,0,9000,3.65,55,3400000,0.19,0.2,0.8,16,8,0.44999999999999996,0.55,0.078,7.0,0.2,2029-02-01,2028-03-01,2028-02-01,2029-01-01,2029-04-01,2027-09-01,base,2029-04-01,True,True,True,0.0,0.0,6,0.42500000000000004,7875,39.375,46.4625,5859000,2490075.0000000005,3.65,9088773.750000002,14691.442500000001,808029.3375,3400000.0,473114.2500000001,4681143.5875,4407630.1625000015,0.0,0.0,0.0,2805491.280712916,5533513.3741872115,426080529.81241524,8339004.654900128,1602138.8817870854,400534.72044677136,4007095.44205323,4007095.44205323,-4331909.212846898,-4331909.212846898,0.0,0.0,0.0,0.0,181775.47500000003,3825319.96705323,0.4587262059873552,642924.6545532318,59128357.15987745,0.010873372531132984,-4513684.687846898,balanced_corporate
S03,2029-11-01,Atlas West,Nevada,45,1.18,53.1,2029-01-01,2029-04-01,0,9000,3.65,55,3400000,0.19,0.2,0.8,16,8,0.44999999999999996,0.55,0.078,7.0,0.2,2029-02-01,2028-03-01,2028-02-01,2029-01-01,2029-04-01,2027-09-01,base,2029-04-01,True,True,True,0.0,0.0,7,0.4625000000000001,9000,45.0,53.099999999999994,6480000,2997000.0000000005,3.65,10939050.000000002,17682.3,972526.5,3400000.0,569430.0000000001,4941956.5,5997093.500000002,0.0,0.0,0.0,2769523.443780699,5533513.374187211,420547016.438228,8303036.817967909,3227570.056219303,806892.5140548258,5190200.985945176,5190200.985945176,-3112835.832022733,-3112835.832022733,0.0,0.0,0.0,0.0,218781.00000000003,4971419.985945176,0.5987471927363902,5614344.640498408,67431393.97784536,0.08326010051554038,-3331616.832022733,balanced_corporate
S03,2029-12-01,Atlas West,Nevada,45,1.18,53.1,2029-01-01,2029-04-01,0,9000,3.65,55,3400000,0.19,0.2,0.8,16,8,0.44999999999999996,0.55,0.078,7.0,0.2,2029-02-01,2028-03-01,2028-02-01,2029-01-01,2029-04-01,2027-09-01,base,2029-04-01,True,True,True,0.0,0.0,8,0.5,9000,45.0,53.099999999999994,6696000,3348000.0,3.65,12220200.0,19753.199999999997,1086425.9999999998,3400000.0,636120.0,5122546.0,7097654.0,0.0,0.0,0.0,2733555.606848482,5533513.374187211,415013503.0640408,8267068.981035693,4364098.393151518,1091024.5982878795,6006629.4017121205,6006629.4017121205,-2260439.579323572,-2260439.579323572,0.0,0.0,0.0,0.0,244404.0,5762225.4017121205,0.6970094739659755,11376570.042210529,75698462.95888105,0.1502879926160484,-2504843.579323572,balanced_corporate
S03,2030-01-01,Atlas West,Nevada,45,1.18,53.1,2029-01-01,2029-04-01,0,9000,3.65,55,3400000,0.19,0.2,0.8,16,8,0.44999999999999996,0.55,0.078,7.0,0.2,2029-02-01,2028-03-01,2028-02-01,2029-01-01,2029-04-01,2027-09-01,base,2029-04-01,True,True,True,0.0,0.0,9,0.5375000000000001,9000,45.0,53.099999999999994,6696000,3599100.0000000005,3.65,13136715.000000002,21234.69,1167907.95,3400000.0,683829.0000000001,5251736.95,7884978.050000002,0.0,0.0,0.0,2697587.769916265,5533513.374187211,409479989.68985355,8231101.144103475,5187390.280083736,1296847.570020934,6588130.479979068,6588130.479979068,-1642970.6641244069,-1642970.6641244069,0.0,0.0,0.0,0.0,262734.30000000005,6325396.179979068,0.7684750884771232,17701966.222189598,83929564.10298453,0.21091454973444948,-1905704.9641244067,balanced_corporate
S03,2030-02-01,Atlas West,Nevada,45,1.18,53.1,2029-01-01,2029-04-01,0,9000,3.65,55,3400000,0.19,0.2,0.8,16,8,0.44999999999999996,0.55,0.078,7.0,0.2,2029-02-01,2028-03-01,2028-02-01,2029-01-01,2029-04-01,2027-09-01,base,2029-04-01,True,True,True,0.0,0.0,10,0.5750000000000001,9000,45.0,53.099999999999994,6048000,3477600.0000000005,3.65,12693240.000000002,20517.84,1128481.2,3400000.0,660744.0000000001,5189225.2,7504014.800000002,0.0,0.0,0.0,2661619.932984048,5533513.374187211,403946476.3156663,8195133.307171259,4842394.867015954,1210598.7167539885,6293416.083246013,6293416.083246013,-1901717.223925246,-1901717.223925246,0.0,0.0,0.0,0.0,253864.80000000005,6039551.283246013,0.7369680341820706,23741517.50543561,92124697.41015579,0.25771067013370025,-2155582.0239252457,balanced_corporate
S03,2030-03-01,Atlas West,Nevada,45,1.18,53.1,2029-01-01,2029-04-01,0,9000,3.65,55,3400000,0.19,0.2,0.8,16,8,0.44999999999999996,0.55,0.078,7.0,0.2,2029-02-01,2028-03-01,2028-02-01,2029-01-01,2029-04-01,2027-09-01,base,2029-04-01,True,True,True,0.0,0.0,11,0.6125,9000,45.0,53.099999999999994,6696000,4101300.0000000005,3.65,14969745.000000002,24197.67,1330871.8499999999,3400000.0,779247.0000000001,5510118.85,9459626.150000002,0.0,0.0,0.0,2625652.096051831,5533513.37418721,398412962.9414791,8159165.47023904,6833974.053948171,1708493.5134870429,7751132.636512959,7751132.636512959,-408032.83372608107,-408032.83372608107,0.0,0.0,0.0,0.0,299394.9,7451737.736512959,0.9132965575576989,31193255.241948567,100283862.88039483,0.31104959807094495,-707427.7337260814,balanced_corporate
S03,2030-04-01,Atlas West,Nevada,45,1.18,53.1,2029-01-01,2029-04-01,0,9000,3.65,55,3400000,0.19,0.2,0.8,16,8,0.44999999999999996,0.55,0.078,7.0,0.2,2029-02-01,2028-03-01,2028-02-01,2029-01-01,2029-04-01,2027-09-01,base,2029-04-01,True,True,True,0.0,0.0,12,0.6500000000000001,9000,45.0,53.099999999999994,6480000,4212000.000000001,3.65,15373800.000000004,24850.8,1366794.0,3400000.0,800280.0000000002,5567074.0,9806726.000000004,0.0,0.0,0.0,2589684.259119614,5533513.37418721,392879449.56729186,8123197.633306824,7217041.74088039,1804260.4352200974,8002465.5647799065,8002465.5647799065,-120732.06852691714,-120732.06852691714,0.0,0.0,0.0,0.0,307476.00000000006,7694989.5647799065,0.9472857749057867,41792119.806728475,99852248.83720821,0.418539595185916,-428208.06852691714,balanced_corporate
S03,2030-05-01,Atlas West,Nevada,45,1.18,53.1,2029-01-01,2029-04-01,0,9000,3.65,55,3400000,0.19,0.2,0.8,16,8,0.44999999999999996,0.55,0.078,7.0,0.2,2029-02-01,2028-03-01,2028-02-01,2029-01-01,2029-04-01,2027-09-01,base,2029-04-01,True,True,True,0.0,0.0,13,0.6875,9000,45.0,53.099999999999994,6696000,4603500.0,3.65,16802775.0,27160.649999999994,1493835.7499999998,3400000.0,874665.0,5768500.75,11034274.25,0.0,0.0,0.0,2553716.422187397,5533513.37418721,387345936.1931046,8087229.796374606,8480557.827812603,2120139.4569531507,8914134.793046849,8914134.793046849,826904.9966722429,826904.9966722429,0.0,0.0,0.0,0.0,336055.5,8578079.293046849,1.0606943921504846,52552625.66227533,99420634.7940216,0.5285887157243885,490849.4966722429,balanced_corporate
S03,2030-06-01,Atlas West,Nevada,45,1.18,53.1,2029-01-01,2029-04-01,0,9000,3.65,55,3400000,0.19,0.2,0.8,16,8,0.44999999999999996,0.55,0.078,7.0,0.2,2029-02-01,2028-03-01,2028-02-01,2029-01-01,2029-04-01,2027-09-01,base,2029-04-01,True,True,True,0.0,0.0,14,0.7250000000000001,9000,45.0,53.099999999999994,6480000,4698000.000000001,3.65,17147700.000000004,27718.199999999997,1524500.9999999998,3400000.0,892620.0000000002,5817121.0,11330579.000000004,0.0,0.0,0.0,2517748.58525518,5533513.374187209,381812422.8189174,8051261.959442388,8812830.414744824,2203207.603686206,9127371.396313798,9127371.396313798,1076109.4368714094,1076109.4368714094,0.0,0.0,0.0,0.0,342954.00000000006,8784417.396313798,1.091060934368379,62690527.43358912,98989020.750835,0.6333078856430683,733155.4368714094,balanced_corporate
S03,2030-07-01,Atlas West,Nevada,45,1.18,53.1,2029-01-01,2029-04-01,0,9000,3.65,55,3400000,0.19,0.2,0.8,16,8,0.44999999999999996,0.55,0.078,7.0,0.2,2029-02-01,2028-03-01,2028-02-01,2029-01-01,2029-04-01,2027-09-01,base,2029-04-01,True,True,True,0.0,0.0,15,0.7625000000000002,9000,45.0,53.099999999999994,6696000,5105700.000000001,3.65,18635805.000000004,30123.63,1656799.6500000001,3400000.0,970083.0000000002,6026882.65,12608922.350000003,0.0,0.0,0.0,2481780.748322963,5533513.374187209,376278909.44473016,8015294.1225101715,10127141.601677042,2531785.4004192604,10077136.949580744,10077136.949580744,2061842.8270705724,2061842.8270705724,0.0,0.0,0.0,0.0,372716.1000000001,9704420.849580744,1.2107379593628167,72590807.65816987,98557406.70764841,0.7365332559276497,1689126.7270705728,balanced_corporate
S03,2030-08-01,Atlas West,Nevada,45,1.18,53.1,2029-01-01,2029-04-01,0,9000,3.65,55,3400000,0.19,0.2,0.8,16,8,0.44999999999999996,0.55,0.078,7.0,0.2,2029-02-01,2028-03-01,2028-02-01,2029-01-01,2029-04-01,2027-09-01,base,2029-04-01,True,True,True,0.0,0.0,16,0.8,9000,45.0,53.099999999999994,6696000,5356800.0,3.65,19552320.0,31605.119999999995,1738281.5999999996,3400000.0,1017792.0,6156073.6,13396246.4,0.0,0.0,0.0,2445812.911390746,5533513.374187209,370745396.07054293,7979326.285577955,10950433.488609254,2737608.3721523136,10658638.027847687,10658638.027847687,2679311.742269732,2679311.742269732,0.0,0.0,0.0,0.0,391046.4,10267591.627847686,1.2867742539123388,81772602.41101755,98125792.66446179,0.8333446303016019,2288265.3422697317,balanced_corporate
S03,2030-09-01,Atlas West,Nevada,45,1.18,53.1,2029-01-01,2029-04-01,0,9000,3.65,55,3400000,0.19,0.2,0.8,16,8,0.44999999999999996,0.55,0.078,7.0,0.2,2029-02-01,2028-03-01,2028-02-01,2029-01-01,2029-04-01,2027-09-01,base,2029-04-01,True,True,True,0.0,0.0,17,0.8,9000,45.0,53.099999999999994,6480000,5184000.0,3.65,18921600.0,30585.599999999995,1682207.9999999998,3400000.0,984960.0,6067168.0,12854432.0,0.0,0.0,0.0,2409845.074458529,5533513.374187208,365211882.6963557,7943358.448645737,10444586.925541472,2611146.731385368,10243285.268614631,10243285.268614631,2299926.819968894,2299926.819968894,0.0,0.0,0.0,0.0,378432.0,9864853.268614631,1.2418995482064,89270002.55463219,97694178.62127517,0.9137699278961088,1921494.8199688941,balanced_corporate
S03,2030-10-01,Atlas West,Nevada,45,1.18,53.1,2029-01-01,2029-04-01,0,9000,3.65,55,3400000,0.19,0.2,0.8,16,8,0.44999999999999996,0.55,0.078,7.0,0.2,2029-02-01,2028-03-01,2028-02-01,2029-01-01,2029-04-01,2027-09-01,base,2029-04-01,True,True,True,0.0,0.0,18,0.8,9000,45.0,53.099999999999994,6696000,5356800.0,3.65,19552320.0,31605.119999999995,1738281.5999999996,3400000.0,1017792.0,6156073.6,13396246.4,0.0,0.0,0.0,2373877.237526312,5533513.374187208,359678369.32216847,7907390.611713519,11022369.162473688,2755592.290618422,10640654.109381579,10640654.109381579,2733263.4976680595,2733263.4976680595,0.0,0.0,0.0,0.0,391046.4,10249607.709381578,1.2962060700780917,95694290.29696053,97262564.57808858,0.9838758695297517,2342217.097668059,balanced_corporate
S03,2030-11-01,Atlas West,Nevada,45,1.18,53.1,2029-01-01,2029-04-01,0,9000,3.65,55,3400000,0.19,0.2,0.8,16,8,0.44999999999999996,0.55,0.078,7.0,0.2,2029-02-01,2028-03-01,2028-02-01,2029-01-01,2029-04-01,2027-09-01,base,2029-04-01,True,True,True,0.0,0.0,19,0.8,9000,45.0,53.099999999999994,6480000,5184000.0,3.65,18921600.0,30585.599999999995,1682207.9999999998,3400000.0,984960.0,6067168.0,12854432.0,0.0,0.0,0.0,2337909.400594095,5533513.374187207,354144855.94798124,7871422.774781302,10516522.599405905,2629130.6498514763,10225301.350148523,10225301.350148523,2353878.5753672216,2353878.5753672216,0.0,0.0,0.0,0.0,378432.0,9846869.350148523,1.2509643595432602,100569739.66116387,96830950.53490198,1.038611509084735,1975446.5753672216,balanced_corporate
S03,2030-12-01,Atlas West,Nevada,45,1.18,53.1,2029-01-01,2029-04-01,0,9000,3.65,55,3400000,0.19,0.2,0.8,16,8,0.44999999999999996,0.55,0.078,7.0,0.2,2029-02-01,2028-03-01,2028-02-01,2029-01-01,2029-04-01,2027-09-01,base,2029-04-01,True,True,True,0.0,0.0,20,0.8,9000,45.0,53.099999999999994,6696000,5356800.0,3.65,19552320.0,31605.119999999995,1738281.5999999996,3400000.0,1017792.0,6156073.6,13396246.4,0.0,0.0,0.0,2301941.563661878,5533513.374187207,348611342.573794,7835454.937849085,11094304.836338121,2773576.2090845304,10622670.19091547,10622670.19091547,2787215.2530663842,2787215.2530663842,0.0,0.0,0.0,0.0,391046.4,10231623.790915469,1.3058110693090346,105039138.05036722,96399336.49171537,1.089625114374043,2396168.853066384,balanced_corporate
S03,2031-01-01,Atlas West,Nevada,45,1.18,53.1,2029-01-01,2029-04-01,0,9000,3.65,55,3400000,0.19,0.2,0.8,16,8,0.44999999999999996,0.55,0.078,7.0,0.2,2029-02-01,2028-03-01,2028-02-01,2029-01-01,2029-04-01,2027-09-01,base,2029-04-01,True,True,True,0.0,0.0,21,0.8,9000,45.0,53.099999999999994,6696000,5356800.0,3.65,19552320.0,31605.119999999995,1738281.5999999996,3400000.0,1017792.0,6156073.6,13396246.4,0.0,0.0,0.0,2265973.7267296608,5533513.374187207,343077829.1996068,7799487.100916868,11130272.67327034,2782568.168317585,10613678.231682416,10613678.231682416,2814191.130765548,2814191.130765548,0.0,0.0,0.0,0.0,391046.4,10222631.831682416,1.3106800100330565,108936373.70207058,95967722.44852875,1.1351355531074254,2423144.7307655476,balanced_corporate
S03,2031-02-01,Atlas West,Nevada,45,1.18,53.1,2029-01-01,2029-04-01,0,9000,3.65,55,3400000,0.19,0.2,0.8,16,8,0.44999999999999996,0.55,0.078,7.0,0.2,2029-02-01,2028-03-01,2028-02-01,2029-01-01,2029-04-01,2027-09-01,base,2029-04-01,True,True,True,0.0,0.0,22,0.8,9000,45.0,53.099999999999994,6048000,4838400.0,3.65,17660160.0,28546.559999999998,1570060.7999999998,3400000.0,919296.0,5889356.8,11770803.2,0.0,0.0,0.0,2230005.889797444,5533513.374187206,337544315.82541955,7763519.26398465,9540797.310202556,2385199.327550639,9385603.87244936,9385603.87244936,1622084.6084647104,1622084.6084647104,0.0,0.0,0.0,0.0,353203.2,9032400.672449362,1.1634415225001262,111929223.09127392,95536108.40534215,1.1715907729502524,1268881.4084647112,balanced_corporate
S03,2031-03-01,Atlas West,Nevada,45,1.18,53.1,2029-01-01,2029-04-01,0,9000,3.65,55,3400000,0.19,0.2,0.8,16,8,0.44999999999999996,0.55,0.078,7.0,0.2,2029-02-01,2028-03-01,2028-02-01,2029-01-01,2029-04-01,2027-09-01,base,2029-04-01,True,True,True,0.0,0.0,23,0.8,9000,45.0,53.099999999999994,6696000,5356800.0,3.65,19552320.0,31605.119999999995,1738281.5999999996,3400000.0,1017792.0,6156073.6,13396246.4,0.0,0.0,0.0,2194038.0528652268,5533513.374187206,332010802.4512323,7727551.427052433,11202208.347134773,2800552.086783693,10595694.313216306,10595694.313216306,2868142.8861638736,2868142.8861638736,0.0,0.0,0.0,0.0,391046.4,10204647.913216306,1.3205538661951974,114682133.26797727,95104494.36215553,1.205853982370913,2477096.486163873,balanced_corporate
S03,2031-04-01,Atlas West,Nevada,45,1.18,53.1,2029-01-01,2029-04-01,0,9000,3.65,55,3400000,0.19,0.2,0.8,16,8,0.44999999999999996,0.55,0.078,7.0,0.2,2029-02-01,2028-03-01,2028-02-01,2029-01-01,2029-04-01,2027-09-01,base,2029-04-01,True,True,True,0.0,0.0,24,0.8,9000,45.0,53.099999999999994,6480000,5184000.0,3.65,18921600.0,30585.599999999995,1682207.9999999998,3400000.0,984960.0,6067168.0,12854432.0,0.0,0.0,0.0,2158070.21593301,5533513.374187205,326477289.0770451,7691583.590120215,10696361.78406699,2674090.4460167475,10180341.553983252,10180341.553983252,2488757.9638630375,2488757.9638630375,0.0,0.0,0.0,0.0,378432.0,9801909.553983252,1.2743682024822218,116789053.2571806,94672880.31896894,1.2336062118707969,2110325.9638630375,balanced_corporate
S03,2031-05-01,Atlas West,Nevada,45,1.18,53.1,2029-01-01,2029-04-01,0,9000,3.65,55,3400000,0.19,0.2,0.8,16,8,0.44999999999999996,0.55,0.078,7.0,0.2,2029-02-01,2028-03-01,2028-02-01,2029-01-01,2029-04-01,2027-09-01,base,2029-04-01,True,True,True,0.0,0.0,25,0.8,9000,45.0,53.099999999999994,6696000,5356800.0,3.65,19552320.0,31605.119999999995,1738281.5999999996,3400000.0,1017792.0,6156073.6,13396246.4,0.0,0.0,0.0,2122102.3790007927,5533513.374187205,320943775.70285785,7655615.753187997,11274144.020999208,2818536.005249802,10577710.394750198,10577710.394750198,2922094.641562201,2922094.641562201,0.0,0.0,0.0,0.0,391046.4,10186663.994750198,1.3306132809118858,118397637.95888396,94241266.27578233,1.2563247782814355,2531048.2415622007,balanced_corporate
S03,2031-06-01,Atlas West,Nevada,45,1.18,53.1,2029-01-01,2029-04-01,0,9000,3.65,55,3400000,0.19,0.2,0.8,16,8,0.44999999999999996,0.55,0.078,7.0,0.2,2029-02-01,2028-03-01,2028-02-01,2029-01-01,2029-04-01,2027-09-01,base,2029-04-01,True,True,True,0.0,0.0,26,0.8,9000,45.0,53.099999999999994,6480000,5184000.0,3.65,18921600.0,30585.599999999995,1682207.9999999998,3400000.0,984960.0,6067168.0,12854432.0,0.0,0.0,0.0,2086134.542068576,5533513.374187204,315410262.3286706,7619647.91625578,10768297.457931424,2692074.364482856,10162357.635517145,10162357.635517145,2542709.719261365,2542709.719261365,0.0,0.0,0.0,0.0,378432.0,9783925.635517145,1.2840390714962155,119397146.1980873,93809652.23259571,1.2727597145552663,2164277.719261365,balanced_corporate
S03,2031-07-01,Atlas West,Nevada,45,1.18,53.1,2029-01-01,2029-04-01,0,9000,3.65,55,3400000,0.19,0.2,0.8,16,8,0.44999999999999996,0.55,0.078,7.0,0.2,2029-02-01,2028-03-01,2028-02-01,2029-01-01,2029-04-01,2027-09-01,base,2029-04-01,True,True,True,0.0,0.0,27,0.8,9000,45.0,53.099999999999994,6696000,5356800.0,3.65,19552320.0,31605.119999999995,1738281.5999999996,3400000.0,1017792.0,6156073.6,13396246.4,0.0,0.0,0.0,2050166.705136359,5533513.374187204,309876748.9544834,7583680.079323563,11346079.694863642,2836519.9237159104,10559726.47628409,10559726.47628409,2976046.3969605276,2976046.3969605276,0.0,0.0,0.0,0.0,391046.4,10168680.07628409,1.3408635345797841,119861405.42479065,93378038.18940909,1.2836145173842954,2584999.9969605273,balanced_corporate
S03,2031-08-01,Atlas West,Nevada,45,1.18,53.1,2029-01-01,2029-04-01,0,9000,3.65,55,3400000,0.19,0.2,0.8,16,8,0.44999999999999996,0.55,0.078,7.0,0.2,2029-02-01,2028-03-01,2028-02-01,2029-01-01,2029-04-01,2027-09-01,base,2029-04-01,True,True,True,0.0,0.0,28,0.8,9000,45.0,53.099999999999994,6696000,5356800.0,3.65,19552320.0,31605.119999999995,1738281.5999999996,3400000.0,1017792.0,6156073.6,13396246.4,0.0,0.0,0.0,2014198.868204142,5533513.374187203,304343235.58029616,7547712.242391345,11382047.53179586,2845511.882948965,10550734.517051036,10550734.517051036,3003022.2746596904,3003022.2746596904,0.0,0.0,0.0,0.0,391046.4,10159688.117051035,1.346061931188852,119753501.91399401,92946424.14622249,1.28841429903316,2611975.87465969,balanced_corporate
S03,2031-09-01,Atlas West,Nevada,45,1.18,53.1,2029-01-01,2029-04-01,0,9000,3.65,55,3400000,0.19,0.2,0.8,16,8,0.44999999999999996,0.55,0.078,7.0,0.2,2029-02-01,2028-03-01,2028-02-01,2029-01-01,2029-04-01,2027-09-01,base,2029-04-01,True,True,True,0.0,0.0,29,0.8,9000,45.0,53.099999999999994,6480000,5184000.0,3.65,18921600.0,30585.599999999995,1682207.9999999998,3400000.0,984960.0,6067168.0,12854432.0,0.0,0.0,0.0,1978231.031271925,5533513.374187203,298809722.2061089,7511744.405459128,10876200.968728075,2719050.2421820187,10135381.757817982,10135381.757817982,2623637.3523588534,2623637.3523588534,0.0,0.0,0.0,0.0,378432.0,9756949.757817982,1.2988926714182607,119645598.40319735,92514810.1030359,1.29325886601232,2245205.3523588534,balanced_corporate
S03,2031-10-01,Atlas West,Nevada,45,1.18,53.1,2029-01-01,2029-04-01,0,9000,3.65,55,3400000,0.19,0.2,0.8,16,8,0.44999999999999996,0.55,0.078,7.0,0.2,2029-02-01,2028-03-01,2028-02-01,2029-01-01,2029-04-01,2027-09-01,base,2029-04-01,True,True,True,0.0,0.0,30,0.8,9000,45.0,53.099999999999994,6696000,5356800.0,3.65,19552320.0,31605.119999999995,1738281.5999999996,3400000.0,1017792.0,6156073.6,13396246.4,0.0,0.0,0.0,1942263.194339708,5533513.374187202,293276208.8319217,7475776.568526911,11453983.205660293,2863495.801415073,10532750.598584928,10532750.598584928,3056974.030058017,3056974.030058017,0.0,0.0,0.0,0.0,391046.4,10141704.198584927,1.356608789149959,119537694.8924007,92083196.05984928,1.2981488480776386,2665927.6300580166,balanced_corporate
S03,2031-11-01,Atlas West,Nevada,45,1.18,53.1,2029-01-01,2029-04-01,0,9000,3.65,55,3400000,0.19,0.2,0.8,16,8,0.44999999999999996,0.55,0.078,7.0,0.2,2029-02-01,2028-03-01,2028-02-01,2029-01-01,2029-04-01,2027-09-01,base,2029-04-01,True,True,True,0.0,0.0,31,0.8,9000,45.0,53.099999999999994,6480000,5184000.0,3.65,18921600.0,30585.599999999995,1682207.9999999998,3400000.0,984960.0,6067168.0,12854432.0,0.0,0.0,0.0,1906295.357407491,5533513.374187202,287742695.45773447,7439808.731594693,10948136.642592508,2737034.160648127,10117397.839351874,10117397.839351874,2677589.107757181,2677589.107757181,0.0,0.0,0.0,0.0,378432.0,9738965.839351874,1.3090344376722123,119429791.38160406,91651582.01666266,1.303084886847793,2299157.107757181,balanced_corporate
S03,2031-12-01,Atlas West,Nevada,45,1.18,53.1,2029-01-01,2029-04-01,0,9000,3.65,55,3400000,0.19,0.2,0.8,16,8,0.44999999999999996,0.55,0.078,7.0,0.2,2029-02-01,2028-03-01,2028-02-01,2029-01-01,2029-04-01,2027-09-01,base,2029-04-01,True,True,True,0.0,0.0,32,0.8,9000,45.0,53.099999999999994,6696000,5356800.0,3.65,19552320.0,31605.119999999995,1738281.5999999996,3400000.0,1017792.0,6156073.6,13396246.4,0.0,0.0,0.0,1870327.520475274,5533513.374187201,282209182.08354723,7403840.894662475,11525918.879524726,2881479.7198811816,10514766.680118818,10514766.680118818,3110925.7854563426,3110925.7854563426,0.0,0.0,0.0,0.0,391046.4,10123720.280118817,1.367360593528845,119321887.87080741,91219967.97347607,1.308067636084925,2719879.3854563423,balanced_corporate
