site_id,month,site_name,region,it_load_mw,pue,total_facility_mw,target_power_ready,target_rfs,initial_gpu_count,target_gpu_count,price_per_gpu_hour,power_cost_per_mwh,fixed_opex_monthly,variable_opex_per_gpu_hour,utilization_at_rfs,utilization_mature,months_to_mature,gpu_ramp_months,equity_pct,debt_pct,debt_rate_annual,debt_tenor_years,minimum_equity_first_pct,commissioning,construction_start,design_complete,power_ready,ready_for_service,site_control,scenario,rfs_month,power_gate_open,commissioning_gate_open,rfs_gate_open,capex_usd,gpu_capex_usd,months_since_rfs,utilization,gpu_online,it_load_online_mw,facility_load_online_mw,gpu_hours_available,gpu_hours_sold,price_per_gpu_hour_scenario,revenue_usd,power_mwh,power_cost_usd,fixed_opex_usd,variable_opex_usd,opex_usd,ebitda_usd,equity_draw_usd,debt_draw_usd,interest_during_construction_usd,cash_interest_usd,principal_repayment_usd,ending_debt_balance_usd,debt_service_usd,taxable_income_proxy_usd,cash_tax_usd,operating_cash_flow_usd,unlevered_free_cash_flow_usd,equity_cash_flow_usd,net_cash_flow_post_financing_usd,grant_funding_usd,customer_prepayment_usd,equipment_finance_usd,sponsor_equity_draw_usd,maintenance_capex_usd,cads_usd,dscr,rolling_12m_cads_usd,rolling_12m_debt_service_usd,rolling_12m_dscr,adjusted_equity_cash_flow_usd,capital_stack
S01,2027-01-01,Atlas East,Virginia,60,1.25,75.0,2028-01-01,2028-04-01,0,12000,3.5,62,4200000,0.18,0.25,0.82,18,9,0.42199999999999993,0.5780000000000001,0.074,8.0,0.15,2028-02-01,2027-06-01,2027-05-01,2028-01-01,2028-04-01,2027-01-01,base,2028-04-01,False,False,False,2952338.135667544,0.0,-15,0.0,0,0.0,0.0,0,0.0,3.5,0.0,0.0,0.0,0.0,0.0,0.0,0.0,2952338.135667544,0.0,0.0,0.0,0.0,0.0,0.0,0.0,0.0,0.0,-2952338.135667544,-2952338.135667544,0.0,0.0,354280.5762801053,147616.9067833772,2598057.5593874385,0.0,0.0,,,,,-2598057.5593874385,strategic_customer
S01,2027-02-01,Atlas East,Virginia,60,1.25,75.0,2028-01-01,2028-04-01,0,12000,3.5,62,4200000,0.18,0.25,0.82,18,9,0.42199999999999993,0.5780000000000001,0.074,8.0,0.15,2028-02-01,2027-06-01,2027-05-01,2028-01-01,2028-04-01,2027-01-01,base,2028-04-01,False,False,False,19950059.688890066,0.0,-14,0.0,0,0.0,0.0,0,0.0,3.5,0.0,0.0,0.0,0.0,0.0,0.0,0.0,19950059.688890066,0.0,0.0,0.0,0.0,0.0,0.0,0.0,0.0,0.0,-19950059.688890066,-19950059.688890066,0.0,0.0,2394007.162666808,997502.9844445033,17556052.526223257,0.0,0.0,,,,,-17556052.526223257,strategic_customer
S01,2027-03-01,Atlas East,Virginia,60,1.25,75.0,2028-01-01,2028-04-01,0,12000,3.5,62,4200000,0.18,0.25,0.82,18,9,0.42199999999999993,0.5780000000000001,0.074,8.0,0.15,2028-02-01,2027-06-01,2027-05-01,2028-01-01,2028-04-01,2027-01-01,base,2028-04-01,False,False,False,19143661.813204482,0.0,-13,0.0,0,0.0,0.0,0,0.0,3.5,0.0,0.0,0.0,0.0,0.0,0.0,0.0,19143661.813204482,0.0,0.0,0.0,0.0,0.0,0.0,0.0,0.0,0.0,-19143661.813204482,-19143661.813204482,0.0,0.0,2297239.417584538,957183.0906602242,16846422.395619944,0.0,0.0,,,,,-16846422.395619944,strategic_customer
S01,2027-04-01,Atlas East,Virginia,60,1.25,75.0,2028-01-01,2028-04-01,0,12000,3.5,62,4200000,0.18,0.25,0.82,18,9,0.42199999999999993,0.5780000000000001,0.074,8.0,0.15,2028-02-01,2027-06-01,2027-05-01,2028-01-01,2028-04-01,2027-01-01,base,2028-04-01,False,False,False,13148149.546374992,0.0,-12,0.0,0,0.0,0.0,0,0.0,3.5,0.0,0.0,0.0,0.0,0.0,0.0,0.0,13148149.546374992,0.0,0.0,0.0,0.0,0.0,0.0,0.0,0.0,0.0,-13148149.546374992,-13148149.546374992,0.0,0.0,1577777.945564999,657407.4773187496,11570371.600809993,0.0,0.0,,,,,-11570371.600809993,strategic_customer
S01,2027-05-01,Atlas East,Virginia,60,1.25,75.0,2028-01-01,2028-04-01,0,12000,3.5,62,4200000,0.18,0.25,0.82,18,9,0.42199999999999993,0.5780000000000001,0.074,8.0,0.15,2028-02-01,2027-06-01,2027-05-01,2028-01-01,2028-04-01,2027-01-01,base,2028-04-01,False,False,False,8896179.714969855,0.0,-11,0.0,0,0.0,0.0,0,0.0,3.5,0.0,0.0,0.0,0.0,0.0,0.0,0.0,8896179.714969855,0.0,0.0,0.0,0.0,0.0,0.0,0.0,0.0,0.0,-8896179.714969855,-8896179.714969855,0.0,0.0,1067541.5657963825,444808.98574849276,7828638.149173472,0.0,0.0,,,,,-7828638.149173472,strategic_customer
S01,2027-06-01,Atlas East,Virginia,60,1.25,75.0,2028-01-01,2028-04-01,0,12000,3.5,62,4200000,0.18,0.25,0.82,18,9,0.42199999999999993,0.5780000000000001,0.074,8.0,0.15,2028-02-01,2027-06-01,2027-05-01,2028-01-01,2028-04-01,2027-01-01,base,2028-04-01,False,False,False,23163564.590840273,0.0,-10,0.0,0,0.0,0.0,0,0.0,3.5,0.0,0.0,0.0,0.0,0.0,0.0,0.0,23163564.590840273,0.0,0.0,0.0,0.0,0.0,0.0,0.0,0.0,0.0,-23163564.590840273,-23163564.590840273,0.0,0.0,2779627.7509008325,1158178.2295420137,20383936.83993944,0.0,0.0,,,,,-20383936.83993944,strategic_customer
S01,2027-07-01,Atlas East,Virginia,60,1.25,75.0,2028-01-01,2028-04-01,0,12000,3.5,62,4200000,0.18,0.25,0.82,18,9,0.42199999999999993,0.5780000000000001,0.074,8.0,0.15,2028-02-01,2027-06-01,2027-05-01,2028-01-01,2028-04-01,2027-01-01,base,2028-04-01,False,False,False,48607218.002984904,0.0,-9,0.0,0,0.0,0.0,0,0.0,3.5,0.0,0.0,0.0,0.0,0.0,0.0,0.0,48607218.002984904,0.0,0.0,0.0,0.0,0.0,0.0,0.0,0.0,0.0,-48607218.002984904,-48607218.002984904,0.0,0.0,5832866.160358189,2430360.9001492453,42774351.84262671,0.0,0.0,,,,,-42774351.84262671,strategic_customer
S01,2027-08-01,Atlas East,Virginia,60,1.25,75.0,2028-01-01,2028-04-01,0,12000,3.5,62,4200000,0.18,0.25,0.82,18,9,0.42199999999999993,0.5780000000000001,0.074,8.0,0.15,2028-02-01,2027-06-01,2027-05-01,2028-01-01,2028-04-01,2027-01-01,base,2028-04-01,False,False,False,88273639.40653794,0.0,-8,0.0,0,0.0,0.0,0,0.0,3.5,0.0,0.0,0.0,0.0,0.0,0.0,0.0,75768718.70664427,12504920.69989367,77113.6776493443,0.0,0.0,12582034.377543014,0.0,0.0,0.0,0.0,-88273639.40653794,-75768718.70664427,1.862645149230957e-09,0.0,10592836.728784552,4413681.970326897,65175881.97785971,0.0,0.0,,,,,-65175881.97785971,strategic_customer
S01,2027-09-01,Atlas East,Virginia,60,1.25,75.0,2028-01-01,2028-04-01,0,12000,3.5,62,4200000,0.18,0.25,0.82,18,9,0.42199999999999993,0.5780000000000001,0.074,8.0,0.15,2028-02-01,2027-06-01,2027-05-01,2028-01-01,2028-04-01,2027-01-01,base,2028-04-01,False,False,False,127940060.81009096,0.0,-7,0.0,0,0.0,0.0,0,0.0,3.5,0.0,0.0,0.0,0.0,0.0,0.0,0.0,53990705.66185837,73949355.14823258,533610.2354089495,0.0,0.0,87064999.76118454,0.0,0.0,0.0,0.0,-127940060.81009096,-53990705.66185838,0.0,0.0,15352807.297210915,6397003.040504549,38637898.364647456,0.0,0.0,,,,,-38637898.36464746,strategic_customer
S01,2027-10-01,Atlas East,Virginia,60,1.25,75.0,2028-01-01,2028-04-01,0,12000,3.5,62,4200000,0.18,0.25,0.82,18,9,0.42199999999999993,0.5780000000000001,0.074,8.0,0.15,2028-02-01,2027-06-01,2027-05-01,2028-01-01,2028-04-01,2027-01-01,base,2028-04-01,False,False,False,159778356.60462138,0.0,-6,0.0,0,0.0,0.0,0,0.0,3.5,0.0,0.0,0.0,0.0,0.0,0.0,0.0,67426466.4871502,92351890.11747117,1106404.1542517103,0.0,0.0,180523294.03290746,0.0,0.0,0.0,0.0,-159778356.60462138,-67426466.4871502,0.0,0.0,19173402.792554565,7988917.83023107,48253063.69459564,0.0,0.0,,,,,-48253063.69459564,strategic_customer
S01,2027-11-01,Atlas East,Virginia,60,1.25,75.0,2028-01-01,2028-04-01,0,12000,3.5,62,4200000,0.18,0.25,0.82,18,9,0.42199999999999993,0.5780000000000001,0.074,8.0,0.15,2028-02-01,2027-06-01,2027-05-01,2028-01-01,2028-04-01,2027-01-01,base,2028-04-01,False,False,False,160881344.95668158,0.0,-5,0.0,0,0.0,0.0,0,0.0,3.5,0.0,0.0,0.0,0.0,0.0,0.0,0.0,67891927.57171962,92989417.38496196,1686661.720410195,0.0,0.0,275199373.1382796,0.0,0.0,0.0,0.0,-160881344.95668158,-67891927.57171962,0.0,0.0,19305761.394801788,8044067.247834079,48586166.17691783,0.0,0.0,,,,,-48586166.17691783,strategic_customer
S01,2027-12-01,Atlas East,Virginia,60,1.25,75.0,2028-01-01,2028-04-01,0,12000,3.5,62,4200000,0.18,0.25,0.82,18,9,0.42199999999999993,0.5780000000000001,0.074,8.0,0.15,2028-02-01,2027-06-01,2027-05-01,2028-01-01,2028-04-01,2027-01-01,base,2028-04-01,False,False,False,93512995.72912401,0.0,-4,0.0,0,0.0,0.0,0,0.0,3.5,0.0,0.0,0.0,0.0,0.0,0.0,0.0,39462484.19769032,54050511.53143369,2030374.2887965655,0.0,0.0,331280258.95850986,0.0,0.0,0.0,0.0,-93512995.72912401,-39462484.19769032,0.0,0.0,11221559.48749488,4675649.7864562,28240924.710195445,0.0,0.0,,0.0,0.0,,-28240924.710195445,strategic_customer
S01,2028-01-01,Atlas East,Virginia,60,1.25,75.0,2028-01-01,2028-04-01,0,12000,3.5,62,4200000,0.18,0.25,0.82,18,9,0.42199999999999993,0.5780000000000001,0.074,8.0,0.15,2028-02-01,2027-06-01,2027-05-01,2028-01-01,2028-04-01,2027-01-01,base,2028-04-01,True,False,False,84216297.1702724,24172661.870503593,-3,0.0,0,0.0,0.0,0,0.0,3.5,0.0,0.0,0.0,0.0,0.0,0.0,0.0,35539277.40585495,48677019.76441745,2343069.8854580517,0.0,0.0,382300348.6083854,0.0,0.0,0.0,0.0,-84216297.1702724,-35539277.40585495,0.0,0.0,10105955.660432687,4210814.85851362,25433321.74542226,0.0,0.0,,0.0,0.0,,-25433321.74542226,strategic_customer
S01,2028-02-01,Atlas East,Virginia,60,1.25,75.0,2028-01-01,2028-04-01,0,12000,3.5,62,4200000,0.18,0.25,0.82,18,9,0.42199999999999993,0.5780000000000001,0.074,8.0,0.15,2028-02-01,2027-06-01,2027-05-01,2028-01-01,2028-04-01,2027-01-01,base,2028-04-01,True,True,False,187593687.7865741,143884892.08633092,-2,0.0,0,0.0,0.0,0,0.0,3.5,0.0,0.0,0.0,0.0,0.0,0.0,0.0,79164536.24593425,108429151.54063985,3026165.2509189886,0.0,0.0,493755665.3999442,0.0,0.0,0.0,0.0,-187593687.7865741,-79164536.24593425,0.0,0.0,22511242.534388892,9379684.389328705,56653293.711545356,0.0,0.0,,0.0,0.0,,-56653293.711545356,strategic_customer
S01,2028-03-01,Atlas East,Virginia,60,1.25,75.0,2028-01-01,2028-04-01,0,12000,3.5,62,4200000,0.18,0.25,0.82,18,9,0.42199999999999993,0.5780000000000001,0.074,8.0,0.15,2028-02-01,2027-06-01,2027-05-01,2028-01-01,2028-04-01,2027-01-01,base,2028-04-01,True,True,False,287769784.17266184,287769784.17266184,-1,0.0,0,0.0,0.0,0,0.0,3.5,0.0,0.0,0.0,0.0,0.0,0.0,0.0,121438848.92086327,166330935.25179857,4070534.0373524134,0.0,0.0,664157134.6890951,0.0,0.0,0.0,0.0,-287769784.17266184,-121438848.92086327,0.0,0.0,34532374.10071942,14388489.208633093,86906474.82014385,0.0,0.0,,0.0,0.0,,-86906474.82014385,strategic_customer
S01,2028-04-01,Atlas East,Virginia,60,1.25,75.0,2028-01-01,2028-04-01,0,12000,3.5,62,4200000,0.18,0.25,0.82,18,9,0.42199999999999993,0.5780000000000001,0.074,8.0,0.15,2028-02-01,2027-06-01,2027-05-01,2028-01-01,2028-04-01,2027-01-01,base,2028-04-01,True,True,True,24172661.870503593,24172661.870503593,0,0.25,1333,6.665,8.33125,959760,239940.0,3.5,839790.0,1499.6250000000002,92976.75000000001,4200000.0,43189.2,4336165.95,-3496375.95,10200863.309352515,13971798.561151078,0.0,4181795.088376518,7063843.054690064,671065090.195556,11245638.143066581,0.0,0.0,-3496375.95,-27669037.820503592,-24942877.402419098,-14742014.093066579,0.0,2900719.424460431,1208633.0935251797,7300143.884892084,16795.8,-3513171.75,-0.3124030584396868,-3513171.75,11245638.143066581,-0.3124030584396868,-22058953.777958665,strategic_customer
S01,2028-05-01,Atlas East,Virginia,60,1.25,75.0,2028-01-01,2028-04-01,0,12000,3.5,62,4200000,0.18,0.25,0.82,18,9,0.42199999999999993,0.5780000000000001,0.074,8.0,0.15,2028-02-01,2027-06-01,2027-05-01,2028-01-01,2028-04-01,2027-01-01,base,2028-04-01,True,True,True,0.0,0.0,1,0.2816666666666667,2666,13.33,16.6625,1983504,558686.96,3.5,1955404.3599999999,3491.7935000000007,216491.19700000004,4200000.0,100563.6528,4517054.8498,-2561650.4898,0.0,0.0,0.0,4138234.722872596,7063843.054690064,664001247.1408659,11202077.77756266,0.0,0.0,-2561650.4898,-2561650.4898,-13763728.26736266,-13763728.26736266,0.0,0.0,0.0,0.0,39108.0872,-2600758.577,-0.23216751647709694,-6113930.327,22447715.92062924,-0.27236313701659753,-13802836.354562659,strategic_customer
S01,2028-06-01,Atlas East,Virginia,60,1.25,75.0,2028-01-01,2028-04-01,0,12000,3.5,62,4200000,0.18,0.25,0.82,18,9,0.42199999999999993,0.5780000000000001,0.074,8.0,0.15,2028-02-01,2027-06-01,2027-05-01,2028-01-01,2028-04-01,2027-01-01,base,2028-04-01,True,True,True,0.0,0.0,2,0.31333333333333335,4000,20.0,25.0,2880000,902400.0,3.5,3158400.0,5640.0,349680.0,4200000.0,162432.0,4712112.0,-1553712.0,0.0,0.0,0.0,4094674.357368673,7063843.054690063,656937404.0861759,11158517.412058737,0.0,0.0,-1553712.0,-1553712.0,-12712229.412058737,-12712229.412058737,0.0,0.0,0.0,0.0,63168.0,-1616880.0,-0.1449009702895366,-7730810.327,33606233.332687974,-0.23004096443859498,-12775397.412058737,strategic_customer
S01,2028-07-01,Atlas East,Virginia,60,1.25,75.0,2028-01-01,2028-04-01,0,12000,3.5,62,4200000,0.18,0.25,0.82,18,9,0.42199999999999993,0.5780000000000001,0.074,8.0,0.15,2028-02-01,2027-06-01,2027-05-01,2028-01-01,2028-04-01,2027-01-01,base,2028-04-01,True,True,True,0.0,0.0,3,0.345,5333,26.665,33.33125,3967752,1368874.44,3.5,4791060.54,8555.465249999997,530438.8454999998,4200000.0,246397.39919999999,4976836.2447,-185775.70469999965,0.0,0.0,0.0,4051113.9918647516,7063843.054690064,649873561.0314858,11114957.046554815,0.0,0.0,-185775.70469999965,-185775.70469999965,-11300732.751254816,-11300732.751254816,0.0,0.0,0.0,0.0,95821.2108,-281596.91549999965,-0.02533495310153117,-8012407.2425,44721190.37924279,-0.17916355031146342,-11396553.962054815,strategic_customer
S01,2028-08-01,Atlas East,Virginia,60,1.25,75.0,2028-01-01,2028-04-01,0,12000,3.5,62,4200000,0.18,0.25,0.82,18,9,0.42199999999999993,0.5780000000000001,0.074,8.0,0.15,2028-02-01,2027-06-01,2027-05-01,2028-01-01,2028-04-01,2027-01-01,base,2028-04-01,True,True,True,0.0,0.0,4,0.37666666666666665,6666,33.33,41.662499999999994,4959504,1868079.8399999999,3.5,6538279.4399999995,11675.498999999998,723880.9379999998,4200000.0,336254.37119999994,5260135.3092,1278144.1307999995,0.0,0.0,0.0,4007553.626360829,7063843.054690063,642809717.9767957,11071396.681050893,0.0,0.0,1278144.1307999995,1278144.1307999995,-9793252.550250893,-9793252.550250893,0.0,0.0,0.0,0.0,130765.5888,1147378.5419999994,0.10363448940130386,-6865028.7005,55792587.06029369,-0.12304553458116453,-9924018.139050893,strategic_customer
S01,2028-09-01,Atlas East,Virginia,60,1.25,75.0,2028-01-01,2028-04-01,0,12000,3.5,62,4200000,0.18,0.25,0.82,18,9,0.42199999999999993,0.5780000000000001,0.074,8.0,0.15,2028-02-01,2027-06-01,2027-05-01,2028-01-01,2028-04-01,2027-01-01,base,2028-04-01,True,True,True,0.0,0.0,5,0.4083333333333333,8000,40.0,50.0,5760000,2352000.0,3.5,8232000.0,14700.0,911400.0,4200000.0,423360.0,5534760.0,2697240.0,0.0,0.0,0.0,3963993.2608569064,7063843.054690062,635745874.9221057,11027836.315546969,0.0,0.0,2697240.0,2697240.0,-8330596.315546969,-8330596.315546969,0.0,0.0,0.0,0.0,164640.0,2532600.0,0.22965520411556686,-4332428.7005,66820423.37584066,-0.0648368938959225,-8495236.315546969,strategic_customer
S01,2028-10-01,Atlas East,Virginia,60,1.25,75.0,2028-01-01,2028-04-01,0,12000,3.5,62,4200000,0.18,0.25,0.82,18,9,0.42199999999999993,0.5780000000000001,0.074,8.0,0.15,2028-02-01,2027-06-01,2027-05-01,2028-01-01,2028-04-01,2027-01-01,base,2028-04-01,True,True,True,0.0,0.0,6,0.43999999999999995,9333,46.665000000000006,58.33125000000001,6943752,3055250.8799999994,3.5,10693378.079999998,19095.318000000003,1183909.7160000002,4200000.0,549945.1583999998,5933854.8744,4759523.205599998,0.0,0.0,0.0,3920432.895352985,7063843.054690063,628682031.8674157,10984275.950043049,839090.3102470133,209772.57756175334,4549750.628038244,4549750.628038244,-6434525.322004804,-6434525.322004804,0.0,0.0,0.0,0.0,213867.56159999996,4335883.066438245,0.3947354460283067,3454.3659382443875,77804699.3258837,4.439790871468872e-05,-6648392.883604804,strategic_customer
S01,2028-11-01,Atlas East,Virginia,60,1.25,75.0,2028-01-01,2028-04-01,0,12000,3.5,62,4200000,0.18,0.25,0.82,18,9,0.42199999999999993,0.5780000000000001,0.074,8.0,0.15,2028-02-01,2027-06-01,2027-05-01,2028-01-01,2028-04-01,2027-01-01,base,2028-04-01,True,True,True,0.0,0.0,7,0.4716666666666667,10666,53.33,66.6625,7679520,3622173.6,3.5,12677607.6,22638.584999999995,1403592.2699999998,4200000.0,651991.248,6255583.517999999,6422024.082,0.0,0.0,0.0,3876872.529849063,7063843.054690064,621618188.8127255,10940715.584539127,2545151.5521509373,636287.8880377343,5785736.193962266,5785736.193962266,-5154979.390576861,-5154979.390576861,0.0,0.0,0.0,0.0,253552.152,5532184.041962266,0.5056510243059488,5535638.40790051,88745414.91042283,0.06237661307334053,-5408531.542576861,strategic_customer
S01,2028-12-01,Atlas East,Virginia,60,1.25,75.0,2028-01-01,2028-04-01,0,12000,3.5,62,4200000,0.18,0.25,0.82,18,9,0.42199999999999993,0.5780000000000001,0.074,8.0,0.15,2028-02-01,2027-06-01,2027-05-01,2028-01-01,2028-04-01,2027-01-01,base,2028-04-01,True,True,True,0.0,0.0,8,0.5033333333333333,12000,60.0,75.0,8928000,4493760.0,3.5,15728160.0,28085.999999999996,1741331.9999999998,4200000.0,808876.7999999999,6750208.8,8977951.2,0.0,0.0,0.0,3833312.164345141,7063843.054690063,614554345.7580354,10897155.219035204,5144639.035654858,1286159.7589137144,7691791.441086285,7691791.441086285,-3205363.7779489197,-3205363.7779489197,0.0,0.0,0.0,0.0,314563.2,7377228.241086285,0.6769866164886508,12912866.648986794,99642570.12945804,0.1295918665306413,-3519926.97794892,strategic_customer
S01,2029-01-01,Atlas East,Virginia,60,1.25,75.0,2028-01-01,2028-04-01,0,12000,3.5,62,4200000,0.18,0.25,0.82,18,9,0.42199999999999993,0.5780000000000001,0.074,8.0,0.15,2028-02-01,2027-06-01,2027-05-01,2028-01-01,2028-04-01,2027-01-01,base,2028-04-01,True,True,True,0.0,0.0,9,0.5349999999999999,12000,60.0,75.0,8928000,4776479.999999999,3.5,16717679.999999996,29852.999999999996,1850885.9999999998,4200000.0,859766.3999999998,6910652.399999999,9807027.599999998,0.0,0.0,0.0,3789751.7988412185,7063843.054690062,607490502.7033454,10853594.85353128,6017275.801158779,1504318.9502896948,8302708.649710303,8302708.649710303,-2550886.2038209774,-2550886.2038209774,0.0,0.0,0.0,0.0,334353.5999999999,7968355.049710304,0.7341673571975789,20881221.698697098,110496164.98298931,0.18897689075373544,-2885239.803820977,strategic_customer
S01,2029-02-01,Atlas East,Virginia,60,1.25,75.0,2028-01-01,2028-04-01,0,12000,3.5,62,4200000,0.18,0.25,0.82,18,9,0.42199999999999993,0.5780000000000001,0.074,8.0,0.15,2028-02-01,2027-06-01,2027-05-01,2028-01-01,2028-04-01,2027-01-01,base,2028-04-01,True,True,True,0.0,0.0,10,0.5666666666666667,12000,60.0,75.0,8064000,4569600.0,3.5,15993600.0,28560.0,1770720.0,4200000.0,822528.0,6793248.0,9200352.0,0.0,0.0,0.0,3746191.433337297,7063843.054690063,600426659.6486554,10810034.48802736,5454160.566662703,1363540.1416656757,7836811.858334324,7836811.858334324,-2973222.629693036,-2973222.629693036,0.0,0.0,0.0,0.0,319872.0,7516939.858334324,0.6953668710918269,28398161.557031423,121306199.47101668,0.23410313471914937,-3293094.629693036,strategic_customer
S01,2029-03-01,Atlas East,Virginia,60,1.25,75.0,2028-01-01,2028-04-01,0,12000,3.5,62,4200000,0.18,0.25,0.82,18,9,0.42199999999999993,0.5780000000000001,0.074,8.0,0.15,2028-02-01,2027-06-01,2027-05-01,2028-01-01,2028-04-01,2027-01-01,base,2028-04-01,True,True,True,0.0,0.0,11,0.5983333333333334,12000,60.0,75.0,8928000,5341920.0,3.5,18696720.0,33387.0,2069994.0,4200000.0,961545.6,7231539.6,11465180.4,0.0,0.0,0.0,3702631.067833375,7063843.054690064,593362816.5939653,10766474.122523438,7762549.332166625,1940637.3330416563,9524543.066958344,9524543.066958344,-1241931.0555650946,-1241931.0555650946,0.0,0.0,0.0,0.0,373934.4,9150608.666958343,0.8499169331411193,37548770.22398977,132072673.59354012,0.2843038548575755,-1615865.455565095,strategic_customer
S01,2029-04-01,Atlas East,Virginia,60,1.25,75.0,2028-01-01,2028-04-01,0,12000,3.5,62,4200000,0.18,0.25,0.82,18,9,0.42199999999999993,0.5780000000000001,0.074,8.0,0.15,2028-02-01,2027-06-01,2027-05-01,2028-01-01,2028-04-01,2027-01-01,base,2028-04-01,True,True,True,0.0,0.0,12,0.6299999999999999,12000,60.0,75.0,8640000,5443199.999999999,3.5,19051199.999999996,34019.99999999999,2109239.9999999995,4200000.0,979775.9999999998,7289016.0,11762183.999999996,0.0,0.0,0.0,3659070.7023294526,7063843.054690063,586298973.5392752,10722913.757019516,8103113.297670543,2025778.3244176358,9736405.67558236,9736405.67558236,-986508.0814371556,-986508.0814371556,0.0,0.0,0.0,0.0,381023.99999999994,9355381.67558236,0.8724663731868653,50417323.64957213,131549949.20749304,0.38325612402973375,-1367532.0814371556,strategic_customer
S01,2029-05-01,Atlas East,Virginia,60,1.25,75.0,2028-01-01,2028-04-01,0,12000,3.5,62,4200000,0.18,0.25,0.82,18,9,0.42199999999999993,0.5780000000000001,0.074,8.0,0.15,2028-02-01,2027-06-01,2027-05-01,2028-01-01,2028-04-01,2027-01-01,base,2028-04-01,True,True,True,0.0,0.0,13,0.6616666666666666,12000,60.0,75.0,8928000,5907360.0,3.5,20675760.0,36921.0,2289102.0,4200000.0,1063324.8,7552426.8,13123333.2,0.0,0.0,0.0,3615510.33682553,7063843.054690062,579235130.4845852,10679353.391515592,9507822.863174468,2376955.715793617,10746377.484206382,10746377.484206382,67024.09269079007,67024.09269079007,0.0,0.0,0.0,0.0,413515.2,10332862.284206383,0.9675550480814236,63350944.51077851,131027224.82144599,0.48349451495373114,-346491.1073092092,strategic_customer
S01,2029-06-01,Atlas East,Virginia,60,1.25,75.0,2028-01-01,2028-04-01,0,12000,3.5,62,4200000,0.18,0.25,0.82,18,9,0.42199999999999993,0.5780000000000001,0.074,8.0,0.15,2028-02-01,2027-06-01,2027-05-01,2028-01-01,2028-04-01,2027-01-01,base,2028-04-01,True,True,True,0.0,0.0,14,0.6933333333333334,12000,60.0,75.0,8640000,5990400.0,3.5,20966400.0,37440.0,2321280.0,4200000.0,1078272.0,7599552.0,13366848.0,0.0,0.0,0.0,3571949.9713216084,7063843.054690063,572171287.4298952,10635793.026011672,9794898.028678391,2448724.507169598,10918123.492830403,10918123.492830403,282330.4668187313,282330.4668187313,0.0,0.0,0.0,0.0,419328.0,10498795.492830403,0.9871191990248195,75466620.00360891,130504500.43539892,0.5782683336730267,-136997.53318126872,strategic_customer
S01,2029-07-01,Atlas East,Virginia,60,1.25,75.0,2028-01-01,2028-04-01,0,12000,3.5,62,4200000,0.18,0.25,0.82,18,9,0.42199999999999993,0.5780000000000001,0.074,8.0,0.15,2028-02-01,2027-06-01,2027-05-01,2028-01-01,2028-04-01,2027-01-01,base,2028-04-01,True,True,True,0.0,0.0,15,0.725,12000,60.0,75.0,8928000,6472800.0,3.5,22654800.0,40455.0,2508210.0,4200000.0,1165104.0,7873314.0,14781486.0,0.0,0.0,0.0,3528389.6058176868,7063843.054690064,565107444.375205,10592232.66050775,11253096.394182313,2813274.0985455783,11968211.901454423,11968211.901454423,1375979.2409466729,1375979.2409466729,0.0,0.0,0.0,0.0,453096.0,11515115.901454423,1.0871283015135766,87263332.82056333,129981776.04935186,0.6713505190714654,922883.2409466729,strategic_customer
S01,2029-08-01,Atlas East,Virginia,60,1.25,75.0,2028-01-01,2028-04-01,0,12000,3.5,62,4200000,0.18,0.25,0.82,18,9,0.42199999999999993,0.5780000000000001,0.074,8.0,0.15,2028-02-01,2027-06-01,2027-05-01,2028-01-01,2028-04-01,2027-01-01,base,2028-04-01,True,True,True,0.0,0.0,16,0.7566666666666666,12000,60.0,75.0,8928000,6755519.999999999,3.5,23644319.999999996,42221.99999999999,2617763.9999999995,4200000.0,1215993.5999999999,8033757.6,15610562.399999997,0.0,0.0,0.0,3484829.240313764,7063843.054690063,558043601.3205149,10548672.295003828,12125733.159686232,3031433.289921558,12579129.11007844,12579129.11007844,2030456.8150746115,2030456.8150746115,0.0,0.0,0.0,0.0,472886.3999999999,12106242.710078439,1.147655588449015,98222196.98864178,129459051.66330478,0.7587124710607077,1557570.415074611,strategic_customer
S01,2029-09-01,Atlas East,Virginia,60,1.25,75.0,2028-01-01,2028-04-01,0,12000,3.5,62,4200000,0.18,0.25,0.82,18,9,0.42199999999999993,0.5780000000000001,0.074,8.0,0.15,2028-02-01,2027-06-01,2027-05-01,2028-01-01,2028-04-01,2027-01-01,base,2028-04-01,True,True,True,0.0,0.0,17,0.7883333333333332,12000,60.0,75.0,8640000,6811199.999999999,3.5,23839199.999999996,42569.99999999999,2639339.9999999995,4200000.0,1226015.9999999998,8065356.0,15773843.999999996,0.0,0.0,0.0,3441268.874809842,7063843.054690062,550979758.2658249,10505111.929499904,12332575.125190154,3083143.7812975384,12690700.218702458,12690700.218702458,2185588.289202554,2185588.289202554,0.0,0.0,0.0,0.0,476783.99999999994,12213916.218702458,1.1626640725648987,107903513.20734423,128936327.27725773,0.8368744130218192,1708804.2892025542,strategic_customer
S01,2029-10-01,Atlas East,Virginia,60,1.25,75.0,2028-01-01,2028-04-01,0,12000,3.5,62,4200000,0.18,0.25,0.82,18,9,0.42199999999999993,0.5780000000000001,0.074,8.0,0.15,2028-02-01,2027-06-01,2027-05-01,2028-01-01,2028-04-01,2027-01-01,base,2028-04-01,True,True,True,0.0,0.0,18,0.82,12000,60.0,75.0,8928000,7320960.0,3.5,25623360.0,45756.0,2836872.0,4200000.0,1317772.8,8354644.8,17268715.2,0.0,0.0,0.0,3397708.5093059205,7063843.054690063,543915915.2111349,10461551.563995983,13871006.690694079,3467751.6726735197,13800963.52732648,13800963.52732648,3339411.963330496,3339411.963330496,0.0,0.0,0.0,0.0,512467.2,13288496.32732648,1.2702223227632492,116856126.46823247,128413602.89121066,0.9099980363235393,2826944.763330497,strategic_customer
S01,2029-11-01,Atlas East,Virginia,60,1.25,75.0,2028-01-01,2028-04-01,0,12000,3.5,62,4200000,0.18,0.25,0.82,18,9,0.42199999999999993,0.5780000000000001,0.074,8.0,0.15,2028-02-01,2027-06-01,2027-05-01,2028-01-01,2028-04-01,2027-01-01,base,2028-04-01,True,True,True,0.0,0.0,19,0.82,12000,60.0,75.0,8640000,7084800.0,3.5,24796800.0,44280.0,2745360.0,4200000.0,1275264.0,8220624.0,16576176.0,0.0,0.0,0.0,3354148.143801999,7063843.054690064,536852072.15644485,10417991.198492063,13222027.856198002,3305506.9640495004,13270669.0359505,13270669.0359505,2852677.8374584373,2852677.8374584373,0.0,0.0,0.0,0.0,495936.0,12774733.0359505,1.226218451576304,124098675.46222071,127890878.5051636,0.9703481351659511,2356741.8374584373,strategic_customer
S01,2029-12-01,Atlas East,Virginia,60,1.25,75.0,2028-01-01,2028-04-01,0,12000,3.5,62,4200000,0.18,0.25,0.82,18,9,0.42199999999999993,0.5780000000000001,0.074,8.0,0.15,2028-02-01,2027-06-01,2027-05-01,2028-01-01,2028-04-01,2027-01-01,base,2028-04-01,True,True,True,0.0,0.0,20,0.82,12000,60.0,75.0,8928000,7320960.0,3.5,25623360.0,45756.0,2836872.0,4200000.0,1317772.8,8354644.8,17268715.2,0.0,0.0,0.0,3310587.7782980767,7063843.054690064,529788229.1017548,10374430.832988141,13958127.421701923,3489531.8554254808,13779183.344574519,13779183.344574519,3404752.5115863774,3404752.5115863774,0.0,0.0,0.0,0.0,512467.2,13266716.14457452,1.278789782123721,129988163.36570893,127368154.11911651,1.0205703636416223,2892285.311586378,strategic_customer
S01,2030-01-01,Atlas East,Virginia,60,1.25,75.0,2028-01-01,2028-04-01,0,12000,3.5,62,4200000,0.18,0.25,0.82,18,9,0.42199999999999993,0.5780000000000001,0.074,8.0,0.15,2028-02-01,2027-06-01,2027-05-01,2028-01-01,2028-04-01,2027-01-01,base,2028-04-01,True,True,True,0.0,0.0,21,0.82,12000,60.0,75.0,8928000,7320960.0,3.5,25623360.0,45756.0,2836872.0,4200000.0,1317772.8,8354644.8,17268715.2,0.0,0.0,0.0,3267027.4127941546,7063843.054690064,522724386.0470647,10330870.467484219,14001687.787205845,3500421.9468014613,13768293.253198538,13768293.253198538,3437422.785714319,3437422.785714319,0.0,0.0,0.0,0.0,512467.2,13255826.053198539,1.2831276991537583,135275634.36919716,126845429.73306946,1.0664604523305887,2924955.5857143197,strategic_customer
S01,2030-02-01,Atlas East,Virginia,60,1.25,75.0,2028-01-01,2028-04-01,0,12000,3.5,62,4200000,0.18,0.25,0.82,18,9,0.42199999999999993,0.5780000000000001,0.074,8.0,0.15,2028-02-01,2027-06-01,2027-05-01,2028-01-01,2028-04-01,2027-01-01,base,2028-04-01,True,True,True,0.0,0.0,22,0.82,12000,60.0,75.0,8064000,6612480.0,3.5,23143680.0,41328.0,2562336.0,4200000.0,1190246.4,7952582.4,15191097.6,0.0,0.0,0.0,3223467.0472902325,7063843.054690064,515660542.99237466,10287310.101980297,11967630.552709768,2991907.638177442,12199189.961822558,12199189.961822558,1911879.8598422613,1911879.8598422613,0.0,0.0,0.0,0.0,462873.60000000003,11736316.361822559,1.1408537553041518,139495010.8726854,126322705.3470224,1.104275042950333,1449006.2598422617,strategic_customer
S01,2030-03-01,Atlas East,Virginia,60,1.25,75.0,2028-01-01,2028-04-01,0,12000,3.5,62,4200000,0.18,0.25,0.82,18,9,0.42199999999999993,0.5780000000000001,0.074,8.0,0.15,2028-02-01,2027-06-01,2027-05-01,2028-01-01,2028-04-01,2027-01-01,base,2028-04-01,True,True,True,0.0,0.0,23,0.82,12000,60.0,75.0,8928000,7320960.0,3.5,25623360.0,45756.0,2836872.0,4200000.0,1317772.8,8354644.8,17268715.2,0.0,0.0,0.0,3179906.6817863104,7063843.054690064,508596699.9376846,10243749.736476375,14088808.51821369,3522202.1295534223,13746513.070446577,13746513.070446577,3502763.333970202,3502763.333970202,0.0,0.0,0.0,0.0,512467.2,13234045.870446578,1.2919142121680531,143578448.07617363,125799980.96097533,1.141323289394721,2990296.133970203,strategic_customer
S01,2030-04-01,Atlas East,Virginia,60,1.25,75.0,2028-01-01,2028-04-01,0,12000,3.5,62,4200000,0.18,0.25,0.82,18,9,0.42199999999999993,0.5780000000000001,0.074,8.0,0.15,2028-02-01,2027-06-01,2027-05-01,2028-01-01,2028-04-01,2027-01-01,base,2028-04-01,True,True,True,0.0,0.0,24,0.82,12000,60.0,75.0,8640000,7084800.0,3.5,24796800.0,44280.0,2745360.0,4200000.0,1275264.0,8220624.0,16576176.0,0.0,0.0,0.0,3136346.3162823883,7063843.054690064,501532856.88299453,10200189.370972453,13439829.683717612,3359957.420929403,13216218.579070598,13216218.579070598,3016029.208098145,3016029.208098145,0.0,0.0,0.0,0.0,495936.0,12720282.579070598,1.247063374653591,146943348.97966185,125277256.57492828,1.1729451378253568,2520093.208098145,strategic_customer
S01,2030-05-01,Atlas East,Virginia,60,1.25,75.0,2028-01-01,2028-04-01,0,12000,3.5,62,4200000,0.18,0.25,0.82,18,9,0.42199999999999993,0.5780000000000001,0.074,8.0,0.15,2028-02-01,2027-06-01,2027-05-01,2028-01-01,2028-04-01,2027-01-01,base,2028-04-01,True,True,True,0.0,0.0,25,0.82,12000,60.0,75.0,8928000,7320960.0,3.5,25623360.0,45756.0,2836872.0,4200000.0,1317772.8,8354644.8,17268715.2,0.0,0.0,0.0,3092785.950778466,7063843.054690064,494469013.82830447,10156629.00546853,14175929.249221534,3543982.3123053834,13724732.887694616,13724732.887694616,3568103.8822260853,3568103.8822260853,0.0,0.0,0.0,0.0,512467.2,13212265.687694617,1.3008514616986473,149822752.38315013,124754532.18888122,1.2009403566702896,3055636.682226086,strategic_customer
S01,2030-06-01,Atlas East,Virginia,60,1.25,75.0,2028-01-01,2028-04-01,0,12000,3.5,62,4200000,0.18,0.25,0.82,18,9,0.42199999999999993,0.5780000000000001,0.074,8.0,0.15,2028-02-01,2027-06-01,2027-05-01,2028-01-01,2028-04-01,2027-01-01,base,2028-04-01,True,True,True,0.0,0.0,26,0.82,12000,60.0,75.0,8640000,7084800.0,3.5,24796800.0,44280.0,2745360.0,4200000.0,1275264.0,8220624.0,16576176.0,0.0,0.0,0.0,3049225.585274544,7063843.054690064,487405170.7736144,10113068.639964608,13526950.414725456,3381737.603681364,13194438.396318637,13194438.396318637,3081369.7563540284,3081369.7563540284,0.0,0.0,0.0,0.0,495936.0,12698502.396318637,1.255652744819408,152022459.28663832,124231807.80283415,1.2236999684324819,2585433.7563540284,strategic_customer
S01,2030-07-01,Atlas East,Virginia,60,1.25,75.0,2028-01-01,2028-04-01,0,12000,3.5,62,4200000,0.18,0.25,0.82,18,9,0.42199999999999993,0.5780000000000001,0.074,8.0,0.15,2028-02-01,2027-06-01,2027-05-01,2028-01-01,2028-04-01,2027-01-01,base,2028-04-01,True,True,True,0.0,0.0,27,0.82,12000,60.0,75.0,8928000,7320960.0,3.5,25623360.0,45756.0,2836872.0,4200000.0,1317772.8,8354644.8,17268715.2,0.0,0.0,0.0,3005665.219770622,7063843.054690064,480341327.71892434,10069508.274460686,14263049.980229378,3565762.4950573444,13702952.704942655,13702952.704942655,3633444.4304819684,3633444.4304819684,0.0,0.0,0.0,0.0,512467.2,13190485.504942656,1.3099433602331616,153697828.89012656,123709083.41678709,1.242413448107967,3120977.230481969,strategic_customer
S01,2030-08-01,Atlas East,Virginia,60,1.25,75.0,2028-01-01,2028-04-01,0,12000,3.5,62,4200000,0.18,0.25,0.82,18,9,0.42199999999999993,0.5780000000000001,0.074,8.0,0.15,2028-02-01,2027-06-01,2027-05-01,2028-01-01,2028-04-01,2027-01-01,base,2028-04-01,True,True,True,0.0,0.0,28,0.82,12000,60.0,75.0,8928000,7320960.0,3.5,25623360.0,45756.0,2836872.0,4200000.0,1317772.8,8354644.8,17268715.2,0.0,0.0,0.0,2962104.8542667003,7063843.054690064,473277484.6642343,10025947.908956764,14306610.3457333,3576652.586433325,13692062.613566674,13692062.613566674,3666114.70460991,3666114.70460991,0.0,0.0,0.0,0.0,512467.2,13179595.413566675,1.3145485627142122,154771181.59361482,123186359.03074002,1.2563987020266838,3153647.504609911,strategic_customer
S01,2030-09-01,Atlas East,Virginia,60,1.25,75.0,2028-01-01,2028-04-01,0,12000,3.5,62,4200000,0.18,0.25,0.82,18,9,0.42199999999999993,0.5780000000000001,0.074,8.0,0.15,2028-02-01,2027-06-01,2027-05-01,2028-01-01,2028-04-01,2027-01-01,base,2028-04-01,True,True,True,0.0,0.0,29,0.82,12000,60.0,75.0,8640000,7084800.0,3.5,24796800.0,44280.0,2745360.0,4200000.0,1275264.0,8220624.0,16576176.0,0.0,0.0,0.0,2918544.488762778,7063843.054690064,466213641.6095442,9982387.543452842,13657631.511237223,3414407.8778093057,13161768.122190695,13161768.122190695,3179380.578737853,3179380.578737853,0.0,0.0,0.0,0.0,495936.0,12665832.122190695,1.2688179122536518,155223097.49710307,122663634.64469296,1.2654369646449963,2683444.578737853,strategic_customer
S01,2030-10-01,Atlas East,Virginia,60,1.25,75.0,2028-01-01,2028-04-01,0,12000,3.5,62,4200000,0.18,0.25,0.82,18,9,0.42199999999999993,0.5780000000000001,0.074,8.0,0.15,2028-02-01,2027-06-01,2027-05-01,2028-01-01,2028-04-01,2027-01-01,base,2028-04-01,True,True,True,0.0,0.0,30,0.82,12000,60.0,75.0,8928000,7320960.0,3.5,25623360.0,45756.0,2836872.0,4200000.0,1317772.8,8354644.8,17268715.2,0.0,0.0,0.0,2874984.123258856,7063843.054690064,459149798.55485415,9938827.17794892,14393731.076741144,3598432.769185286,13670282.430814713,13670282.430814713,3731455.252865793,3731455.252865793,0.0,0.0,0.0,0.0,512467.2,13157815.230814714,1.3238800710819985,155092416.40059128,122140910.25864589,1.2697827130333907,3218988.052865794,strategic_customer
S01,2030-11-01,Atlas East,Virginia,60,1.25,75.0,2028-01-01,2028-04-01,0,12000,3.5,62,4200000,0.18,0.25,0.82,18,9,0.42199999999999993,0.5780000000000001,0.074,8.0,0.15,2028-02-01,2027-06-01,2027-05-01,2028-01-01,2028-04-01,2027-01-01,base,2028-04-01,True,True,True,0.0,0.0,31,0.82,12000,60.0,75.0,8640000,7084800.0,3.5,24796800.0,44280.0,2745360.0,4200000.0,1275264.0,8220624.0,16576176.0,0.0,0.0,0.0,2831423.757754934,7063843.054690064,452085955.5001641,9895266.812444998,13744752.242245067,3436188.0605612667,13139987.939438734,13139987.939438734,3244721.1269937363,3244721.1269937363,0.0,0.0,0.0,0.0,495936.0,12644051.939438734,1.2777878736464858,154961735.3040795,121618185.87259883,1.2741658181483624,2748785.1269937363,strategic_customer
S01,2030-12-01,Atlas East,Virginia,60,1.25,75.0,2028-01-01,2028-04-01,0,12000,3.5,62,4200000,0.18,0.25,0.82,18,9,0.42199999999999993,0.5780000000000001,0.074,8.0,0.15,2028-02-01,2027-06-01,2027-05-01,2028-01-01,2028-04-01,2027-01-01,base,2028-04-01,True,True,True,0.0,0.0,32,0.82,12000,60.0,75.0,8928000,7320960.0,3.5,25623360.0,45756.0,2836872.0,4200000.0,1317772.8,8354644.8,17268715.2,0.0,0.0,0.0,2787863.392251012,7063843.054690064,445022112.445474,9851706.446941076,14480851.807748988,3620212.951937247,13648502.248062752,13648502.248062752,3796795.8011216763,3796795.8011216763,0.0,0.0,0.0,0.0,512467.2,13136035.048062753,1.3333766204677617,154831054.20756775,121095461.48655176,1.2785867637554897,3284328.601121677,strategic_customer
S01,2031-01-01,Atlas East,Virginia,60,1.25,75.0,2028-01-01,2028-04-01,0,12000,3.5,62,4200000,0.18,0.25,0.82,18,9,0.42199999999999993,0.5780000000000001,0.074,8.0,0.15,2028-02-01,2027-06-01,2027-05-01,2028-01-01,2028-04-01,2027-01-01,base,2028-04-01,True,True,True,0.0,0.0,33,0.82,12000,60.0,75.0,8928000,7320960.0,3.5,25623360.0,45756.0,2836872.0,4200000.0,1317772.8,8354644.8,17268715.2,0.0,0.0,0.0,2744303.02674709,7063843.054690064,437958269.39078397,9808146.081437154,14524412.17325291,3631103.0433132276,13637612.156686772,13637612.156686772,3829466.075249618,3829466.075249618,0.0,0.0,0.0,0.0,512467.2,13125144.956686772,1.338188159893678,154700373.111056,120572737.10050471,1.2830460420095118,3316998.8752496187,strategic_customer
S01,2031-02-01,Atlas East,Virginia,60,1.25,75.0,2028-01-01,2028-04-01,0,12000,3.5,62,4200000,0.18,0.25,0.82,18,9,0.42199999999999993,0.5780000000000001,0.074,8.0,0.15,2028-02-01,2027-06-01,2027-05-01,2028-01-01,2028-04-01,2027-01-01,base,2028-04-01,True,True,True,0.0,0.0,34,0.82,12000,60.0,75.0,8064000,6612480.0,3.5,23143680.0,41328.0,2562336.0,4200000.0,1190246.4,7952582.4,15191097.6,0.0,0.0,0.0,2700742.6612431677,7063843.054690064,430894426.3360939,9764585.715933232,12490354.938756831,3122588.7346892077,12068508.865310792,12068508.865310792,2303923.1493775602,2303923.1493775602,0.0,0.0,0.0,0.0,462873.60000000003,11605635.265310792,1.1885435391665877,154569692.01454422,120050012.71445765,1.287544153636973,1841049.5493775606,strategic_customer
S01,2031-03-01,Atlas East,Virginia,60,1.25,75.0,2028-01-01,2028-04-01,0,12000,3.5,62,4200000,0.18,0.25,0.82,18,9,0.42199999999999993,0.5780000000000001,0.074,8.0,0.15,2028-02-01,2027-06-01,2027-05-01,2028-01-01,2028-04-01,2027-01-01,base,2028-04-01,True,True,True,0.0,0.0,35,0.82,12000,60.0,75.0,8928000,7320960.0,3.5,25623360.0,45756.0,2836872.0,4200000.0,1317772.8,8354644.8,17268715.2,0.0,0.0,0.0,2657182.2957392456,7063843.054690064,423830583.28140384,9721025.35042931,14611532.904260755,3652883.2260651886,13615831.97393481,13615831.97393481,3894806.623505501,3894806.623505501,0.0,0.0,0.0,0.0,512467.2,13103364.773934811,1.3479406031336116,154439010.91803247,119527288.32841058,1.2920816081236546,3382339.423505502,strategic_customer
S01,2031-04-01,Atlas East,Virginia,60,1.25,75.0,2028-01-01,2028-04-01,0,12000,3.5,62,4200000,0.18,0.25,0.82,18,9,0.42199999999999993,0.5780000000000001,0.074,8.0,0.15,2028-02-01,2027-06-01,2027-05-01,2028-01-01,2028-04-01,2027-01-01,base,2028-04-01,True,True,True,0.0,0.0,36,0.82,12000,60.0,75.0,8640000,7084800.0,3.5,24796800.0,44280.0,2745360.0,4200000.0,1275264.0,8220624.0,16576176.0,0.0,0.0,0.0,2613621.9302353235,7063843.054690064,416766740.2267138,9677464.984925387,13962554.069764677,3490638.5174411694,13085537.482558832,13085537.482558832,3408072.497633444,3408072.497633444,0.0,0.0,0.0,0.0,495936.0,12589601.482558832,1.3009193525545881,154308329.8215207,119004563.9423635,1.2966589239069484,2912136.497633444,strategic_customer
S01,2031-05-01,Atlas East,Virginia,60,1.25,75.0,2028-01-01,2028-04-01,0,12000,3.5,62,4200000,0.18,0.25,0.82,18,9,0.42199999999999993,0.5780000000000001,0.074,8.0,0.15,2028-02-01,2027-06-01,2027-05-01,2028-01-01,2028-04-01,2027-01-01,base,2028-04-01,True,True,True,0.0,0.0,37,0.82,12000,60.0,75.0,8928000,7320960.0,3.5,25623360.0,45756.0,2836872.0,4200000.0,1317772.8,8354644.8,17268715.2,0.0,0.0,0.0,2570061.5647314014,7063843.054690064,409702897.1720237,9633904.619421465,14698653.635268599,3674663.4088171497,13594051.79118285,13594051.79118285,3960147.1717613842,3960147.1717613842,0.0,0.0,0.0,0.0,512467.2,13081584.59118285,1.3578694317578188,154177648.7250089,118481839.55631644,1.3012766285733237,3447679.971761385,strategic_customer
S01,2031-06-01,Atlas East,Virginia,60,1.25,75.0,2028-01-01,2028-04-01,0,12000,3.5,62,4200000,0.18,0.25,0.82,18,9,0.42199999999999993,0.5780000000000001,0.074,8.0,0.15,2028-02-01,2027-06-01,2027-05-01,2028-01-01,2028-04-01,2027-01-01,base,2028-04-01,True,True,True,0.0,0.0,38,0.82,12000,60.0,75.0,8640000,7084800.0,3.5,24796800.0,44280.0,2745360.0,4200000.0,1275264.0,8220624.0,16576176.0,0.0,0.0,0.0,2526501.1992274798,7063843.054690064,402639054.11733365,9590344.253917543,14049674.80077252,3512418.70019313,13063757.29980687,13063757.29980687,3473413.0458893273,3473413.0458893273,0.0,0.0,0.0,0.0,495936.0,12567821.29980687,1.3104661279153835,154046967.62849715,117959115.17026937,1.3059352590610431,2977477.0458893273,strategic_customer
S01,2031-07-01,Atlas East,Virginia,60,1.25,75.0,2028-01-01,2028-04-01,0,12000,3.5,62,4200000,0.18,0.25,0.82,18,9,0.42199999999999993,0.5780000000000001,0.074,8.0,0.15,2028-02-01,2027-06-01,2027-05-01,2028-01-01,2028-04-01,2027-01-01,base,2028-04-01,True,True,True,0.0,0.0,39,0.82,12000,60.0,75.0,8928000,7320960.0,3.5,25623360.0,45756.0,2836872.0,4200000.0,1317772.8,8354644.8,17268715.2,0.0,0.0,0.0,2482940.8337235576,7063843.054690064,395575211.0626436,9546783.888413621,14785774.366276441,3696443.5915691103,13572271.608430889,13572271.608430889,4025487.7200172674,4025487.7200172674,0.0,0.0,0.0,0.0,512467.2,13059804.40843089,1.3679794746669418,153916286.5319854,117436390.7842223,1.3106353618682924,3513020.520017268,strategic_customer
S01,2031-08-01,Atlas East,Virginia,60,1.25,75.0,2028-01-01,2028-04-01,0,12000,3.5,62,4200000,0.18,0.25,0.82,18,9,0.42199999999999993,0.5780000000000001,0.074,8.0,0.15,2028-02-01,2027-06-01,2027-05-01,2028-01-01,2028-04-01,2027-01-01,base,2028-04-01,True,True,True,0.0,0.0,40,0.82,12000,60.0,75.0,8928000,7320960.0,3.5,25623360.0,45756.0,2836872.0,4200000.0,1317772.8,8354644.8,17268715.2,0.0,0.0,0.0,2439380.4682196355,7063843.054690064,388511368.0079535,9503223.522909699,14829334.731780363,3707333.682945091,13561381.517054908,13561381.517054908,4058157.994145209,4058157.994145209,0.0,0.0,0.0,0.0,512467.2,13048914.317054909,1.3731040089289186,153785605.43547362,116913666.39817524,1.3153774932668938,3545690.7941452097,strategic_customer
S01,2031-09-01,Atlas East,Virginia,60,1.25,75.0,2028-01-01,2028-04-01,0,12000,3.5,62,4200000,0.18,0.25,0.82,18,9,0.42199999999999993,0.5780000000000001,0.074,8.0,0.15,2028-02-01,2027-06-01,2027-05-01,2028-01-01,2028-04-01,2027-01-01,base,2028-04-01,True,True,True,0.0,0.0,41,0.82,12000,60.0,75.0,8640000,7084800.0,3.5,24796800.0,44280.0,2745360.0,4200000.0,1275264.0,8220624.0,16576176.0,0.0,0.0,0.0,2395820.1027157134,7063843.054690064,381447524.95326346,9459663.157405777,14180355.897284286,3545088.9743210715,13031087.025678929,13031087.025678929,3571423.868273152,3571423.868273152,0.0,0.0,0.0,0.0,495936.0,12535151.025678929,1.325116002240039,153654924.33896184,116390942.01212819,1.320162219521779,3075487.868273152,strategic_customer
S01,2031-10-01,Atlas East,Virginia,60,1.25,75.0,2028-01-01,2028-04-01,0,12000,3.5,62,4200000,0.18,0.25,0.82,18,9,0.42199999999999993,0.5780000000000001,0.074,8.0,0.15,2028-02-01,2027-06-01,2027-05-01,2028-01-01,2028-04-01,2027-01-01,base,2028-04-01,True,True,True,0.0,0.0,42,0.82,12000,60.0,75.0,8928000,7320960.0,3.5,25623360.0,45756.0,2836872.0,4200000.0,1317772.8,8354644.8,17268715.2,0.0,0.0,0.0,2352259.7372117913,7063843.054690064,374383681.8985734,9416102.791901855,14916455.462788207,3729113.865697052,13539601.334302947,13539601.334302947,4123498.542401092,4123498.542401092,0.0,0.0,0.0,0.0,512467.2,13027134.134302948,1.3834953188389887,153524243.2424501,115868217.62608112,1.324990117116403,3611031.342401093,strategic_customer
S01,2031-11-01,Atlas East,Virginia,60,1.25,75.0,2028-01-01,2028-04-01,0,12000,3.5,62,4200000,0.18,0.25,0.82,18,9,0.42199999999999993,0.5780000000000001,0.074,8.0,0.15,2028-02-01,2027-06-01,2027-05-01,2028-01-01,2028-04-01,2027-01-01,base,2028-04-01,True,True,True,0.0,0.0,43,0.82,12000,60.0,75.0,8640000,7084800.0,3.5,24796800.0,44280.0,2745360.0,4200000.0,1275264.0,8220624.0,16576176.0,0.0,0.0,0.0,2308699.371707869,7063843.054690064,367319838.84388334,9372542.426397933,14267476.62829213,3566869.1570730326,13009306.842926968,13009306.842926968,3636764.416529035,3636764.416529035,0.0,0.0,0.0,0.0,495936.0,12513370.842926968,1.335109543775746,153393562.14593834,115345493.24003406,1.3298617729842832,3140828.416529035,strategic_customer
S01,2031-12-01,Atlas East,Virginia,60,1.25,75.0,2028-01-01,2028-04-01,0,12000,3.5,62,4200000,0.18,0.25,0.82,18,9,0.42199999999999993,0.5780000000000001,0.074,8.0,0.15,2028-02-01,2027-06-01,2027-05-01,2028-01-01,2028-04-01,2027-01-01,base,2028-04-01,True,True,True,0.0,0.0,44,0.82,12000,60.0,75.0,8928000,7320960.0,3.5,25623360.0,45756.0,2836872.0,4200000.0,1317772.8,8354644.8,17268715.2,0.0,0.0,0.0,2265139.006203947,7063843.054690064,360255995.7891933,9328982.06089401,15003576.193796052,3750894.048449013,13517821.151550986,13517821.151550986,4188839.0906569753,4188839.0906569753,0.0,0.0,0.0,0.0,512467.2,13005353.951550987,1.3940807117711045,153262881.04942656,114822768.85398698,1.3347777847468694,3676371.890656976,strategic_customer
S02,2027-01-01,Atlas Central,Texas,90,1.22,109.8,2028-07-01,2028-10-01,0,18000,3.4,48,5900000,0.17,0.22,0.85,20,12,0.42199999999999993,0.5780000000000001,0.074,8.0,0.15,2028-08-01,2027-10-01,2027-09-01,2028-07-01,2028-10-01,2027-04-01,base,2028-10-01,False,False,False,0.0,0.0,-21,0.0,0,0.0,0.0,0,0.0,3.4,0.0,0.0,0.0,0.0,0.0,0.0,0.0,0.0,0.0,0.0,0.0,0.0,0.0,0.0,0.0,0.0,0.0,0.0,0.0,0.0,0.0,0.0,0.0,0.0,0.0,0.0,,,,,0.0,strategic_customer
S02,2027-02-01,Atlas Central,Texas,90,1.22,109.8,2028-07-01,2028-10-01,0,18000,3.4,48,5900000,0.17,0.22,0.85,20,12,0.42199999999999993,0.5780000000000001,0.074,8.0,0.15,2028-08-01,2027-10-01,2027-09-01,2028-07-01,2028-10-01,2027-04-01,base,2028-10-01,False,False,False,0.0,0.0,-20,0.0,0,0.0,0.0,0,0.0,3.4,0.0,0.0,0.0,0.0,0.0,0.0,0.0,0.0,0.0,0.0,0.0,0.0,0.0,0.0,0.0,0.0,0.0,0.0,0.0,0.0,0.0,0.0,0.0,0.0,0.0,0.0,,,,,0.0,strategic_customer
S02,2027-03-01,Atlas Central,Texas,90,1.22,109.8,2028-07-01,2028-10-01,0,18000,3.4,48,5900000,0.17,0.22,0.85,20,12,0.42199999999999993,0.5780000000000001,0.074,8.0,0.15,2028-08-01,2027-10-01,2027-09-01,2028-07-01,2028-10-01,2027-04-01,base,2028-10-01,False,False,False,0.0,0.0,-19,0.0,0,0.0,0.0,0,0.0,3.4,0.0,0.0,0.0,0.0,0.0,0.0,0.0,0.0,0.0,0.0,0.0,0.0,0.0,0.0,0.0,0.0,0.0,0.0,0.0,0.0,0.0,0.0,0.0,0.0,0.0,0.0,,,,,0.0,strategic_customer
S02,2027-04-01,Atlas Central,Texas,90,1.22,109.8,2028-07-01,2028-10-01,0,18000,3.4,48,5900000,0.17,0.22,0.85,20,12,0.42199999999999993,0.5780000000000001,0.074,8.0,0.15,2028-08-01,2027-10-01,2027-09-01,2028-07-01,2028-10-01,2027-04-01,base,2028-10-01,False,False,False,3316390.6445284584,0.0,-18,0.0,0,0.0,0.0,0,0.0,3.4,0.0,0.0,0.0,0.0,0.0,0.0,0.0,3316390.6445284584,0.0,0.0,0.0,0.0,0.0,0.0,0.0,0.0,0.0,-3316390.6445284584,-3316390.6445284584,0.0,0.0,397966.877343415,165819.53222642292,2918423.7671850435,0.0,0.0,,,,,-2918423.7671850435,strategic_customer
S02,2027-05-01,Atlas Central,Texas,90,1.22,109.8,2028-07-01,2028-10-01,0,18000,3.4,48,5900000,0.17,0.22,0.85,20,12,0.42199999999999993,0.5780000000000001,0.074,8.0,0.15,2028-08-01,2027-10-01,2027-09-01,2028-07-01,2028-10-01,2027-04-01,base,2028-10-01,False,False,False,17457676.017581023,0.0,-17,0.0,0,0.0,0.0,0,0.0,3.4,0.0,0.0,0.0,0.0,0.0,0.0,0.0,17457676.017581023,0.0,0.0,0.0,0.0,0.0,0.0,0.0,0.0,0.0,-17457676.017581023,-17457676.017581023,0.0,0.0,2094921.1221097228,872883.8008790512,15362754.8954713,0.0,0.0,,,,,-15362754.8954713,strategic_customer
S02,2027-06-01,Atlas Central,Texas,90,1.22,109.8,2028-07-01,2028-10-01,0,18000,3.4,48,5900000,0.17,0.22,0.85,20,12,0.42199999999999993,0.5780000000000001,0.074,8.0,0.15,2028-08-01,2027-10-01,2027-09-01,2028-07-01,2028-10-01,2027-04-01,base,2028-10-01,False,False,False,23670974.224067587,0.0,-16,0.0,0,0.0,0.0,0,0.0,3.4,0.0,0.0,0.0,0.0,0.0,0.0,0.0,23670974.224067587,0.0,0.0,0.0,0.0,0.0,0.0,0.0,0.0,0.0,-23670974.224067587,-23670974.224067587,0.0,0.0,2840516.9068881106,1183548.7112033793,20830457.31717948,0.0,0.0,,,,,-20830457.31717948,strategic_customer
S02,2027-07-01,Atlas Central,Texas,90,1.22,109.8,2028-07-01,2028-10-01,0,18000,3.4,48,5900000,0.17,0.22,0.85,20,12,0.42199999999999993,0.5780000000000001,0.074,8.0,0.15,2028-08-01,2027-10-01,2027-09-01,2028-07-01,2028-10-01,2027-04-01,base,2028-10-01,False,False,False,18639894.619459696,0.0,-15,0.0,0,0.0,0.0,0,0.0,3.4,0.0,0.0,0.0,0.0,0.0,0.0,0.0,18639894.619459696,0.0,0.0,0.0,0.0,0.0,0.0,0.0,0.0,0.0,-18639894.619459696,-18639894.619459696,0.0,0.0,2236787.3543351633,931994.7309729848,16403107.265124533,0.0,0.0,,,,,-16403107.265124533,strategic_customer
S02,2027-08-01,Atlas Central,Texas,90,1.22,109.8,2028-07-01,2028-10-01,0,18000,3.4,48,5900000,0.17,0.22,0.85,20,12,0.42199999999999993,0.5780000000000001,0.074,8.0,0.15,2028-08-01,2027-10-01,2027-09-01,2028-07-01,2028-10-01,2027-04-01,base,2028-10-01,False,False,False,13608815.014851812,0.0,-14,0.0,0,0.0,0.0,0,0.0,3.4,0.0,0.0,0.0,0.0,0.0,0.0,0.0,13608815.014851812,0.0,0.0,0.0,0.0,0.0,0.0,0.0,0.0,0.0,-13608815.014851812,-13608815.014851812,0.0,0.0,1633057.8017822173,680440.7507425906,11975757.213069595,0.0,0.0,,,,,-11975757.213069595,strategic_customer
S02,2027-09-01,Atlas Central,Texas,90,1.22,109.8,2028-07-01,2028-10-01,0,18000,3.4,48,5900000,0.17,0.22,0.85,20,12,0.42199999999999993,0.5780000000000001,0.074,8.0,0.15,2028-08-01,2027-10-01,2027-09-01,2028-07-01,2028-10-01,2027-04-01,base,2028-10-01,False,False,False,10466790.882507797,0.0,-13,0.0,0,0.0,0.0,0,0.0,3.4,0.0,0.0,0.0,0.0,0.0,0.0,0.0,10466790.882507797,0.0,0.0,0.0,0.0,0.0,0.0,0.0,0.0,0.0,-10466790.882507797,-10466790.882507797,0.0,0.0,1256014.9059009356,523339.5441253899,9210775.97660686,0.0,0.0,,,,,-9210775.97660686,strategic_customer
S02,2027-10-01,Atlas Central,Texas,90,1.22,109.8,2028-07-01,2028-10-01,0,18000,3.4,48,5900000,0.17,0.22,0.85,20,12,0.42199999999999993,0.5780000000000001,0.074,8.0,0.15,2028-08-01,2027-10-01,2027-09-01,2028-07-01,2028-10-01,2027-04-01,base,2028-10-01,False,False,False,26140636.091857504,0.0,-12,0.0,0,0.0,0.0,0,0.0,3.4,0.0,0.0,0.0,0.0,0.0,0.0,0.0,26140636.091857504,0.0,0.0,0.0,0.0,0.0,0.0,0.0,0.0,0.0,-26140636.091857504,-26140636.091857504,0.0,0.0,3136876.3310229005,1307031.8045928753,23003759.760834605,0.0,0.0,,,,,-23003759.760834605,strategic_customer
S02,2027-11-01,Atlas Central,Texas,90,1.22,109.8,2028-07-01,2028-10-01,0,18000,3.4,48,5900000,0.17,0.22,0.85,20,12,0.42199999999999993,0.5780000000000001,0.074,8.0,0.15,2028-08-01,2027-10-01,2027-09-01,2028-07-01,2028-10-01,2027-04-01,base,2028-10-01,False,False,False,44831892.07470498,0.0,-11,0.0,0,0.0,0.0,0,0.0,3.4,0.0,0.0,0.0,0.0,0.0,0.0,0.0,44831892.07470498,0.0,0.0,0.0,0.0,0.0,0.0,0.0,0.0,0.0,-44831892.07470498,-44831892.07470498,0.0,0.0,5379827.048964597,2241594.603735249,39452065.025740385,0.0,0.0,,,,,-39452065.025740385,strategic_customer
S02,2027-12-01,Atlas Central,Texas,90,1.22,109.8,2028-07-01,2028-10-01,0,18000,3.4,48,5900000,0.17,0.22,0.85,20,12,0.42199999999999993,0.5780000000000001,0.074,8.0,0.15,2028-08-01,2027-10-01,2027-09-01,2028-07-01,2028-10-01,2027-04-01,base,2028-10-01,False,False,False,79370501.65711725,0.0,-10,0.0,0,0.0,0.0,0,0.0,3.4,0.0,0.0,0.0,0.0,0.0,0.0,0.0,79370501.65711725,0.0,0.0,0.0,0.0,0.0,0.0,0.0,0.0,0.0,-79370501.65711725,-79370501.65711725,0.0,0.0,9524460.19885407,3968525.0828558626,69846041.45826317,0.0,0.0,,0.0,0.0,,-69846041.45826317,strategic_customer
S02,2028-01-01,Atlas Central,Texas,90,1.22,109.8,2028-07-01,2028-10-01,0,18000,3.4,48,5900000,0.17,0.22,0.85,20,12,0.42199999999999993,0.5780000000000001,0.074,8.0,0.15,2028-08-01,2027-10-01,2027-09-01,2028-07-01,2028-10-01,2027-04-01,base,2028-10-01,False,False,False,113909111.23952954,0.0,-9,0.0,0,0.0,0.0,0,0.0,3.4,0.0,0.0,0.0,0.0,0.0,0.0,0.0,81158080.77406263,32751030.465466898,201964.68787037922,0.0,0.0,32952995.153337277,0.0,0.0,0.0,0.0,-113909111.23952954,-81158080.77406263,-3.725290298461914e-09,0.0,13669093.348743543,5695455.5619764775,67488987.42531909,0.0,0.0,,0.0,0.0,,-67488987.42531909,strategic_customer
S02,2028-02-01,Atlas Central,Texas,90,1.22,109.8,2028-07-01,2028-10-01,0,18000,3.4,48,5900000,0.17,0.22,0.85,20,12,0.42199999999999993,0.5780000000000001,0.074,8.0,0.15,2028-08-01,2027-10-01,2027-09-01,2028-07-01,2028-10-01,2027-04-01,base,2028-10-01,False,False,False,148447720.8219418,0.0,-8,0.0,0,0.0,0.0,0,0.0,3.4,0.0,0.0,0.0,0.0,0.0,0.0,0.0,62644938.18685943,85802782.63508236,732327.2963619211,0.0,0.0,119488105.08478156,0.0,0.0,0.0,0.0,-148447720.8219418,-62644938.18685943,0.0,0.0,17813726.498633016,7422386.04109709,44831211.68822642,0.0,0.0,,0.0,0.0,,-44831211.68822642,strategic_customer
S02,2028-03-01,Atlas Central,Texas,90,1.22,109.8,2028-07-01,2028-10-01,0,18000,3.4,48,5900000,0.17,0.22,0.85,20,12,0.42199999999999993,0.5780000000000001,0.074,8.0,0.15,2028-08-01,2027-10-01,2027-09-01,2028-07-01,2028-10-01,2027-04-01,base,2028-10-01,False,False,False,178597012.8035557,0.0,-7,0.0,0,0.0,0.0,0,0.0,3.4,0.0,0.0,0.0,0.0,0.0,0.0,0.0,75367939.40310049,103229073.4004552,1373422.60065896,0.0,0.0,224090601.08589572,0.0,0.0,0.0,0.0,-178597012.8035557,-75367939.40310049,0.0,0.0,21431641.536426682,8929850.640177784,53936297.86667381,0.0,0.0,,0.0,0.0,,-53936297.86667381,strategic_customer
S02,2028-04-01,Atlas Central,Texas,90,1.22,109.8,2028-07-01,2028-10-01,0,18000,3.4,48,5900000,0.17,0.22,0.85,20,12,0.42199999999999993,0.5780000000000001,0.074,8.0,0.15,2028-08-01,2027-10-01,2027-09-01,2028-07-01,2028-10-01,2027-04-01,base,2028-10-01,False,False,False,179266464.37724733,0.0,-6,0.0,0,0.0,0.0,0,0.0,3.4,0.0,0.0,0.0,0.0,0.0,0.0,0.0,75650447.96719836,103616016.41004898,2020857.4745583255,0.0,0.0,329727474.97050303,0.0,0.0,0.0,0.0,-179266464.37724733,-75650447.96719836,0.0,0.0,21511975.72526968,8963323.218862368,54138472.24192868,0.0,0.0,,0.0,0.0,,-54138472.24192868,strategic_customer
S02,2028-05-01,Atlas Central,Texas,90,1.22,109.8,2028-07-01,2028-10-01,0,18000,3.4,48,5900000,0.17,0.22,0.85,20,12,0.42199999999999993,0.5780000000000001,0.074,8.0,0.15,2028-08-01,2027-10-01,2027-09-01,2028-07-01,2028-10-01,2027-04-01,base,2028-10-01,False,False,False,160148271.16329423,0.0,-5,0.0,0,0.0,0.0,0,0.0,3.4,0.0,0.0,0.0,0.0,0.0,0.0,0.0,67582570.43091016,92565700.73238407,2604141.250167804,0.0,0.0,424897316.9530549,0.0,0.0,0.0,0.0,-160148271.16329423,-67582570.43091016,0.0,0.0,19217792.539595306,8007413.558164712,48364777.89131485,0.0,0.0,,0.0,0.0,,-48364777.89131485,strategic_customer
S02,2028-06-01,Atlas Central,Texas,90,1.22,109.8,2028-07-01,2028-10-01,0,18000,3.4,48,5900000,0.17,0.22,0.85,20,12,0.42199999999999993,0.5780000000000001,0.074,8.0,0.15,2028-08-01,2027-10-01,2027-09-01,2028-07-01,2028-10-01,2027-04-01,base,2028-10-01,False,False,False,81667143.58640671,0.0,-4,0.0,0,0.0,0.0,0,0.0,3.4,0.0,0.0,0.0,0.0,0.0,0.0,0.0,34463534.59346362,47203608.992943086,2911289.0433336543,0.0,0.0,475012214.98933166,0.0,0.0,0.0,0.0,-81667143.58640671,-34463534.59346362,0.0,0.0,9800057.230368804,4083357.1793203354,24663477.363094818,0.0,0.0,,0.0,0.0,,-24663477.363094818,strategic_customer
S02,2028-07-01,Atlas Central,Texas,90,1.22,109.8,2028-07-01,2028-10-01,0,18000,3.4,48,5900000,0.17,0.22,0.85,20,12,0.42199999999999993,0.5780000000000001,0.074,8.0,0.15,2028-08-01,2027-10-01,2027-09-01,2028-07-01,2028-10-01,2027-04-01,base,2028-10-01,True,False,False,117792362.41483936,36258992.80575539,-3,0.0,0,0.0,0.0,0,0.0,3.4,0.0,0.0,0.0,0.0,0.0,0.0,0.0,49708376.9390622,68083985.47577715,3349093.2362015047,0.0,0.0,546445293.7013104,0.0,0.0,0.0,0.0,-117792362.41483936,-49708376.93906221,0.0,0.0,14135083.489780722,5889618.120741968,35573293.44928148,0.0,0.0,,0.0,0.0,,-35573293.449281484,strategic_customer
S02,2028-08-01,Atlas Central,Texas,90,1.22,109.8,2028-07-01,2028-10-01,0,18000,3.4,48,5900000,0.17,0.22,0.85,20,12,0.42199999999999993,0.5780000000000001,0.074,8.0,0.15,2028-08-01,2027-10-01,2027-09-01,2028-07-01,2028-10-01,2027-04-01,base,2028-10-01,True,True,False,279754673.3017609,215827338.12949637,-2,0.0,0,0.0,0.0,0,0.0,3.4,0.0,0.0,0.0,0.0,0.0,0.0,0.0,118056472.13334306,161698201.16841784,4366884.88502999,0.0,0.0,712510379.7547582,0.0,0.0,0.0,0.0,-279754673.3017609,-118056472.13334307,-2.9802322387695312e-08,0.0,33570560.79621131,13987733.665088046,84485911.33713174,0.0,0.0,,0.0,0.0,,-84485911.33713177,strategic_customer
S02,2028-09-01,Atlas Central,Texas,90,1.22,109.8,2028-07-01,2028-10-01,0,18000,3.4,48,5900000,0.17,0.22,0.85,20,12,0.42199999999999993,0.5780000000000001,0.074,8.0,0.15,2028-08-01,2027-10-01,2027-09-01,2028-07-01,2028-10-01,2027-04-01,base,2028-10-01,True,True,False,431654676.25899273,431654676.25899273,-1,0.0,0,0.0,0.0,0,0.0,3.4,0.0,0.0,0.0,0.0,0.0,0.0,0.0,182158273.3812949,249496402.87769783,5932375.159566812,0.0,0.0,967939157.7920228,0.0,0.0,0.0,0.0,-431654676.25899273,-182158273.3812949,0.0,0.0,51798561.151079126,21582733.81294964,130359712.23021579,0.0,0.0,,0.0,0.0,,-130359712.23021579,strategic_customer
S02,2028-10-01,Atlas Central,Texas,90,1.22,109.8,2028-07-01,2028-10-01,0,18000,3.4,48,5900000,0.17,0.22,0.85,20,12,0.42199999999999993,0.5780000000000001,0.074,8.0,0.15,2028-08-01,2027-10-01,2027-09-01,2028-07-01,2028-10-01,2027-04-01,base,2028-10-01,True,True,True,36258992.80575539,36258992.80575539,0,0.22,1500,7.5,9.15,1116000,245520.0,3.4,834768.0,1497.672,71888.256,5900000.0,41738.4,6013626.656,-5178858.656,15301294.964028772,20957697.84172662,0.0,6098197.276408122,10301008.912851557,978595846.7208979,16399206.189259678,0.0,0.0,-5178858.656,-41437851.461755395,-36879359.80928846,-21578064.84525968,0.0,4351079.136690646,1812949.6402877697,10950215.827338126,16695.36,-5195554.016000001,-0.3168174090891498,-5195554.016000001,16399206.189259678,-0.3168174090891498,-32544976.032597806,strategic_customer
S02,2028-11-01,Atlas Central,Texas,90,1.22,109.8,2028-07-01,2028-10-01,0,18000,3.4,48,5900000,0.17,0.22,0.85,20,12,0.42199999999999993,0.5780000000000001,0.074,8.0,0.15,2028-08-01,2027-10-01,2027-09-01,2028-07-01,2028-10-01,2027-04-01,base,2028-10-01,True,True,True,0.0,0.0,1,0.2515,3000,15.0,18.3,2160000,543240.0,3.4,1847016.0,3313.764,159060.67200000002,5900000.0,92350.8,6151411.472,-4304395.472,0.0,0.0,0.0,6034674.388112204,10301008.912851557,968294837.8080463,16335683.300963761,0.0,0.0,-4304395.472,-4304395.472,-20640078.772963762,-20640078.772963762,0.0,0.0,0.0,0.0,36940.32,-4341335.792,-0.2657578328384876,-9536889.808000002,32734889.490223438,-0.29133716216907585,-20677019.092963763,strategic_customer
S02,2028-12-01,Atlas Central,Texas,90,1.22,109.8,2028-07-01,2028-10-01,0,18000,3.4,48,5900000,0.17,0.22,0.85,20,12,0.42199999999999993,0.5780000000000001,0.074,8.0,0.15,2028-08-01,2027-10-01,2027-09-01,2028-07-01,2028-10-01,2027-04-01,base,2028-10-01,True,True,True,0.0,0.0,2,0.28300000000000003,4500,22.5,27.45,3348000,947484.0000000001,3.4,3221445.6,5779.6524,277423.3152,5900000.0,161072.28000000003,6338495.5952,-3117049.9952000002,0.0,0.0,0.0,5971151.499816285,10301008.912851557,957993828.8951948,16272160.412667843,0.0,0.0,-3117049.9952000002,-3117049.9952000002,-19389210.40786784,-19389210.40786784,0.0,0.0,0.0,0.0,64428.912000000004,-3181478.9072000002,-0.1955166877978431,-12718368.715200001,49007049.90289128,-0.2595212064468638,-19453639.319867842,strategic_customer
S02,2029-01-01,Atlas Central,Texas,90,1.22,109.8,2028-07-01,2028-10-01,0,18000,3.4,48,5900000,0.17,0.22,0.85,20,12,0.42199999999999993,0.5780000000000001,0.074,8.0,0.15,2028-08-01,2027-10-01,2027-09-01,2028-07-01,2028-10-01,2027-04-01,base,2028-10-01,True,True,True,0.0,0.0,3,0.3145,6000,30.0,36.6,4464000,1403928.0,3.4,4773355.2,8563.9608,411070.11840000004,5900000.0,238667.76,6549737.8784,-1776382.6783999996,0.0,0.0,0.0,5907628.611520368,10301008.912851557,947692819.9823432,16208637.524371926,0.0,0.0,-1776382.6783999996,-1776382.6783999996,-17985020.202771924,-17985020.202771924,0.0,0.0,0.0,0.0,95467.104,-1871849.7823999997,-0.11548470866754931,-14590218.4976,65215687.42726321,-0.2237225286304443,-18080487.306771927,strategic_customer
S02,2029-02-01,Atlas Central,Texas,90,1.22,109.8,2028-07-01,2028-10-01,0,18000,3.4,48,5900000,0.17,0.22,0.85,20,12,0.42199999999999993,0.5780000000000001,0.074,8.0,0.15,2028-08-01,2027-10-01,2027-09-01,2028-07-01,2028-10-01,2027-04-01,base,2028-10-01,True,True,True,0.0,0.0,4,0.346,7500,37.5,45.75,5040000,1743839.9999999998,3.4,5929055.999999999,10637.423999999999,510596.35199999996,5900000.0,296452.8,6707049.152,-777993.1520000007,0.0,0.0,0.0,5844105.72322445,10301008.912851557,937391811.0694916,16145114.636076007,0.0,0.0,-777993.1520000007,-777993.1520000007,-16923107.788076006,-16923107.788076006,0.0,0.0,0.0,0.0,118581.11999999998,-896574.2720000007,-0.05553223326123801,-15486792.769600002,81360802.06333922,-0.1903471005305917,-17041688.908076007,strategic_customer
S02,2029-03-01,Atlas Central,Texas,90,1.22,109.8,2028-07-01,2028-10-01,0,18000,3.4,48,5900000,0.17,0.22,0.85,20,12,0.42199999999999993,0.5780000000000001,0.074,8.0,0.15,2028-08-01,2027-10-01,2027-09-01,2028-07-01,2028-10-01,2027-04-01,base,2028-10-01,True,True,True,0.0,0.0,5,0.3775,9000,45.0,54.9,6696000,2527740.0,3.4,8594316.0,15419.214,740122.272,5900000.0,429715.80000000005,7069838.072,1524477.9280000003,0.0,0.0,0.0,5780582.834928532,10301008.912851557,927090802.15664,16081591.747780088,0.0,0.0,1524477.9280000003,1524477.9280000003,-14557113.819780089,-14557113.819780089,0.0,0.0,0.0,0.0,171886.32,1352591.6080000002,0.08410806773444629,-14134201.161600001,97442393.8111193,-0.14505186714724497,-14729000.139780087,strategic_customer
S02,2029-04-01,Atlas Central,Texas,90,1.22,109.8,2028-07-01,2028-10-01,0,18000,3.4,48,5900000,0.17,0.22,0.85,20,12,0.42199999999999993,0.5780000000000001,0.074,8.0,0.15,2028-08-01,2027-10-01,2027-09-01,2028-07-01,2028-10-01,2027-04-01,base,2028-10-01,True,True,True,0.0,0.0,6,0.40900000000000003,10500,52.5,64.05,7560000,3092040.0,3.4,10512936.0,18861.444000000003,905349.3120000002,5900000.0,525646.8,7330996.112,3181939.8880000003,0.0,0.0,0.0,5717059.946632613,10301008.912851555,916789793.2437885,16018068.85948417,0.0,0.0,3181939.8880000003,3181939.8880000003,-12836128.97148417,-12836128.97148417,0.0,0.0,0.0,0.0,210258.72,2971681.168,0.18552056393742442,-11162519.993600002,113460462.67060347,-0.0983824649649706,-13046387.69148417,strategic_customer
S02,2029-05-01,Atlas Central,Texas,90,1.22,109.8,2028-07-01,2028-10-01,0,18000,3.4,48,5900000,0.17,0.22,0.85,20,12,0.42199999999999993,0.5780000000000001,0.074,8.0,0.15,2028-08-01,2027-10-01,2027-09-01,2028-07-01,2028-10-01,2027-04-01,base,2028-10-01,True,True,True,0.0,0.0,7,0.4405,12000,60.0,73.2,8928000,3932784.0,3.4,13371465.6,23989.9824,1151519.1552,5900000.0,668573.28,7720092.4352,5651373.164799999,0.0,0.0,0.0,5653537.058336696,10301008.912851555,906488784.3309369,15954545.97118825,0.0,0.0,5651373.164799999,5651373.164799999,-10303172.806388251,-10303172.806388251,0.0,0.0,0.0,0.0,267429.312,5383943.8527999995,0.33745515933343845,-5778576.140800002,129415008.64179173,-0.04465151454569341,-10570602.11838825,strategic_customer
S02,2029-06-01,Atlas Central,Texas,90,1.22,109.8,2028-07-01,2028-10-01,0,18000,3.4,48,5900000,0.17,0.22,0.85,20,12,0.42199999999999993,0.5780000000000001,0.074,8.0,0.15,2028-08-01,2027-10-01,2027-09-01,2028-07-01,2028-10-01,2027-04-01,base,2028-10-01,True,True,True,0.0,0.0,8,0.472,13500,67.5,82.35,9720000,4587840.0,3.4,15598656.0,27985.823999999997,1343319.552,5900000.0,779932.8,8023252.352,7575403.648,0.0,0.0,0.0,5590014.170040778,10301008.912851555,896187775.4180853,15891023.082892332,1985389.4779592222,496347.36948980554,7079056.278510194,7079056.278510194,-8811966.804382138,-8811966.804382138,0.0,0.0,0.0,0.0,311973.12,6767083.158510194,0.42584313943860397,988507.0177101921,145306031.72468406,0.006802931757046037,-9123939.924382139,strategic_customer
S02,2029-07-01,Atlas Central,Texas,90,1.22,109.8,2028-07-01,2028-10-01,0,18000,3.4,48,5900000,0.17,0.22,0.85,20,12,0.42199999999999993,0.5780000000000001,0.074,8.0,0.15,2028-08-01,2027-10-01,2027-09-01,2028-07-01,2028-10-01,2027-04-01,base,2028-10-01,True,True,True,0.0,0.0,9,0.5035000000000001,15000,75.0,91.5,11160000,5619060.000000001,3.4,19104804.000000004,34276.266,1645260.7680000002,5900000.0,955240.2000000002,8500500.968,10604303.032000003,0.0,0.0,0.0,5526491.281744859,10301008.912851555,885886766.5052338,15827500.194596414,5077811.750255144,1269452.937563786,9334850.094436217,9334850.094436217,-6492650.100160196,-6492650.100160196,0.0,0.0,0.0,0.0,382096.0800000001,8952754.014436217,0.56564548440143,9941261.03214641,161133531.91928047,0.06169579300928167,-6874746.1801601965,strategic_customer
S02,2029-08-01,Atlas Central,Texas,90,1.22,109.8,2028-07-01,2028-10-01,0,18000,3.4,48,5900000,0.17,0.22,0.85,20,12,0.42199999999999993,0.5780000000000001,0.074,8.0,0.15,2028-08-01,2027-10-01,2027-09-01,2028-07-01,2028-10-01,2027-04-01,base,2028-10-01,True,True,True,0.0,0.0,10,0.535,16500,82.5,100.64999999999999,12276000,6567660.0,3.4,22330044.0,40062.725999999995,1923010.8479999998,5900000.0,1116502.2000000002,8939513.048,13390530.952,0.0,0.0,0.0,5462968.393448941,10301008.912851555,875585757.5923822,15763977.306300497,7927562.558551058,1981890.6396377645,11408640.312362235,11408640.312362235,-4355336.993938262,-4355336.993938262,0.0,0.0,0.0,0.0,446600.88,10962039.432362234,0.6953853852594015,20903300.464508645,176897509.22558096,0.11816616613777534,-4801937.873938262,strategic_customer
S02,2029-09-01,Atlas Central,Texas,90,1.22,109.8,2028-07-01,2028-10-01,0,18000,3.4,48,5900000,0.17,0.22,0.85,20,12,0.42199999999999993,0.5780000000000001,0.074,8.0,0.15,2028-08-01,2027-10-01,2027-09-01,2028-07-01,2028-10-01,2027-04-01,base,2028-10-01,True,True,True,0.0,0.0,11,0.5665,18000,90.0,109.8,12960000,7341840.0,3.4,24962256.0,44785.224,2149690.7520000003,5900000.0,1248112.8,9297803.552000001,15664452.447999999,0.0,0.0,0.0,5399445.505153024,10301008.912851555,865284748.6795306,15700454.41800458,10265006.942846976,2566251.735711744,13098200.712288255,13098200.712288255,-2602253.705716325,-2602253.705716325,0.0,0.0,0.0,0.0,499245.12,12598955.592288256,0.8024580217143483,33502256.0567969,192597963.64358553,0.17394917071291005,-3101498.825716324,strategic_customer
S02,2029-10-01,Atlas Central,Texas,90,1.22,109.8,2028-07-01,2028-10-01,0,18000,3.4,48,5900000,0.17,0.22,0.85,20,12,0.42199999999999993,0.5780000000000001,0.074,8.0,0.15,2028-08-01,2027-10-01,2027-09-01,2028-07-01,2028-10-01,2027-04-01,base,2028-10-01,True,True,True,0.0,0.0,12,0.598,18000,90.0,109.8,13392000,8008416.0,3.4,27228614.4,48851.3376,2344864.2048,5900000.0,1361430.7200000002,9606294.924800001,17622319.475199997,0.0,0.0,0.0,5335922.616857106,10301008.912851555,854983739.766679,15636931.529708661,12286396.858342892,3071599.214585723,14550720.260614274,14550720.260614274,-1086211.269094387,-1086211.269094387,0.0,0.0,0.0,0.0,544572.288,14006147.972614273,0.895709490445996,52703958.04541118,191835688.98403454,0.2747348959129156,-1630783.5570943877,strategic_customer
S02,2029-11-01,Atlas Central,Texas,90,1.22,109.8,2028-07-01,2028-10-01,0,18000,3.4,48,5900000,0.17,0.22,0.85,20,12,0.42199999999999993,0.5780000000000001,0.074,8.0,0.15,2028-08-01,2027-10-01,2027-09-01,2028-07-01,2028-10-01,2027-04-01,base,2028-10-01,True,True,True,0.0,0.0,13,0.6295000000000001,18000,90.0,109.8,12960000,8158320.000000001,3.4,27738288.000000004,49765.75200000001,2388756.0960000004,5900000.0,1386914.4000000004,9675670.496000001,18062617.504,0.0,0.0,0.0,5272399.728561187,10301008.912851555,844682730.8538275,15573408.641412742,12790217.775438813,3197554.4438597034,14865063.060140297,14865063.060140297,-708345.5812724456,-708345.5812724456,0.0,0.0,0.0,0.0,554765.7600000001,14310297.300140297,0.9188930714940861,71355591.13755147,191073414.3244835,0.3734459416545225,-1263111.3412724454,strategic_customer
S02,2029-12-01,Atlas Central,Texas,90,1.22,109.8,2028-07-01,2028-10-01,0,18000,3.4,48,5900000,0.17,0.22,0.85,20,12,0.42199999999999993,0.5780000000000001,0.074,8.0,0.15,2028-08-01,2027-10-01,2027-09-01,2028-07-01,2028-10-01,2027-04-01,base,2028-10-01,True,True,True,0.0,0.0,14,0.6609999999999999,18000,90.0,109.8,13392000,8852111.999999998,3.4,30097180.799999993,53997.88319999999,2591898.3935999996,5900000.0,1504859.0399999998,9996757.4336,20100423.366399996,0.0,0.0,0.0,5208876.840265269,10301008.912851555,834381721.9409759,15509885.753116824,14891546.526134726,3722886.6315336814,16377536.734866314,16377536.734866314,867650.9817494899,867650.9817494899,0.0,0.0,0.0,0.0,601943.6159999999,15775593.118866313,1.0171314843951118,90312663.16361779,190311139.6649325,0.47455268946749507,265707.3657494895,strategic_customer
S02,2030-01-01,Atlas Central,Texas,90,1.22,109.8,2028-07-01,2028-10-01,0,18000,3.4,48,5900000,0.17,0.22,0.85,20,12,0.42199999999999993,0.5780000000000001,0.074,8.0,0.15,2028-08-01,2027-10-01,2027-09-01,2028-07-01,2028-10-01,2027-04-01,base,2028-10-01,True,True,True,0.0,0.0,15,0.6925,18000,90.0,109.8,13392000,9273960.0,3.4,31531464.0,56571.155999999995,2715415.488,5900000.0,1576573.2000000002,10191988.688000001,21339475.312,0.0,0.0,0.0,5145353.951969352,10301008.912851555,824080713.0281243,15446362.864820907,16194121.360030647,4048530.340007662,17290944.971992336,17290944.971992336,1844582.1071714293,1844582.1071714293,0.0,0.0,0.0,0.0,630629.28,16660315.691992337,1.0785915000052348,108844828.63801013,189548865.00538146,0.5742309701243525,1213952.82717143,strategic_customer
S02,2030-02-01,Atlas Central,Texas,90,1.22,109.8,2028-07-01,2028-10-01,0,18000,3.4,48,5900000,0.17,0.22,0.85,20,12,0.42199999999999993,0.5780000000000001,0.074,8.0,0.15,2028-08-01,2027-10-01,2027-09-01,2028-07-01,2028-10-01,2027-04-01,base,2028-10-01,True,True,True,0.0,0.0,16,0.724,18000,90.0,109.8,12096000,8757504.0,3.4,29775513.599999998,53420.774399999995,2564197.1711999997,5900000.0,1488775.6800000002,9952972.8512,19822540.7488,0.0,0.0,0.0,5081831.063673433,10301008.912851553,813779704.1152728,15382839.976524986,14740709.685126565,3685177.4212816413,16137363.327518357,16137363.327518357,754523.3509933706,754523.3509933706,0.0,0.0,0.0,0.0,595510.272,15541853.055518357,1.0103370430451095,125283255.96552849,188786590.34583047,0.6636237019590596,159013.07899337076,strategic_customer
S02,2030-03-01,Atlas Central,Texas,90,1.22,109.8,2028-07-01,2028-10-01,0,18000,3.4,48,5900000,0.17,0.22,0.85,20,12,0.42199999999999993,0.5780000000000001,0.074,8.0,0.15,2028-08-01,2027-10-01,2027-09-01,2028-07-01,2028-10-01,2027-04-01,base,2028-10-01,True,True,True,0.0,0.0,17,0.7555,18000,90.0,109.8,13392000,10117656.0,3.4,34400030.4,61717.70159999999,2962449.6767999995,5900000.0,1720001.52,10582451.1968,23817579.203199998,0.0,0.0,0.0,5018308.175377515,10301008.912851553,803478695.2024212,15319317.088229068,18799271.027822483,4699817.756955621,19117761.446244378,19117761.446244378,3798444.35801531,3798444.35801531,0.0,0.0,0.0,0.0,688000.608,18429760.83824438,1.2030406272095047,142360425.19577286,188024315.68627942,0.7571383768964369,3110443.750015311,strategic_customer
S02,2030-04-01,Atlas Central,Texas,90,1.22,109.8,2028-07-01,2028-10-01,0,18000,3.4,48,5900000,0.17,0.22,0.85,20,12,0.42199999999999993,0.5780000000000001,0.074,8.0,0.15,2028-08-01,2027-10-01,2027-09-01,2028-07-01,2028-10-01,2027-04-01,base,2028-10-01,True,True,True,0.0,0.0,18,0.787,18000,90.0,109.8,12960000,10199520.0,3.4,34678368.0,62217.072,2986419.4560000002,5900000.0,1733918.4000000001,10620337.856,24058030.144,0.0,0.0,0.0,4954785.287081597,10301008.912851553,793177686.2895696,15255794.19993315,19103244.856918402,4775811.2142296005,19282218.929770403,19282218.929770403,4026424.729837252,4026424.729837252,0.0,0.0,0.0,0.0,693567.36,18588651.569770403,1.2184650190058186,157977395.59754324,187262041.0267284,0.8436167561315575,3332857.3698372524,strategic_customer
S02,2030-05-01,Atlas Central,Texas,90,1.22,109.8,2028-07-01,2028-10-01,0,18000,3.4,48,5900000,0.17,0.22,0.85,20,12,0.42199999999999993,0.5780000000000001,0.074,8.0,0.15,2028-08-01,2027-10-01,2027-09-01,2028-07-01,2028-10-01,2027-04-01,base,2028-10-01,True,True,True,0.0,0.0,19,0.8184999999999999,18000,90.0,109.8,13392000,10961351.999999998,3.4,37268596.79999999,66864.24719999998,3209483.865599999,5900000.0,1863429.8399999999,10972913.705599999,26295683.09439999,0.0,0.0,0.0,4891262.39878568,10301008.912851553,782876677.376718,15192271.311637234,21404420.695614308,5351105.173903577,20944577.92049641,20944577.92049641,5752306.608859178,5752306.608859178,0.0,0.0,0.0,0.0,745371.9359999998,20199205.98449641,1.3295711727464925,172792657.72923967,186499766.3671774,0.9265033468677306,5006934.672859177,strategic_customer
S02,2030-06-01,Atlas Central,Texas,90,1.22,109.8,2028-07-01,2028-10-01,0,18000,3.4,48,5900000,0.17,0.22,0.85,20,12,0.42199999999999993,0.5780000000000001,0.074,8.0,0.15,2028-08-01,2027-10-01,2027-09-01,2028-07-01,2028-10-01,2027-04-01,base,2028-10-01,True,True,True,0.0,0.0,20,0.85,18000,90.0,109.8,12960000,11016000.0,3.4,37454400.0,67197.59999999999,3225484.8,5900000.0,1872720.0000000002,10998204.8,26456195.2,0.0,0.0,0.0,4827739.510489761,10301008.912851553,772575668.4638665,15128748.423341315,21628455.689510237,5407113.922377559,21049081.27762244,21049081.27762244,5920332.854281124,5920332.854281124,0.0,0.0,0.0,0.0,749088.0,20299993.27762244,1.3418157741523875,186325567.84835193,185737491.70762637,1.0031661682050237,5171244.854281124,strategic_customer
S02,2030-07-01,Atlas Central,Texas,90,1.22,109.8,2028-07-01,2028-10-01,0,18000,3.4,48,5900000,0.17,0.22,0.85,20,12,0.42199999999999993,0.5780000000000001,0.074,8.0,0.15,2028-08-01,2027-10-01,2027-09-01,2028-07-01,2028-10-01,2027-04-01,base,2028-10-01,True,True,True,0.0,0.0,21,0.85,18000,90.0,109.8,13392000,11383200.0,3.4,38702880.0,69437.51999999999,3333000.9599999995,5900000.0,1935144.0000000002,11168144.959999999,27534735.04,0.0,0.0,0.0,4764216.622193843,10301008.912851553,762274659.5510149,15065225.535045397,22770518.417806156,5692629.604451539,21842105.435548462,21842105.435548462,6776879.900503065,6776879.900503065,0.0,0.0,0.0,0.0,774057.6,21068047.83554846,1.398455521727108,198440861.66946417,184975217.04807535,1.0727970202510377,6002822.300503064,strategic_customer
S02,2030-08-01,Atlas Central,Texas,90,1.22,109.8,2028-07-01,2028-10-01,0,18000,3.4,48,5900000,0.17,0.22,0.85,20,12,0.42199999999999993,0.5780000000000001,0.074,8.0,0.15,2028-08-01,2027-10-01,2027-09-01,2028-07-01,2028-10-01,2027-04-01,base,2028-10-01,True,True,True,0.0,0.0,22,0.85,18000,90.0,109.8,13392000,11383200.0,3.4,38702880.0,69437.51999999999,3333000.9599999995,5900000.0,1935144.0000000002,11168144.959999999,27534735.04,0.0,0.0,0.0,4700693.733897925,10301008.912851553,751973650.6381633,15001702.646749478,22834041.306102075,5708510.326525519,21826224.713474482,21826224.713474482,6824522.066725004,6824522.066725004,0.0,0.0,0.0,0.0,774057.6,21052167.11347448,1.403318517184181,208530989.3505764,184212942.38852435,1.1320105235101383,6050464.466725003,strategic_customer
S02,2030-09-01,Atlas Central,Texas,90,1.22,109.8,2028-07-01,2028-10-01,0,18000,3.4,48,5900000,0.17,0.22,0.85,20,12,0.42199999999999993,0.5780000000000001,0.074,8.0,0.15,2028-08-01,2027-10-01,2027-09-01,2028-07-01,2028-10-01,2027-04-01,base,2028-10-01,True,True,True,0.0,0.0,23,0.85,18000,90.0,109.8,12960000,11016000.0,3.4,37454400.0,67197.59999999999,3225484.8,5900000.0,1872720.0000000002,10998204.8,26456195.2,0.0,0.0,0.0,4637170.845602008,10301008.912851552,741672641.7253118,14938179.75845356,21819024.35439799,5454756.088599497,21001439.1114005,21001439.1114005,6063259.352946941,6063259.352946941,0.0,0.0,0.0,0.0,749088.0,20252351.1114005,1.355744236505096,216184384.86968866,183450667.72897333,1.1784333496625672,5314171.352946941,strategic_customer
S02,2030-10-01,Atlas Central,Texas,90,1.22,109.8,2028-07-01,2028-10-01,0,18000,3.4,48,5900000,0.17,0.22,0.85,20,12,0.42199999999999993,0.5780000000000001,0.074,8.0,0.15,2028-08-01,2027-10-01,2027-09-01,2028-07-01,2028-10-01,2027-04-01,base,2028-10-01,True,True,True,0.0,0.0,24,0.85,18000,90.0,109.8,13392000,11383200.0,3.4,38702880.0,69437.51999999999,3333000.9599999995,5900000.0,1935144.0000000002,11168144.959999999,27534735.04,0.0,0.0,0.0,4573647.957306089,10301008.912851552,731371632.8124602,14874656.87015764,22961087.082693912,5740271.770673478,21794463.269326523,21794463.269326523,6919806.3991688825,6919806.3991688825,0.0,0.0,0.0,0.0,774057.6,21020405.66932652,1.413169113937601,223198642.5664009,182688393.0694223,1.2217450644583892,6145748.799168881,strategic_customer
S02,2030-11-01,Atlas Central,Texas,90,1.22,109.8,2028-07-01,2028-10-01,0,18000,3.4,48,5900000,0.17,0.22,0.85,20,12,0.42199999999999993,0.5780000000000001,0.074,8.0,0.15,2028-08-01,2027-10-01,2027-09-01,2028-07-01,2028-10-01,2027-04-01,base,2028-10-01,True,True,True,0.0,0.0,25,0.85,18000,90.0,109.8,12960000,11016000.0,3.4,37454400.0,67197.59999999999,3225484.8,5900000.0,1872720.0000000002,10998204.8,26456195.2,0.0,0.0,0.0,4510125.069010171,10301008.912851552,721070623.8996086,14811133.981861722,21946070.130989827,5486517.532747457,20969677.66725254,20969677.66725254,6158543.685390819,6158543.685390819,0.0,0.0,0.0,0.0,749088.0,20220589.66725254,1.3652290021827798,229108934.93351313,181926118.40987128,1.2593515265210085,5409455.685390819,strategic_customer
S02,2030-12-01,Atlas Central,Texas,90,1.22,109.8,2028-07-01,2028-10-01,0,18000,3.4,48,5900000,0.17,0.22,0.85,20,12,0.42199999999999993,0.5780000000000001,0.074,8.0,0.15,2028-08-01,2027-10-01,2027-09-01,2028-07-01,2028-10-01,2027-04-01,base,2028-10-01,True,True,True,0.0,0.0,26,0.85,18000,90.0,109.8,13392000,11383200.0,3.4,38702880.0,69437.51999999999,3333000.9599999995,5900000.0,1935144.0000000002,11168144.959999999,27534735.04,0.0,0.0,0.0,4446602.180714253,10301008.912851552,710769614.986757,14747611.093565805,23088132.859285746,5772033.214821436,21762701.825178564,21762701.825178564,7015090.731612759,7015090.731612759,0.0,0.0,0.0,0.0,774057.6,20988644.225178562,1.4231894299365977,234321986.0398254,181163843.75032026,1.2934257807135492,6241033.131612757,strategic_customer
S02,2031-01-01,Atlas Central,Texas,90,1.22,109.8,2028-07-01,2028-10-01,0,18000,3.4,48,5900000,0.17,0.22,0.85,20,12,0.42199999999999993,0.5780000000000001,0.074,8.0,0.15,2028-08-01,2027-10-01,2027-09-01,2028-07-01,2028-10-01,2027-04-01,base,2028-10-01,True,True,True,0.0,0.0,27,0.85,18000,90.0,109.8,13392000,11383200.0,3.4,38702880.0,69437.51999999999,3333000.9599999995,5900000.0,1935144.0000000002,11168144.959999999,27534735.04,0.0,0.0,0.0,4383079.292418335,10301008.912851552,700468606.0739055,14684088.205269886,23151655.747581664,5787913.936895416,21746821.103104584,21746821.103104584,7062732.897834698,7062732.897834698,0.0,0.0,0.0,0.0,774057.6,20972763.503104582,1.4282646092780749,238634433.85093763,180401569.09076926,1.3227957775182568,6288675.297834696,strategic_customer
S02,2031-02-01,Atlas Central,Texas,90,1.22,109.8,2028-07-01,2028-10-01,0,18000,3.4,48,5900000,0.17,0.22,0.85,20,12,0.42199999999999993,0.5780000000000001,0.074,8.0,0.15,2028-08-01,2027-10-01,2027-09-01,2028-07-01,2028-10-01,2027-04-01,base,2028-10-01,True,True,True,0.0,0.0,28,0.85,18000,90.0,109.8,12096000,10281600.0,3.4,34957440.0,62717.75999999999,3010452.4799999995,5900000.0,1747872.0000000002,10658324.48,24299115.52,0.0,0.0,0.0,4319556.404122417,10301008.912851552,690167597.1610539,14620565.31697397,19979559.115877584,4994889.778969396,19304225.741030604,19304225.741030604,4683660.424056634,4683660.424056634,0.0,0.0,0.0,0.0,699148.8,18605076.941030603,1.2725278768414483,241697657.7364499,179639294.4312182,1.3454609610983141,3984511.6240566336,strategic_customer
S02,2031-03-01,Atlas Central,Texas,90,1.22,109.8,2028-07-01,2028-10-01,0,18000,3.4,48,5900000,0.17,0.22,0.85,20,12,0.42199999999999993,0.5780000000000001,0.074,8.0,0.15,2028-08-01,2027-10-01,2027-09-01,2028-07-01,2028-10-01,2027-04-01,base,2028-10-01,True,True,True,0.0,0.0,29,0.85,18000,90.0,109.8,13392000,11383200.0,3.4,38702880.0,69437.51999999999,3333000.9599999995,5900000.0,1935144.0000000002,11168144.959999999,27534735.04,0.0,0.0,0.0,4256033.515826499,10301008.912851552,679866588.2482023,14557042.42867805,23278701.5241735,5819675.381043375,21715059.658956625,21715059.658956625,7158017.230278574,7158017.230278574,0.0,0.0,0.0,0.0,774057.6,20941002.058956623,1.4385478479956804,244208898.95716214,178877019.7716672,1.36523349544223,6383959.630278572,strategic_customer
S02,2031-04-01,Atlas Central,Texas,90,1.22,109.8,2028-07-01,2028-10-01,0,18000,3.4,48,5900000,0.17,0.22,0.85,20,12,0.42199999999999993,0.5780000000000001,0.074,8.0,0.15,2028-08-01,2027-10-01,2027-09-01,2028-07-01,2028-10-01,2027-04-01,base,2028-10-01,True,True,True,0.0,0.0,30,0.85,18000,90.0,109.8,12960000,11016000.0,3.4,37454400.0,67197.59999999999,3225484.8,5900000.0,1872720.0000000002,10998204.8,26456195.2,0.0,0.0,0.0,4192510.627530581,10301008.91285155,669565579.3353508,14493519.54038213,22263684.572469417,5565921.143117354,20890274.056882646,20890274.056882646,6396754.516500516,6396754.516500516,0.0,0.0,0.0,0.0,749088.0,20141186.056882646,1.3896683963315382,245761433.4442744,178114745.1121162,1.3797927470270768,5647666.516500516,strategic_customer
S02,2031-05-01,Atlas Central,Texas,90,1.22,109.8,2028-07-01,2028-10-01,0,18000,3.4,48,5900000,0.17,0.22,0.85,20,12,0.42199999999999993,0.5780000000000001,0.074,8.0,0.15,2028-08-01,2027-10-01,2027-09-01,2028-07-01,2028-10-01,2027-04-01,base,2028-10-01,True,True,True,0.0,0.0,31,0.85,18000,90.0,109.8,13392000,11383200.0,3.4,38702880.0,69437.51999999999,3333000.9599999995,5900000.0,1935144.0000000002,11168144.959999999,27534735.04,0.0,0.0,0.0,4128987.739234663,10301008.91285155,659264570.4224992,14429996.652086213,23405747.300765336,5851436.825191334,21683298.214808665,21683298.214808665,7253301.562722452,7253301.562722452,0.0,0.0,0.0,0.0,774057.6,20909240.614808664,1.4490121598043277,246471468.07458663,177352470.45256516,1.3897267258000112,6479243.9627224505,strategic_customer
S02,2031-06-01,Atlas Central,Texas,90,1.22,109.8,2028-07-01,2028-10-01,0,18000,3.4,48,5900000,0.17,0.22,0.85,20,12,0.42199999999999993,0.5780000000000001,0.074,8.0,0.15,2028-08-01,2027-10-01,2027-09-01,2028-07-01,2028-10-01,2027-04-01,base,2028-10-01,True,True,True,0.0,0.0,32,0.85,18000,90.0,109.8,12960000,11016000.0,3.4,37454400.0,67197.59999999999,3225484.8,5900000.0,1872720.0000000002,10998204.8,26456195.2,0.0,0.0,0.0,4065464.850938745,10301008.91285155,648963561.5096476,14366473.763790295,22390730.349061254,5597682.587265314,20858512.612734687,20858512.612734687,6492038.848944392,6492038.848944392,0.0,0.0,0.0,0.0,749088.0,20109424.612734687,1.399746725840206,246280899.40969884,176590195.79301414,1.3946465051682198,5742950.848944392,strategic_customer
S02,2031-07-01,Atlas Central,Texas,90,1.22,109.8,2028-07-01,2028-10-01,0,18000,3.4,48,5900000,0.17,0.22,0.85,20,12,0.42199999999999993,0.5780000000000001,0.074,8.0,0.15,2028-08-01,2027-10-01,2027-09-01,2028-07-01,2028-10-01,2027-04-01,base,2028-10-01,True,True,True,0.0,0.0,33,0.85,18000,90.0,109.8,13392000,11383200.0,3.4,38702880.0,69437.51999999999,3333000.9599999995,5900000.0,1935144.0000000002,11168144.959999999,27534735.04,0.0,0.0,0.0,4001941.962642827,10301008.91285155,638662552.596796,14302950.875494376,23532793.077357173,5883198.269339293,21651536.770660706,21651536.770660706,7348585.89516633,7348585.89516633,0.0,0.0,0.0,0.0,774057.6,20877479.170660704,1.459662369842201,246090330.74481112,175827921.13346314,1.3996089424160052,6574528.295166329,strategic_customer
S02,2031-08-01,Atlas Central,Texas,90,1.22,109.8,2028-07-01,2028-10-01,0,18000,3.4,48,5900000,0.17,0.22,0.85,20,12,0.42199999999999993,0.5780000000000001,0.074,8.0,0.15,2028-08-01,2027-10-01,2027-09-01,2028-07-01,2028-10-01,2027-04-01,base,2028-10-01,True,True,True,0.0,0.0,34,0.85,18000,90.0,109.8,13392000,11383200.0,3.4,38702880.0,69437.51999999999,3333000.9599999995,5900000.0,1935144.0000000002,11168144.959999999,27534735.04,0.0,0.0,0.0,3938419.074346909,10301008.91285155,628361543.6839445,14239427.987198459,23596315.96565309,5899078.991413273,21635656.048586726,21635656.048586726,7396228.061388267,7396228.061388267,0.0,0.0,0.0,0.0,774057.6,20861598.448586725,1.465058741639182,245899762.07992336,175065646.4739121,1.404614594768979,6622170.461388266,strategic_customer
S02,2031-09-01,Atlas Central,Texas,90,1.22,109.8,2028-07-01,2028-10-01,0,18000,3.4,48,5900000,0.17,0.22,0.85,20,12,0.42199999999999993,0.5780000000000001,0.074,8.0,0.15,2028-08-01,2027-10-01,2027-09-01,2028-07-01,2028-10-01,2027-04-01,base,2028-10-01,True,True,True,0.0,0.0,35,0.85,18000,90.0,109.8,12960000,11016000.0,3.4,37454400.0,67197.59999999999,3225484.8,5900000.0,1872720.0000000002,10998204.8,26456195.2,0.0,0.0,0.0,3874896.186050991,10301008.912851548,618060534.7710929,14175905.098902538,22581299.013949007,5645324.753487252,20810870.446512748,20810870.446512748,6634965.347610209,6634965.347610209,0.0,0.0,0.0,0.0,749088.0,20061782.446512748,1.415202931068287,245709193.4150356,174303371.8143611,1.4096640292003306,5885877.347610209,strategic_customer
S02,2031-10-01,Atlas Central,Texas,90,1.22,109.8,2028-07-01,2028-10-01,0,18000,3.4,48,5900000,0.17,0.22,0.85,20,12,0.42199999999999993,0.5780000000000001,0.074,8.0,0.15,2028-08-01,2027-10-01,2027-09-01,2028-07-01,2028-10-01,2027-04-01,base,2028-10-01,True,True,True,0.0,0.0,36,0.85,18000,90.0,109.8,13392000,11383200.0,3.4,38702880.0,69437.51999999999,3333000.9599999995,5900000.0,1935144.0000000002,11168144.959999999,27534735.04,0.0,0.0,0.0,3811373.297755073,10301008.912851548,607759525.8582413,14112382.21060662,23723361.742244925,5930840.435561231,21603894.604438767,21603894.604438767,7491512.393832147,7491512.393832147,0.0,0.0,0.0,0.0,774057.6,20829837.004438765,1.4759972266612382,245518624.75014785,173541097.15481004,1.41475782264491,6717454.793832146,strategic_customer
S02,2031-11-01,Atlas Central,Texas,90,1.22,109.8,2028-07-01,2028-10-01,0,18000,3.4,48,5900000,0.17,0.22,0.85,20,12,0.42199999999999993,0.5780000000000001,0.074,8.0,0.15,2028-08-01,2027-10-01,2027-09-01,2028-07-01,2028-10-01,2027-04-01,base,2028-10-01,True,True,True,0.0,0.0,37,0.85,18000,90.0,109.8,12960000,11016000.0,3.4,37454400.0,67197.59999999999,3225484.8,5900000.0,1872720.0000000002,10998204.8,26456195.2,0.0,0.0,0.0,3747850.4094591546,10301008.912851548,597458516.9453897,14048859.322310703,22708344.790540844,5677086.197635211,20779109.00236479,20779109.00236479,6730249.680054085,6730249.680054085,0.0,0.0,0.0,0.0,749088.0,20030021.00236479,1.4257400222205603,245328056.0852601,172778822.49525905,1.4198965622189708,5981161.680054085,strategic_customer
S02,2031-12-01,Atlas Central,Texas,90,1.22,109.8,2028-07-01,2028-10-01,0,18000,3.4,48,5900000,0.17,0.22,0.85,20,12,0.42199999999999993,0.5780000000000001,0.074,8.0,0.15,2028-08-01,2027-10-01,2027-09-01,2028-07-01,2028-10-01,2027-04-01,base,2028-10-01,True,True,True,0.0,0.0,38,0.85,18000,90.0,109.8,13392000,11383200.0,3.4,38702880.0,69437.51999999999,3333000.9599999995,5900000.0,1935144.0000000002,11168144.959999999,27534735.04,0.0,0.0,0.0,3684327.521163237,10301008.912851548,587157508.0325382,13985336.434014784,23850407.518836763,5962601.879709191,21572133.160290807,21572133.160290807,7586796.726276023,7586796.726276023,0.0,0.0,0.0,0.0,774057.6,20798075.560290806,1.4871344467413918,245137487.42037234,172016547.83570802,1.425080845445763,6812739.126276022,strategic_customer
S03,2027-01-01,Atlas West,Nevada,45,1.18,53.1,2029-01-01,2029-04-01,0,9000,3.65,55,3400000,0.19,0.2,0.8,16,8,0.42199999999999993,0.5780000000000001,0.074,8.0,0.15,2029-02-01,2028-03-01,2028-02-01,2029-01-01,2029-04-01,2027-09-01,base,2029-04-01,False,False,False,0.0,0.0,-27,0.0,0,0.0,0.0,0,0.0,3.65,0.0,0.0,0.0,0.0,0.0,0.0,0.0,0.0,0.0,0.0,0.0,0.0,0.0,0.0,0.0,0.0,0.0,0.0,0.0,0.0,0.0,0.0,0.0,0.0,0.0,0.0,,,,,0.0,strategic_customer
S03,2027-02-01,Atlas West,Nevada,45,1.18,53.1,2029-01-01,2029-04-01,0,9000,3.65,55,3400000,0.19,0.2,0.8,16,8,0.42199999999999993,0.5780000000000001,0.074,8.0,0.15,2029-02-01,2028-03-01,2028-02-01,2029-01-01,2029-04-01,2027-09-01,base,2029-04-01,False,False,False,0.0,0.0,-26,0.0,0,0.0,0.0,0,0.0,3.65,0.0,0.0,0.0,0.0,0.0,0.0,0.0,0.0,0.0,0.0,0.0,0.0,0.0,0.0,0.0,0.0,0.0,0.0,0.0,0.0,0.0,0.0,0.0,0.0,0.0,0.0,,,,,0.0,strategic_customer
S03,2027-03-01,Atlas West,Nevada,45,1.18,53.1,2029-01-01,2029-04-01,0,9000,3.65,55,3400000,0.19,0.2,0.8,16,8,0.42199999999999993,0.5780000000000001,0.074,8.0,0.15,2029-02-01,2028-03-01,2028-02-01,2029-01-01,2029-04-01,2027-09-01,base,2029-04-01,False,False,False,0.0,0.0,-25,0.0,0,0.0,0.0,0,0.0,3.65,0.0,0.0,0.0,0.0,0.0,0.0,0.0,0.0,0.0,0.0,0.0,0.0,0.0,0.0,0.0,0.0,0.0,0.0,0.0,0.0,0.0,0.0,0.0,0.0,0.0,0.0,,,,,0.0,strategic_customer
S03,2027-04-01,Atlas West,Nevada,45,1.18,53.1,2029-01-01,2029-04-01,0,9000,3.65,55,3400000,0.19,0.2,0.8,16,8,0.42199999999999993,0.5780000000000001,0.074,8.0,0.15,2029-02-01,2028-03-01,2028-02-01,2029-01-01,2029-04-01,2027-09-01,base,2029-04-01,False,False,False,0.0,0.0,-24,0.0,0,0.0,0.0,0,0.0,3.65,0.0,0.0,0.0,0.0,0.0,0.0,0.0,0.0,0.0,0.0,0.0,0.0,0.0,0.0,0.0,0.0,0.0,0.0,0.0,0.0,0.0,0.0,0.0,0.0,0.0,0.0,,,,,0.0,strategic_customer
S03,2027-05-01,Atlas West,Nevada,45,1.18,53.1,2029-01-01,2029-04-01,0,9000,3.65,55,3400000,0.19,0.2,0.8,16,8,0.42199999999999993,0.5780000000000001,0.074,8.0,0.15,2029-02-01,2028-03-01,2028-02-01,2029-01-01,2029-04-01,2027-09-01,base,2029-04-01,False,False,False,0.0,0.0,-23,0.0,0,0.0,0.0,0,0.0,3.65,0.0,0.0,0.0,0.0,0.0,0.0,0.0,0.0,0.0,0.0,0.0,0.0,0.0,0.0,0.0,0.0,0.0,0.0,0.0,0.0,0.0,0.0,0.0,0.0,0.0,0.0,,,,,0.0,strategic_customer
S03,2027-06-01,Atlas West,Nevada,45,1.18,53.1,2029-01-01,2029-04-01,0,9000,3.65,55,3400000,0.19,0.2,0.8,16,8,0.42199999999999993,0.5780000000000001,0.074,8.0,0.15,2029-02-01,2028-03-01,2028-02-01,2029-01-01,2029-04-01,2027-09-01,base,2029-04-01,False,False,False,0.0,0.0,-22,0.0,0,0.0,0.0,0,0.0,3.65,0.0,0.0,0.0,0.0,0.0,0.0,0.0,0.0,0.0,0.0,0.0,0.0,0.0,0.0,0.0,0.0,0.0,0.0,0.0,0.0,0.0,0.0,0.0,0.0,0.0,0.0,,,,,0.0,strategic_customer
S03,2027-07-01,Atlas West,Nevada,45,1.18,53.1,2029-01-01,2029-04-01,0,9000,3.65,55,3400000,0.19,0.2,0.8,16,8,0.42199999999999993,0.5780000000000001,0.074,8.0,0.15,2029-02-01,2028-03-01,2028-02-01,2029-01-01,2029-04-01,2027-09-01,base,2029-04-01,False,False,False,0.0,0.0,-21,0.0,0,0.0,0.0,0,0.0,3.65,0.0,0.0,0.0,0.0,0.0,0.0,0.0,0.0,0.0,0.0,0.0,0.0,0.0,0.0,0.0,0.0,0.0,0.0,0.0,0.0,0.0,0.0,0.0,0.0,0.0,0.0,,,,,0.0,strategic_customer
S03,2027-08-01,Atlas West,Nevada,45,1.18,53.1,2029-01-01,2029-04-01,0,9000,3.65,55,3400000,0.19,0.2,0.8,16,8,0.42199999999999993,0.5780000000000001,0.074,8.0,0.15,2029-02-01,2028-03-01,2028-02-01,2029-01-01,2029-04-01,2027-09-01,base,2029-04-01,False,False,False,0.0,0.0,-20,0.0,0,0.0,0.0,0,0.0,3.65,0.0,0.0,0.0,0.0,0.0,0.0,0.0,0.0,0.0,0.0,0.0,0.0,0.0,0.0,0.0,0.0,0.0,0.0,0.0,0.0,0.0,0.0,0.0,0.0,0.0,0.0,,,,,0.0,strategic_customer
S03,2027-09-01,Atlas West,Nevada,45,1.18,53.1,2029-01-01,2029-04-01,0,9000,3.65,55,3400000,0.19,0.2,0.8,16,8,0.42199999999999993,0.5780000000000001,0.074,8.0,0.15,2029-02-01,2028-03-01,2028-02-01,2029-01-01,2029-04-01,2027-09-01,base,2029-04-01,False,False,False,1841503.4761995617,0.0,-19,0.0,0,0.0,0.0,0,0.0,3.65,0.0,0.0,0.0,0.0,0.0,0.0,0.0,1841503.4761995617,0.0,0.0,0.0,0.0,0.0,0.0,0.0,0.0,0.0,-1841503.4761995617,-1841503.4761995617,0.0,0.0,220980.4171439474,92075.17380997809,1620523.0590556143,0.0,0.0,,,,,-1620523.0590556143,strategic_customer
S03,2027-10-01,Atlas West,Nevada,45,1.18,53.1,2029-01-01,2029-04-01,0,9000,3.65,55,3400000,0.19,0.2,0.8,16,8,0.42199999999999993,0.5780000000000001,0.074,8.0,0.15,2029-02-01,2028-03-01,2028-02-01,2029-01-01,2029-04-01,2027-09-01,base,2029-04-01,False,False,False,10019508.603094,0.0,-18,0.0,0,0.0,0.0,0,0.0,3.65,0.0,0.0,0.0,0.0,0.0,0.0,0.0,10019508.603094,0.0,0.0,0.0,0.0,0.0,0.0,0.0,0.0,0.0,-10019508.603094,-10019508.603094,0.0,0.0,1202341.03237128,500975.43015470007,8817167.57072272,0.0,0.0,,,,,-8817167.57072272,strategic_customer
S03,2027-11-01,Atlas West,Nevada,45,1.18,53.1,2029-01-01,2029-04-01,0,9000,3.65,55,3400000,0.19,0.2,0.8,16,8,0.42199999999999993,0.5780000000000001,0.074,8.0,0.15,2029-02-01,2028-03-01,2028-02-01,2029-01-01,2029-04-01,2027-09-01,base,2029-04-01,False,False,False,13479796.8163829,0.0,-17,0.0,0,0.0,0.0,0,0.0,3.65,0.0,0.0,0.0,0.0,0.0,0.0,0.0,13479796.8163829,0.0,0.0,0.0,0.0,0.0,0.0,0.0,0.0,0.0,-13479796.8163829,-13479796.8163829,0.0,0.0,1617575.6179659478,673989.8408191451,11862221.198416952,0.0,0.0,,,,,-11862221.198416952,strategic_customer
S03,2027-12-01,Atlas West,Nevada,45,1.18,53.1,2029-01-01,2029-04-01,0,9000,3.65,55,3400000,0.19,0.2,0.8,16,8,0.42199999999999993,0.5780000000000001,0.074,8.0,0.15,2029-02-01,2028-03-01,2028-02-01,2029-01-01,2029-04-01,2027-09-01,base,2029-04-01,False,False,False,10380864.639866699,0.0,-16,0.0,0,0.0,0.0,0,0.0,3.65,0.0,0.0,0.0,0.0,0.0,0.0,0.0,10380864.639866699,0.0,0.0,0.0,0.0,0.0,0.0,0.0,0.0,0.0,-10380864.639866699,-10380864.639866699,0.0,0.0,1245703.7567840037,519043.23199333495,9135160.883082695,0.0,0.0,,0.0,0.0,,-9135160.883082695,strategic_customer
S03,2028-01-01,Atlas West,Nevada,45,1.18,53.1,2029-01-01,2029-04-01,0,9000,3.65,55,3400000,0.19,0.2,0.8,16,8,0.42199999999999993,0.5780000000000001,0.074,8.0,0.15,2029-02-01,2028-03-01,2028-02-01,2029-01-01,2029-04-01,2027-09-01,base,2029-04-01,False,False,False,7281932.463350503,0.0,-15,0.0,0,0.0,0.0,0,0.0,3.65,0.0,0.0,0.0,0.0,0.0,0.0,0.0,7281932.463350503,0.0,0.0,0.0,0.0,0.0,0.0,0.0,0.0,0.0,-7281932.463350503,-7281932.463350503,0.0,0.0,873831.8956020602,364096.62316752516,6408100.567748442,0.0,0.0,,0.0,0.0,,-6408100.567748442,strategic_customer
S03,2028-02-01,Atlas West,Nevada,45,1.18,53.1,2029-01-01,2029-04-01,0,9000,3.65,55,3400000,0.19,0.2,0.8,16,8,0.42199999999999993,0.5780000000000001,0.074,8.0,0.15,2029-02-01,2028-03-01,2028-02-01,2029-01-01,2029-04-01,2027-09-01,base,2029-04-01,False,False,False,5284949.312321561,0.0,-14,0.0,0,0.0,0.0,0,0.0,3.65,0.0,0.0,0.0,0.0,0.0,0.0,0.0,5284949.312321561,0.0,0.0,0.0,0.0,0.0,0.0,0.0,0.0,0.0,-5284949.312321561,-5284949.312321561,0.0,0.0,634193.9174785874,264247.46561607806,4650755.394842974,0.0,0.0,,0.0,0.0,,-4650755.394842974,strategic_customer
S03,2028-03-01,Atlas West,Nevada,45,1.18,53.1,2029-01-01,2029-04-01,0,9000,3.65,55,3400000,0.19,0.2,0.8,16,8,0.42199999999999993,0.5780000000000001,0.074,8.0,0.15,2029-02-01,2028-03-01,2028-02-01,2029-01-01,2029-04-01,2027-09-01,base,2029-04-01,False,False,False,12707986.382705985,0.0,-13,0.0,0,0.0,0.0,0,0.0,3.65,0.0,0.0,0.0,0.0,0.0,0.0,0.0,12707986.382705985,0.0,0.0,0.0,0.0,0.0,0.0,0.0,0.0,0.0,-12707986.382705985,-12707986.382705985,0.0,0.0,1524958.365924718,635399.3191352993,11183028.016781267,0.0,0.0,,0.0,0.0,,-11183028.016781267,strategic_customer
S03,2028-04-01,Atlas West,Nevada,45,1.18,53.1,2029-01-01,2029-04-01,0,9000,3.65,55,3400000,0.19,0.2,0.8,16,8,0.42199999999999993,0.5780000000000001,0.074,8.0,0.15,2029-02-01,2028-03-01,2028-02-01,2029-01-01,2029-04-01,2027-09-01,base,2029-04-01,False,False,False,20188443.777989022,0.0,-12,0.0,0,0.0,0.0,0,0.0,3.65,0.0,0.0,0.0,0.0,0.0,0.0,0.0,20188443.777989022,0.0,0.0,0.0,0.0,0.0,0.0,0.0,0.0,0.0,-20188443.777989022,-20188443.777989022,0.0,0.0,2422613.2533586826,1009422.1888994512,17765830.524630338,0.0,0.0,,0.0,0.0,,-17765830.524630338,strategic_customer
S03,2028-05-01,Atlas West,Nevada,45,1.18,53.1,2029-01-01,2029-04-01,0,9000,3.65,55,3400000,0.19,0.2,0.8,16,8,0.42199999999999993,0.5780000000000001,0.074,8.0,0.15,2029-02-01,2028-03-01,2028-02-01,2029-01-01,2029-04-01,2027-09-01,base,2029-04-01,False,False,False,35357287.211776875,0.0,-11,0.0,0,0.0,0.0,0,0.0,3.65,0.0,0.0,0.0,0.0,0.0,0.0,0.0,35357287.211776875,0.0,0.0,0.0,0.0,0.0,0.0,0.0,0.0,0.0,-35357287.211776875,-35357287.211776875,0.0,0.0,4242874.465413225,1767864.360588844,31114412.74636365,0.0,0.0,,0.0,0.0,,-31114412.74636365,strategic_customer
S03,2028-06-01,Atlas West,Nevada,45,1.18,53.1,2029-01-01,2029-04-01,0,9000,3.65,55,3400000,0.19,0.2,0.8,16,8,0.42199999999999993,0.5780000000000001,0.074,8.0,0.15,2029-02-01,2028-03-01,2028-02-01,2029-01-01,2029-04-01,2027-09-01,base,2029-04-01,False,False,False,50526130.64556474,0.0,-10,0.0,0,0.0,0.0,0,0.0,3.65,0.0,0.0,0.0,0.0,0.0,0.0,0.0,43261593.52125715,7264537.124307595,44797.97893323017,0.0,0.0,7309335.103240825,0.0,0.0,0.0,0.0,-50526130.64556474,-43261593.52125715,0.0,0.0,6063135.677467769,2526306.5322782374,37198457.84378938,0.0,0.0,,0.0,0.0,,-37198457.84378938,strategic_customer
S03,2028-07-01,Atlas West,Nevada,45,1.18,53.1,2029-01-01,2029-04-01,0,9000,3.65,55,3400000,0.19,0.2,0.8,16,8,0.42199999999999993,0.5780000000000001,0.074,8.0,0.15,2029-02-01,2028-03-01,2028-02-01,2029-01-01,2029-04-01,2027-09-01,base,2029-04-01,False,False,False,65694974.07935259,0.0,-9,0.0,0,0.0,0.0,0,0.0,3.65,0.0,0.0,0.0,0.0,0.0,0.0,0.0,27723279.061486788,37971695.0178658,279233.0190801575,0.0,0.0,45560263.14018678,0.0,0.0,0.0,0.0,-65694974.07935259,-27723279.061486788,0.0,0.0,7883396.88952231,3284748.7039676295,19839882.171964478,0.0,0.0,,0.0,0.0,,-19839882.171964478,strategic_customer
S03,2028-08-01,Atlas West,Nevada,45,1.18,53.1,2029-01-01,2029-04-01,0,9000,3.65,55,3400000,0.19,0.2,0.8,16,8,0.42199999999999993,0.5780000000000001,0.074,8.0,0.15,2029-02-01,2028-03-01,2028-02-01,2029-01-01,2029-04-01,2027-09-01,base,2029-04-01,False,False,False,80863817.51314044,0.0,-8,0.0,0,0.0,0.0,0,0.0,3.65,0.0,0.0,0.0,0.0,0.0,0.0,0.0,34124530.99054526,46739286.52259518,569180.556253822,0.0,0.0,92868730.21903577,0.0,0.0,0.0,0.0,-80863817.51314044,-34124530.99054526,0.0,0.0,9703658.101576852,4043190.875657022,24420872.888968408,0.0,0.0,,0.0,0.0,,-24420872.888968408,strategic_customer
S03,2028-09-01,Atlas West,Nevada,45,1.18,53.1,2029-01-01,2029-04-01,0,9000,3.65,55,3400000,0.19,0.2,0.8,16,8,0.42199999999999993,0.5780000000000001,0.074,8.0,0.15,2029-02-01,2028-03-01,2028-02-01,2029-01-01,2029-04-01,2027-09-01,base,2029-04-01,False,False,False,87435778.33939837,0.0,-7,0.0,0,0.0,0.0,0,0.0,3.65,0.0,0.0,0.0,0.0,0.0,0.0,0.0,36897898.45922611,50537879.88017226,884340.7622784495,0.0,0.0,144290950.86148646,0.0,0.0,0.0,0.0,-87435778.33939837,-36897898.45922611,0.0,0.0,10492293.400727805,4371788.916969919,26405605.058498304,0.0,0.0,,0.0,0.0,,-26405605.058498304,strategic_customer
S03,2028-10-01,Atlas West,Nevada,45,1.18,53.1,2029-01-01,2029-04-01,0,9000,3.65,55,3400000,0.19,0.2,0.8,16,8,0.42199999999999993,0.5780000000000001,0.074,8.0,0.15,2029-02-01,2028-03-01,2028-02-01,2029-01-01,2029-04-01,2027-09-01,base,2029-04-01,False,False,False,87562113.84849827,0.0,-6,0.0,0,0.0,0.0,0,0.0,3.65,0.0,0.0,0.0,0.0,0.0,0.0,0.0,36951212.044066265,50610901.804432005,1201894.758106497,0.0,0.0,196103747.42402497,0.0,0.0,0.0,0.0,-87562113.84849827,-36951212.044066265,0.0,0.0,10507453.661819791,4378105.692424914,26443758.382246472,0.0,0.0,,0.0,0.0,,-26443758.382246472,strategic_customer
S03,2028-11-01,Atlas West,Nevada,45,1.18,53.1,2029-01-01,2029-04-01,0,9000,3.65,55,3400000,0.19,0.2,0.8,16,8,0.42199999999999993,0.5780000000000001,0.074,8.0,0.15,2029-02-01,2028-03-01,2028-02-01,2029-01-01,2029-04-01,2027-09-01,base,2029-04-01,False,False,False,70410962.44660339,0.0,-5,0.0,0,0.0,0.0,0,0.0,3.65,0.0,0.0,0.0,0.0,0.0,0.0,0.0,29713426.152466625,40697536.29413676,1460274.582928664,0.0,0.0,238261558.3010904,0.0,0.0,0.0,0.0,-70410962.44660339,-29713426.152466625,0.0,0.0,8449315.493592406,3520548.1223301697,21264110.65887422,0.0,0.0,,0.0,0.0,,-21264110.65887422,strategic_customer
S03,2028-12-01,Atlas West,Nevada,45,1.18,53.1,2029-01-01,2029-04-01,0,9000,3.65,55,3400000,0.19,0.2,0.8,16,8,0.42199999999999993,0.5780000000000001,0.074,8.0,0.15,2029-02-01,2028-03-01,2028-02-01,2029-01-01,2029-04-01,2027-09-01,base,2029-04-01,False,False,False,35982324.13371378,0.0,-4,0.0,0,0.0,0.0,0,0.0,3.65,0.0,0.0,0.0,0.0,0.0,0.0,0.0,15184540.784427216,20797783.349286567,1597532.6068439912,0.0,0.0,260656874.25722092,0.0,0.0,0.0,0.0,-35982324.13371378,-15184540.784427214,3.725290298461914e-09,0.0,4317878.896045654,1799116.2066856893,10866661.888381563,0.0,0.0,,0.0,0.0,,-10866661.88838156,strategic_customer
S03,2029-01-01,Atlas West,Nevada,45,1.18,53.1,2029-01-01,2029-04-01,0,9000,3.65,55,3400000,0.19,0.2,0.8,16,8,0.42199999999999993,0.5780000000000001,0.074,8.0,0.15,2029-02-01,2028-03-01,2028-02-01,2029-01-01,2029-04-01,2027-09-01,base,2029-04-01,True,False,False,59871568.26220668,18129496.402877696,-3,0.0,0,0.0,0.0,0,0.0,3.65,0.0,0.0,0.0,0.0,0.0,0.0,0.0,25265801.806651216,34605766.45555547,1820786.2843954547,0.0,0.0,297083426.9971719,0.0,0.0,0.0,0.0,-59871568.26220668,-25265801.806651212,0.0,0.0,7184588.191464801,2993578.4131103344,18081213.615186416,0.0,0.0,,0.0,0.0,,-18081213.615186412,strategic_customer
S03,2029-02-01,Atlas West,Nevada,45,1.18,53.1,2029-01-01,2029-04-01,0,9000,3.65,55,3400000,0.19,0.2,0.8,16,8,0.42199999999999993,0.5780000000000001,0.074,8.0,0.15,2029-02-01,2028-03-01,2028-02-01,2029-01-01,2029-04-01,2027-09-01,base,2029-04-01,True,True,False,141153223.51546046,107913669.06474818,-2,0.0,0,0.0,0.0,0,0.0,3.65,0.0,0.0,0.0,0.0,0.0,0.0,0.0,59566660.32352432,81586563.19193615,2335131.6061661663,0.0,0.0,381005121.7952742,0.0,0.0,0.0,0.0,-141153223.51546046,-59566660.32352431,1.4901161193847656e-08,0.0,16938386.821855254,7057661.175773024,42628273.501669064,0.0,0.0,,0.0,0.0,,-42628273.50166906,strategic_customer
S03,2029-03-01,Atlas West,Nevada,45,1.18,53.1,2029-01-01,2029-04-01,0,9000,3.65,55,3400000,0.19,0.2,0.8,16,8,0.42199999999999993,0.5780000000000001,0.074,8.0,0.15,2029-02-01,2028-03-01,2028-02-01,2029-01-01,2029-04-01,2027-09-01,base,2029-04-01,True,True,False,215827338.12949637,215827338.12949637,-1,0.0,0,0.0,0.0,0,0.0,3.65,0.0,0.0,0.0,0.0,0.0,0.0,0.0,91079136.69064745,124748201.43884891,3118812.159943759,0.0,0.0,508872135.3940669,0.0,0.0,0.0,0.0,-215827338.12949637,-91079136.69064745,0.0,0.0,25899280.575539563,10791366.90647482,65179856.115107894,0.0,0.0,,0.0,0.0,,-65179856.115107894,strategic_customer
S03,2029-04-01,Atlas West,Nevada,45,1.18,53.1,2029-01-01,2029-04-01,0,9000,3.65,55,3400000,0.19,0.2,0.8,16,8,0.42199999999999993,0.5780000000000001,0.074,8.0,0.15,2029-02-01,2028-03-01,2028-02-01,2029-01-01,2029-04-01,2027-09-01,base,2029-04-01,True,True,True,18129496.402877696,18129496.402877696,0,0.2,1125,5.625,6.637499999999999,810000,162000.0,3.65,591300.0,955.7999999999998,52568.99999999999,3400000.0,30780.0,3483349.0,-2892049.0,7650647.482014386,10478848.92086331,0.0,3202664.4032754027,5409906.086613856,513941078.22831637,8612570.489889259,0.0,0.0,-2892049.0,-21021545.402877696,-19155266.971903645,-11504619.489889259,0.0,2175539.568345323,906474.8201438849,5475107.913669063,11826.0,-2903875.0,-0.3371670517424512,-2903875.0,8612570.489889259,-0.3371670517424512,-16991553.40355832,strategic_customer
S03,2029-05-01,Atlas West,Nevada,45,1.18,53.1,2029-01-01,2029-04-01,0,9000,3.65,55,3400000,0.19,0.2,0.8,16,8,0.42199999999999993,0.5780000000000001,0.074,8.0,0.15,2029-02-01,2028-03-01,2028-02-01,2029-01-01,2029-04-01,2027-09-01,base,2029-04-01,True,True,True,0.0,0.0,1,0.23750000000000002,2250,11.25,13.274999999999999,1674000,397575.0,3.65,1451148.75,2345.6924999999997,129013.08749999998,3400000.0,75539.25,3604552.3375,-2153403.5875,0.0,0.0,0.0,3169303.3157412843,5409906.086613856,508531172.14170253,8579209.40235514,0.0,0.0,-2153403.5875,-2153403.5875,-10732612.98985514,-10732612.98985514,0.0,0.0,0.0,0.0,29022.975000000002,-2182426.5625,-0.2543855103829132,-5086301.5625,17191779.8922444,-0.29585660090928373,-10761635.96485514,strategic_customer
S03,2029-06-01,Atlas West,Nevada,45,1.18,53.1,2029-01-01,2029-04-01,0,9000,3.65,55,3400000,0.19,0.2,0.8,16,8,0.42199999999999993,0.5780000000000001,0.074,8.0,0.15,2029-02-01,2028-03-01,2028-02-01,2029-01-01,2029-04-01,2027-09-01,base,2029-04-01,True,True,True,0.0,0.0,2,0.275,3375,16.875,19.912499999999998,2430000,668250.0,3.65,2439112.5,3942.6749999999997,216847.12499999997,3400000.0,126967.5,3743814.625,-1304702.125,0.0,0.0,0.0,3135942.228207166,5409906.086613857,503121266.0550887,8545848.314821023,0.0,0.0,-1304702.125,-1304702.125,-9850550.439821023,-9850550.439821023,0.0,0.0,0.0,0.0,48782.25,-1353484.375,-0.15837917139866134,-6439785.9375,25737628.207065422,-0.25020898917687245,-9899332.689821023,strategic_customer
S03,2029-07-01,Atlas West,Nevada,45,1.18,53.1,2029-01-01,2029-04-01,0,9000,3.65,55,3400000,0.19,0.2,0.8,16,8,0.42199999999999993,0.5780000000000001,0.074,8.0,0.15,2029-02-01,2028-03-01,2028-02-01,2029-01-01,2029-04-01,2027-09-01,base,2029-04-01,True,True,True,0.0,0.0,3,0.3125,4500,22.5,26.549999999999997,3348000,1046250.0,3.65,3818812.5,6172.874999999999,339508.12499999994,3400000.0,198787.5,3938295.625,-119483.125,0.0,0.0,0.0,3102581.140673047,5409906.086613857,497711359.96847486,8512487.227286905,0.0,0.0,-119483.125,-119483.125,-8631970.352286905,-8631970.352286905,0.0,0.0,0.0,0.0,76376.25,-195859.375,-0.023008477988920775,-6635645.3125,34250115.43435232,-0.19374081600450763,-8708346.602286905,strategic_customer
S03,2029-08-01,Atlas West,Nevada,45,1.18,53.1,2029-01-01,2029-04-01,0,9000,3.65,55,3400000,0.19,0.2,0.8,16,8,0.42199999999999993,0.5780000000000001,0.074,8.0,0.15,2029-02-01,2028-03-01,2028-02-01,2029-01-01,2029-04-01,2027-09-01,base,2029-04-01,True,True,True,0.0,0.0,4,0.35000000000000003,5625,28.125,33.1875,4185000,1464750.0000000002,3.65,5346337.500000001,8642.025000000001,475311.37500000006,3400000.0,278302.50000000006,4153613.875,1192723.625000001,0.0,0.0,0.0,3069220.0531389285,5409906.086613857,492301453.88186103,8479126.139752787,0.0,0.0,1192723.625000001,1192723.625000001,-7286402.514752786,-7286402.514752786,0.0,0.0,0.0,0.0,106926.75000000001,1085796.875000001,0.12805528035600824,-5549848.437499999,42729241.574105114,-0.12988408483391695,-7393329.264752786,strategic_customer
S03,2029-09-01,Atlas West,Nevada,45,1.18,53.1,2029-01-01,2029-04-01,0,9000,3.65,55,3400000,0.19,0.2,0.8,16,8,0.42199999999999993,0.5780000000000001,0.074,8.0,0.15,2029-02-01,2028-03-01,2028-02-01,2029-01-01,2029-04-01,2027-09-01,base,2029-04-01,True,True,True,0.0,0.0,5,0.38750000000000007,6750,33.75,39.824999999999996,4860000,1883250.0000000002,3.65,6873862.500000001,11111.175000000001,611114.6250000001,3400000.0,357817.50000000006,4368932.125,2504930.375000001,0.0,0.0,0.0,3035858.9656048096,5409906.086613857,486891547.7952472,8445765.052218666,0.0,0.0,2504930.375000001,2504930.375000001,-5940834.677218665,-5940834.677218665,0.0,0.0,0.0,0.0,137477.25000000003,2367453.125000001,0.2803124536809227,-3182395.312499998,51175006.62632378,-0.06218651490829537,-6078311.927218665,strategic_customer
S03,2029-10-01,Atlas West,Nevada,45,1.18,53.1,2029-01-01,2029-04-01,0,9000,3.65,55,3400000,0.19,0.2,0.8,16,8,0.42199999999999993,0.5780000000000001,0.074,8.0,0.15,2029-02-01,2028-03-01,2028-02-01,2029-01-01,2029-04-01,2027-09-01,base,2029-04-01,True,True,True,0.0,0.0,6,0.42500000000000004,7875,39.375,46.4625,5859000,2490075.0000000005,3.65,9088773.750000002,14691.442500000001,808029.3375,3400000.0,473114.2500000001,4681143.5875,4407630.1625000015,0.0,0.0,0.0,3002497.878070691,5409906.086613858,481481641.70863336,8412403.96468455,1405132.2844293104,351283.0711073276,4056347.091392674,4056347.091392674,-4356056.873291876,-4356056.873291876,0.0,0.0,0.0,0.0,181775.47500000003,3874571.616392674,0.46057840691652563,692176.3038926758,59587410.59100833,0.01161615007310159,-4537832.348291876,strategic_customer
S03,2029-11-01,Atlas West,Nevada,45,1.18,53.1,2029-01-01,2029-04-01,0,9000,3.65,55,3400000,0.19,0.2,0.8,16,8,0.42199999999999993,0.5780000000000001,0.074,8.0,0.15,2029-02-01,2028-03-01,2028-02-01,2029-01-01,2029-04-01,2027-09-01,base,2029-04-01,True,True,True,0.0,0.0,7,0.4625000000000001,9000,45.0,53.099999999999994,6480000,2997000.0000000005,3.65,10939050.000000002,17682.3,972526.5,3400000.0,569430.0000000001,4941956.5,5997093.500000002,0.0,0.0,0.0,2969136.790536572,5409906.086613858,476071735.6220195,8379042.87715043,3027956.7094634296,756989.1773658574,5240104.322634145,5240104.322634145,-3138938.5545162857,-3138938.5545162857,0.0,0.0,0.0,0.0,218781.00000000003,5021323.322634145,0.599271706357685,5713499.6265268205,67966453.46815877,0.08406352450335675,-3357719.5545162857,strategic_customer
S03,2029-12-01,Atlas West,Nevada,45,1.18,53.1,2029-01-01,2029-04-01,0,9000,3.65,55,3400000,0.19,0.2,0.8,16,8,0.42199999999999993,0.5780000000000001,0.074,8.0,0.15,2029-02-01,2028-03-01,2028-02-01,2029-01-01,2029-04-01,2027-09-01,base,2029-04-01,True,True,True,0.0,0.0,8,0.5,9000,45.0,53.099999999999994,6696000,3348000.0,3.65,12220200.0,19753.199999999997,1086425.9999999998,3400000.0,636120.0,5122546.0,7097654.0,0.0,0.0,0.0,2935775.703002454,5409906.086613858,470661829.5354057,8345681.789616312,4161878.296997546,1040469.5742493866,6057184.425750613,6057184.425750613,-2288497.3638656987,-2288497.3638656987,0.0,0.0,0.0,0.0,244404.0,5812780.425750613,0.6965015647952056,11526280.052277435,76312135.25777507,0.15104124676033198,-2532901.3638656987,strategic_customer
S03,2030-01-01,Atlas West,Nevada,45,1.18,53.1,2029-01-01,2029-04-01,0,9000,3.65,55,3400000,0.19,0.2,0.8,16,8,0.42199999999999993,0.5780000000000001,0.074,8.0,0.15,2029-02-01,2028-03-01,2028-02-01,2029-01-01,2029-04-01,2027-09-01,base,2029-04-01,True,True,True,0.0,0.0,9,0.5375000000000001,9000,45.0,53.099999999999994,6696000,3599100.0000000005,3.65,13136715.000000002,21234.69,1167907.95,3400000.0,683829.0000000001,5251736.95,7884978.050000002,0.0,0.0,0.0,2902414.6154683353,5409906.086613858,465251923.44879186,8312320.702082193,4982563.434531666,1245640.8586329166,6639337.191367085,6639337.191367085,-1672983.5107151084,-1672983.5107151084,0.0,0.0,0.0,0.0,262734.30000000005,6376602.891367085,0.7671266689421378,17902882.94364452,84624455.95985727,0.21155684536556418,-1935717.8107151082,strategic_customer
S03,2030-02-01,Atlas West,Nevada,45,1.18,53.1,2029-01-01,2029-04-01,0,9000,3.65,55,3400000,0.19,0.2,0.8,16,8,0.42199999999999993,0.5780000000000001,0.074,8.0,0.15,2029-02-01,2028-03-01,2028-02-01,2029-01-01,2029-04-01,2027-09-01,base,2029-04-01,True,True,True,0.0,0.0,10,0.5750000000000001,9000,45.0,53.099999999999994,6048000,3477600.0000000005,3.65,12693240.000000002,20517.84,1128481.2,3400000.0,660744.0000000001,5189225.2,7504014.800000002,0.0,0.0,0.0,2869053.5279342164,5409906.086613859,459842017.362178,8278959.614548076,4634961.272065785,1158740.3180164462,6345274.4819835555,6345274.4819835555,-1933685.1325645205,-1933685.1325645205,0.0,0.0,0.0,0.0,253864.80000000005,6091409.681983556,0.7357699476247618,23994292.625628076,92903415.57440534,0.25827137223400903,-2187549.9325645203,strategic_customer
S03,2030-03-01,Atlas West,Nevada,45,1.18,53.1,2029-01-01,2029-04-01,0,9000,3.65,55,3400000,0.19,0.2,0.8,16,8,0.42199999999999993,0.5780000000000001,0.074,8.0,0.15,2029-02-01,2028-03-01,2028-02-01,2029-01-01,2029-04-01,2027-09-01,base,2029-04-01,True,True,True,0.0,0.0,11,0.6125,9000,45.0,53.099999999999994,6696000,4101300.0000000005,3.65,14969745.000000002,24197.67,1330871.8499999999,3400000.0,779247.0000000001,5510118.85,9459626.150000002,0.0,0.0,0.0,2835692.440400098,5409906.086613859,454432111.2755642,8245598.5270139575,6623933.709599905,1655983.4273999762,7803642.722600026,7803642.722600026,-441955.80441393144,-441955.80441393144,0.0,0.0,0.0,0.0,299394.9,7504247.822600026,0.9100913412185734,31498540.4482281,101149014.1014193,0.3114072907981623,-741350.7044139318,strategic_customer
S03,2030-04-01,Atlas West,Nevada,45,1.18,53.1,2029-01-01,2029-04-01,0,9000,3.65,55,3400000,0.19,0.2,0.8,16,8,0.42199999999999993,0.5780000000000001,0.074,8.0,0.15,2029-02-01,2028-03-01,2028-02-01,2029-01-01,2029-04-01,2027-09-01,base,2029-04-01,True,True,True,0.0,0.0,12,0.6500000000000001,9000,45.0,53.099999999999994,6480000,4212000.000000001,3.65,15373800.000000004,24850.8,1366794.0,3400000.0,800280.0000000002,5567074.0,9806726.000000004,0.0,0.0,0.0,2802331.352865979,5409906.086613859,449022205.18895036,8212237.439479838,7004394.647134025,1751098.6617835062,8055627.338216498,8055627.338216498,-156610.10126334056,-156610.10126334056,0.0,0.0,0.0,0.0,307476.00000000006,7748151.338216498,0.9434884701418551,42150566.7864446,100748681.05100988,0.41837338560396065,-464086.10126334056,strategic_customer
S03,2030-05-01,Atlas West,Nevada,45,1.18,53.1,2029-01-01,2029-04-01,0,9000,3.65,55,3400000,0.19,0.2,0.8,16,8,0.42199999999999993,0.5780000000000001,0.074,8.0,0.15,2029-02-01,2028-03-01,2028-02-01,2029-01-01,2029-04-01,2027-09-01,base,2029-04-01,True,True,True,0.0,0.0,13,0.6875,9000,45.0,53.099999999999994,6696000,4603500.0,3.65,16802775.0,27160.649999999994,1493835.7499999998,3400000.0,874665.0,5768500.75,11034274.25,0.0,0.0,0.0,2768970.2653318606,5409906.08661386,443612299.1023365,8178876.351945721,8265303.984668139,2066325.9961670348,8967948.253832966,8967948.253832966,789071.9018872455,789071.9018872455,0.0,0.0,0.0,0.0,336055.5,8631892.753832966,1.0553885866949773,52964886.10277756,100348348.00060046,0.5278102445937689,453016.4018872455,strategic_customer
S03,2030-06-01,Atlas West,Nevada,45,1.18,53.1,2029-01-01,2029-04-01,0,9000,3.65,55,3400000,0.19,0.2,0.8,16,8,0.42199999999999993,0.5780000000000001,0.074,8.0,0.15,2029-02-01,2028-03-01,2028-02-01,2029-01-01,2029-04-01,2027-09-01,base,2029-04-01,True,True,True,0.0,0.0,14,0.7250000000000001,9000,45.0,53.099999999999994,6480000,4698000.000000001,3.65,17147700.000000004,27718.199999999997,1524500.9999999998,3400000.0,892620.0000000002,5817121.0,11330579.000000004,0.0,0.0,0.0,2735609.1777977417,5409906.08661386,438202393.0157227,8145515.264411602,8594969.822202262,2148742.4555505654,9181836.544449437,9181836.544449437,1036321.2800378352,1036321.2800378352,0.0,0.0,0.0,0.0,342954.00000000006,8838882.544449437,1.0851225806508782,63157253.022227004,99948014.95019104,0.6319010242844877,693367.2800378352,strategic_customer
S03,2030-07-01,Atlas West,Nevada,45,1.18,53.1,2029-01-01,2029-04-01,0,9000,3.65,55,3400000,0.19,0.2,0.8,16,8,0.42199999999999993,0.5780000000000001,0.074,8.0,0.15,2029-02-01,2028-03-01,2028-02-01,2029-01-01,2029-04-01,2027-09-01,base,2029-04-01,True,True,True,0.0,0.0,15,0.7625000000000002,9000,45.0,53.099999999999994,6696000,5105700.000000001,3.65,18635805.000000004,30123.63,1656799.6500000001,3400000.0,970083.0000000002,6026882.65,12608922.350000003,0.0,0.0,0.0,2702248.0902636233,5409906.08661386,432792486.92910886,8112154.176877484,9906674.25973638,2476668.564934095,10132253.785065908,10132253.785065908,2020099.6081884243,2020099.6081884243,0.0,0.0,0.0,0.0,372716.1000000001,9759537.685065908,1.2030759613622792,73112650.08229291,99547681.89978161,0.7344485445266135,1647383.5081884246,strategic_customer
S03,2030-08-01,Atlas West,Nevada,45,1.18,53.1,2029-01-01,2029-04-01,0,9000,3.65,55,3400000,0.19,0.2,0.8,16,8,0.42199999999999993,0.5780000000000001,0.074,8.0,0.15,2029-02-01,2028-03-01,2028-02-01,2029-01-01,2029-04-01,2027-09-01,base,2029-04-01,True,True,True,0.0,0.0,16,0.8,9000,45.0,53.099999999999994,6696000,5356800.0,3.65,19552320.0,31605.119999999995,1738281.5999999996,3400000.0,1017792.0,6156073.6,13396246.4,0.0,0.0,0.0,2668887.002729505,5409906.086613861,427382580.842495,8078793.089343365,10727359.397270495,2681839.849317624,10714406.550682377,10714406.550682377,2635613.461339012,2635613.461339012,0.0,0.0,0.0,0.0,391046.4,10323360.150682377,1.2778344533046393,82350213.35797529,99147348.8493722,0.8305841186241334,2244567.0613390114,strategic_customer
S03,2030-09-01,Atlas West,Nevada,45,1.18,53.1,2029-01-01,2029-04-01,0,9000,3.65,55,3400000,0.19,0.2,0.8,16,8,0.42199999999999993,0.5780000000000001,0.074,8.0,0.15,2029-02-01,2028-03-01,2028-02-01,2029-01-01,2029-04-01,2027-09-01,base,2029-04-01,True,True,True,0.0,0.0,17,0.8,9000,45.0,53.099999999999994,6480000,5184000.0,3.65,18921600.0,30585.599999999995,1682207.9999999998,3400000.0,984960.0,6067168.0,12854432.0,0.0,0.0,0.0,2635525.915195386,5409906.086613861,421972674.7558812,8045432.001809247,10218906.084804613,2554726.5212011533,10299705.478798848,10299705.478798848,2254273.476989601,2254273.476989601,0.0,0.0,0.0,0.0,378432.0,9921273.478798848,1.2331560911294464,89904033.71177414,98747015.79896279,0.910448108070507,1875841.4769896008,strategic_customer
S03,2030-10-01,Atlas West,Nevada,45,1.18,53.1,2029-01-01,2029-04-01,0,9000,3.65,55,3400000,0.19,0.2,0.8,16,8,0.42199999999999993,0.5780000000000001,0.074,8.0,0.15,2029-02-01,2028-03-01,2028-02-01,2029-01-01,2029-04-01,2027-09-01,base,2029-04-01,True,True,True,0.0,0.0,18,0.8,9000,45.0,53.099999999999994,6696000,5356800.0,3.65,19552320.0,31605.119999999995,1738281.5999999996,3400000.0,1017792.0,6156073.6,13396246.4,0.0,0.0,0.0,2602164.8276612675,5409906.086613862,416562768.66926736,8012070.914275129,10794081.572338734,2698520.3930846835,10697726.006915316,10697726.006915316,2685655.0926401867,2685655.0926401867,0.0,0.0,0.0,0.0,391046.4,10306679.606915316,1.2863939569670901,96336141.70229678,98346682.74855335,0.9795565951990776,2294608.6926401863,strategic_customer
S03,2030-11-01,Atlas West,Nevada,45,1.18,53.1,2029-01-01,2029-04-01,0,9000,3.65,55,3400000,0.19,0.2,0.8,16,8,0.42199999999999993,0.5780000000000001,0.074,8.0,0.15,2029-02-01,2028-03-01,2028-02-01,2029-01-01,2029-04-01,2027-09-01,base,2029-04-01,True,True,True,0.0,0.0,19,0.8,9000,45.0,53.099999999999994,6480000,5184000.0,3.65,18921600.0,30585.599999999995,1682207.9999999998,3400000.0,984960.0,6067168.0,12854432.0,0.0,0.0,0.0,2568803.7401271486,5409906.086613862,411152862.5826535,7978709.82674101,10285628.259872852,2571407.064968213,10283024.935031787,10283024.935031787,2304315.1082907766,2304315.1082907766,0.0,0.0,0.0,0.0,378432.0,9904592.935031787,1.24137776032863,101219411.31469442,97946349.69814393,1.0334168820649017,1925883.1082907766,strategic_customer
S03,2030-12-01,Atlas West,Nevada,45,1.18,53.1,2029-01-01,2029-04-01,0,9000,3.65,55,3400000,0.19,0.2,0.8,16,8,0.42199999999999993,0.5780000000000001,0.074,8.0,0.15,2029-02-01,2028-03-01,2028-02-01,2029-01-01,2029-04-01,2027-09-01,base,2029-04-01,True,True,True,0.0,0.0,20,0.8,9000,45.0,53.099999999999994,6696000,5356800.0,3.65,19552320.0,31605.119999999995,1738281.5999999996,3400000.0,1017792.0,6156073.6,13396246.4,0.0,0.0,0.0,2535442.65259303,5409906.086613862,405742956.4960397,7945348.7392068915,10860803.74740697,2715200.9368517427,10681045.463148259,10681045.463148259,2735696.723941367,2735696.723941367,0.0,0.0,0.0,0.0,391046.4,10289999.063148258,1.2950972198830646,105696629.95209207,97546016.64773452,1.0835565980494277,2344650.3239413667,strategic_customer
S03,2031-01-01,Atlas West,Nevada,45,1.18,53.1,2029-01-01,2029-04-01,0,9000,3.65,55,3400000,0.19,0.2,0.8,16,8,0.42199999999999993,0.5780000000000001,0.074,8.0,0.15,2029-02-01,2028-03-01,2028-02-01,2029-01-01,2029-04-01,2027-09-01,base,2029-04-01,True,True,True,0.0,0.0,21,0.8,9000,45.0,53.099999999999994,6696000,5356800.0,3.65,19552320.0,31605.119999999995,1738281.5999999996,3400000.0,1017792.0,6156073.6,13396246.4,0.0,0.0,0.0,2502081.565058911,5409906.086613863,400333050.40942585,7911987.651672774,10894164.83494109,2723541.2087352723,10672705.191264728,10672705.191264728,2760717.539591954,2760717.539591954,0.0,0.0,0.0,0.0,391046.4,10281658.791264728,1.2995038976193234,109601685.8519897,97145683.59732509,1.1282198219562232,2369671.1395919537,strategic_customer
S03,2031-02-01,Atlas West,Nevada,45,1.18,53.1,2029-01-01,2029-04-01,0,9000,3.65,55,3400000,0.19,0.2,0.8,16,8,0.42199999999999993,0.5780000000000001,0.074,8.0,0.15,2029-02-01,2028-03-01,2028-02-01,2029-01-01,2029-04-01,2027-09-01,base,2029-04-01,True,True,True,0.0,0.0,22,0.8,9000,45.0,53.099999999999994,6048000,4838400.0,3.65,17660160.0,28546.559999999998,1570060.7999999998,3400000.0,919296.0,5889356.8,11770803.2,0.0,0.0,0.0,2468720.477524793,5409906.086613863,394923144.322812,7878626.564138656,9302082.722475206,2325520.6806188016,9445282.519381197,9445282.519381197,1566655.9552425416,1566655.9552425416,0.0,0.0,0.0,0.0,353203.2,9092079.319381198,1.1540183108520268,112602355.48938735,96745350.54691568,1.1639045685692355,1213452.7552425424,strategic_customer
S03,2031-03-01,Atlas West,Nevada,45,1.18,53.1,2029-01-01,2029-04-01,0,9000,3.65,55,3400000,0.19,0.2,0.8,16,8,0.42199999999999993,0.5780000000000001,0.074,8.0,0.15,2029-02-01,2028-03-01,2028-02-01,2029-01-01,2029-04-01,2027-09-01,base,2029-04-01,True,True,True,0.0,0.0,23,0.8,9000,45.0,53.099999999999994,6696000,5356800.0,3.65,19552320.0,31605.119999999995,1738281.5999999996,3400000.0,1017792.0,6156073.6,13396246.4,0.0,0.0,0.0,2435359.3899906743,5409906.086613864,389513238.2361982,7845265.476604538,10960887.010009326,2740221.7525023315,10656024.647497669,10656024.647497669,2810759.170893131,2810759.170893131,0.0,0.0,0.0,0.0,391046.4,10264978.247497668,1.3084296864279463,115363085.91428497,96345017.49650626,1.1973954534646107,2419712.7708931305,strategic_customer
S03,2031-04-01,Atlas West,Nevada,45,1.18,53.1,2029-01-01,2029-04-01,0,9000,3.65,55,3400000,0.19,0.2,0.8,16,8,0.42199999999999993,0.5780000000000001,0.074,8.0,0.15,2029-02-01,2028-03-01,2028-02-01,2029-01-01,2029-04-01,2027-09-01,base,2029-04-01,True,True,True,0.0,0.0,24,0.8,9000,45.0,53.099999999999994,6480000,5184000.0,3.65,18921600.0,30585.599999999995,1682207.9999999998,3400000.0,984960.0,6067168.0,12854432.0,0.0,0.0,0.0,2401998.3024565554,5409906.086613864,384103332.1495843,7811904.38907042,10452433.697543444,2613108.424385861,10241323.57561414,10241323.57561414,2429419.18654372,2429419.18654372,0.0,0.0,0.0,0.0,378432.0,9862891.57561414,1.2625463759404483,117477826.15168262,95944684.44609684,1.2244328784851382,2050987.1865437198,strategic_customer
S03,2031-05-01,Atlas West,Nevada,45,1.18,53.1,2029-01-01,2029-04-01,0,9000,3.65,55,3400000,0.19,0.2,0.8,16,8,0.42199999999999993,0.5780000000000001,0.074,8.0,0.15,2029-02-01,2028-03-01,2028-02-01,2029-01-01,2029-04-01,2027-09-01,base,2029-04-01,True,True,True,0.0,0.0,25,0.8,9000,45.0,53.099999999999994,6696000,5356800.0,3.65,19552320.0,31605.119999999995,1738281.5999999996,3400000.0,1017792.0,6156073.6,13396246.4,0.0,0.0,0.0,2368637.2149224365,5409906.086613864,378693426.0629704,7778543.3015363,11027609.185077563,2756902.2962693907,10639344.10373061,10639344.10373061,2860800.8021943094,2860800.8021943094,0.0,0.0,0.0,0.0,391046.4,10248297.70373061,1.3175086010907107,119094231.10158026,95544351.39568742,1.2464811300917558,2469754.402194309,strategic_customer
S03,2031-06-01,Atlas West,Nevada,45,1.18,53.1,2029-01-01,2029-04-01,0,9000,3.65,55,3400000,0.19,0.2,0.8,16,8,0.42199999999999993,0.5780000000000001,0.074,8.0,0.15,2029-02-01,2028-03-01,2028-02-01,2029-01-01,2029-04-01,2027-09-01,base,2029-04-01,True,True,True,0.0,0.0,26,0.8,9000,45.0,53.099999999999994,6480000,5184000.0,3.65,18921600.0,30585.599999999995,1682207.9999999998,3400000.0,984960.0,6067168.0,12854432.0,0.0,0.0,0.0,2335276.1273883176,5409906.086613863,373283519.97635657,7745182.214002181,10519155.872611683,2629788.9681529207,10224643.031847078,10224643.031847078,2479460.8178448975,2479460.8178448975,0.0,0.0,0.0,0.0,378432.0,9846211.031847078,1.2712691270253833,120101559.5889779,95144018.345278,1.2623132980691325,2101028.8178448975,strategic_customer
S03,2031-07-01,Atlas West,Nevada,45,1.18,53.1,2029-01-01,2029-04-01,0,9000,3.65,55,3400000,0.19,0.2,0.8,16,8,0.42199999999999993,0.5780000000000001,0.074,8.0,0.15,2029-02-01,2028-03-01,2028-02-01,2029-01-01,2029-04-01,2027-09-01,base,2029-04-01,True,True,True,0.0,0.0,27,0.8,9000,45.0,53.099999999999994,6696000,5356800.0,3.65,19552320.0,31605.119999999995,1738281.5999999996,3400000.0,1017792.0,6156073.6,13396246.4,0.0,0.0,0.0,2301915.0398541987,5409906.086613864,367873613.88974273,7711821.126468062,11094331.360145802,2773582.8400364504,10622663.55996355,10622663.55996355,2910842.433495488,2910842.433495488,0.0,0.0,0.0,0.0,391046.4,10231617.15996355,1.326744616112424,120573639.06387556,94743685.29486857,1.27262981895434,2519796.0334954876,strategic_customer
S03,2031-08-01,Atlas West,Nevada,45,1.18,53.1,2029-01-01,2029-04-01,0,9000,3.65,55,3400000,0.19,0.2,0.8,16,8,0.42199999999999993,0.5780000000000001,0.074,8.0,0.15,2029-02-01,2028-03-01,2028-02-01,2029-01-01,2029-04-01,2027-09-01,base,2029-04-01,True,True,True,0.0,0.0,28,0.8,9000,45.0,53.099999999999994,6696000,5356800.0,3.65,19552320.0,31605.119999999995,1738281.5999999996,3400000.0,1017792.0,6156073.6,13396246.4,0.0,0.0,0.0,2268553.9523200803,5409906.086613864,362463707.80312884,7678460.038933944,11127692.44767992,2781923.11191998,10614323.28808002,10614323.28808002,2935863.249146076,2935863.249146076,0.0,0.0,0.0,0.0,391046.4,10223276.88808002,1.3314228160650023,120473555.8012732,94343352.24445915,1.27696920805937,2544816.8491460755,strategic_customer
S03,2031-09-01,Atlas West,Nevada,45,1.18,53.1,2029-01-01,2029-04-01,0,9000,3.65,55,3400000,0.19,0.2,0.8,16,8,0.42199999999999993,0.5780000000000001,0.074,8.0,0.15,2029-02-01,2028-03-01,2028-02-01,2029-01-01,2029-04-01,2027-09-01,base,2029-04-01,True,True,True,0.0,0.0,29,0.8,9000,45.0,53.099999999999994,6480000,5184000.0,3.65,18921600.0,30585.599999999995,1682207.9999999998,3400000.0,984960.0,6067168.0,12854432.0,0.0,0.0,0.0,2235192.8647859613,5409906.086613864,357053801.71651495,7645098.9513998255,10619239.135214038,2654809.7838035095,10199622.21619649,10199622.21619649,2554523.264796665,2554523.264796665,0.0,0.0,0.0,0.0,378432.0,9821190.21619649,1.2846387311178256,120373472.53867085,93943019.19404973,1.2813455813041956,2176091.264796665,strategic_customer
S03,2031-10-01,Atlas West,Nevada,45,1.18,53.1,2029-01-01,2029-04-01,0,9000,3.65,55,3400000,0.19,0.2,0.8,16,8,0.42199999999999993,0.5780000000000001,0.074,8.0,0.15,2029-02-01,2028-03-01,2028-02-01,2029-01-01,2029-04-01,2027-09-01,base,2029-04-01,True,True,True,0.0,0.0,30,0.8,9000,45.0,53.099999999999994,6696000,5356800.0,3.65,19552320.0,31605.119999999995,1738281.5999999996,3400000.0,1017792.0,6156073.6,13396246.4,0.0,0.0,0.0,2201831.777251842,5409906.086613863,351643895.6299011,7611737.863865705,11194414.622748159,2798603.6556870397,10597642.74431296,10597642.74431296,2985904.8804472554,2985904.8804472554,0.0,0.0,0.0,0.0,391046.4,10206596.34431296,1.3409022389966314,120273389.27606848,93542686.14364031,1.285759413530007,2594858.480447255,strategic_customer
S03,2031-11-01,Atlas West,Nevada,45,1.18,53.1,2029-01-01,2029-04-01,0,9000,3.65,55,3400000,0.19,0.2,0.8,16,8,0.42199999999999993,0.5780000000000001,0.074,8.0,0.15,2029-02-01,2028-03-01,2028-02-01,2029-01-01,2029-04-01,2027-09-01,base,2029-04-01,True,True,True,0.0,0.0,31,0.8,9000,45.0,53.099999999999994,6480000,5184000.0,3.65,18921600.0,30585.599999999995,1682207.9999999998,3400000.0,984960.0,6067168.0,12854432.0,0.0,0.0,0.0,2168470.6897177235,5409906.086613864,346233989.5432873,7578376.776331587,10685961.310282277,2671490.3275705692,10182941.672429431,10182941.672429431,2604564.8960978445,2604564.8960978445,0.0,0.0,0.0,0.0,378432.0,9804509.672429431,1.2937479834798387,120173306.01346613,93142353.09323089,1.2902111877416131,2226132.8960978445,strategic_customer
S03,2031-12-01,Atlas West,Nevada,45,1.18,53.1,2029-01-01,2029-04-01,0,9000,3.65,55,3400000,0.19,0.2,0.8,16,8,0.42199999999999993,0.5780000000000001,0.074,8.0,0.15,2029-02-01,2028-03-01,2028-02-01,2029-01-01,2029-04-01,2027-09-01,base,2029-04-01,True,True,True,0.0,0.0,32,0.8,9000,45.0,53.099999999999994,6696000,5356800.0,3.65,19552320.0,31605.119999999995,1738281.5999999996,3400000.0,1017792.0,6156073.6,13396246.4,0.0,0.0,0.0,2135109.602183605,5409906.086613864,340824083.4566734,7545015.688797468,11261136.797816396,2815284.199454099,10580962.200545901,10580962.200545901,3035946.511748433,3035946.511748433,0.0,0.0,0.0,0.0,391046.4,10189915.800545901,1.3505493190259992,120073222.75086378,92742020.04282145,1.294701395283635,2644900.1117484327,strategic_customer
