site_id,month,site_name,region,it_load_mw,pue,total_facility_mw,target_power_ready,target_rfs,initial_gpu_count,target_gpu_count,price_per_gpu_hour,power_cost_per_mwh,fixed_opex_monthly,variable_opex_per_gpu_hour,utilization_at_rfs,utilization_mature,months_to_mature,gpu_ramp_months,equity_pct,debt_pct,debt_rate_annual,debt_tenor_years,minimum_equity_first_pct,commissioning,construction_start,design_complete,power_ready,ready_for_service,site_control,scenario,rfs_month,power_gate_open,commissioning_gate_open,rfs_gate_open,capex_usd,gpu_capex_usd,months_since_rfs,utilization,gpu_online,it_load_online_mw,facility_load_online_mw,gpu_hours_available,gpu_hours_sold,price_per_gpu_hour_scenario,revenue_usd,power_mwh,power_cost_usd,fixed_opex_usd,variable_opex_usd,opex_usd,ebitda_usd,equity_draw_usd,debt_draw_usd,interest_during_construction_usd,cash_interest_usd,principal_repayment_usd,ending_debt_balance_usd,debt_service_usd,taxable_income_proxy_usd,cash_tax_usd,operating_cash_flow_usd,unlevered_free_cash_flow_usd,equity_cash_flow_usd,net_cash_flow_post_financing_usd,grant_funding_usd,customer_prepayment_usd,equipment_finance_usd,sponsor_equity_draw_usd,maintenance_capex_usd,cads_usd,dscr,rolling_12m_cads_usd,rolling_12m_debt_service_usd,rolling_12m_dscr,adjusted_equity_cash_flow_usd,capital_stack
S01,2027-01-01,Atlas East,Virginia,60,1.25,75.0,2028-01-01,2028-04-01,0,12000,3.5,62,4200000,0.18,0.25,0.82,18,9,0.33999999999999997,0.66,0.06,10.0,0.1,2028-02-01,2027-06-01,2027-05-01,2028-01-01,2028-04-01,2027-01-01,base,2028-04-01,False,False,False,2952338.135667544,0.0,-15,0.0,0,0.0,0.0,0,0.0,3.5,0.0,0.0,0.0,0.0,0.0,0.0,0.0,2952338.135667544,0.0,0.0,0.0,0.0,0.0,0.0,0.0,0.0,0.0,-2952338.135667544,-2952338.135667544,0.0,295233.8135667544,0.0,354280.5762801053,2657104.3221007893,0.0,0.0,,,,,-2657104.3221007893,government_supported
S01,2027-02-01,Atlas East,Virginia,60,1.25,75.0,2028-01-01,2028-04-01,0,12000,3.5,62,4200000,0.18,0.25,0.82,18,9,0.33999999999999997,0.66,0.06,10.0,0.1,2028-02-01,2027-06-01,2027-05-01,2028-01-01,2028-04-01,2027-01-01,base,2028-04-01,False,False,False,19950059.688890066,0.0,-14,0.0,0,0.0,0.0,0,0.0,3.5,0.0,0.0,0.0,0.0,0.0,0.0,0.0,19950059.688890066,0.0,0.0,0.0,0.0,0.0,0.0,0.0,0.0,0.0,-19950059.688890066,-19950059.688890066,0.0,1995005.9688890066,0.0,2394007.162666808,17955053.72000106,0.0,0.0,,,,,-17955053.72000106,government_supported
S01,2027-03-01,Atlas East,Virginia,60,1.25,75.0,2028-01-01,2028-04-01,0,12000,3.5,62,4200000,0.18,0.25,0.82,18,9,0.33999999999999997,0.66,0.06,10.0,0.1,2028-02-01,2027-06-01,2027-05-01,2028-01-01,2028-04-01,2027-01-01,base,2028-04-01,False,False,False,19143661.813204482,0.0,-13,0.0,0,0.0,0.0,0,0.0,3.5,0.0,0.0,0.0,0.0,0.0,0.0,0.0,19143661.813204482,0.0,0.0,0.0,0.0,0.0,0.0,0.0,0.0,0.0,-19143661.813204482,-19143661.813204482,0.0,1914366.1813204484,0.0,2297239.417584538,17229295.631884035,0.0,0.0,,,,,-17229295.631884035,government_supported
S01,2027-04-01,Atlas East,Virginia,60,1.25,75.0,2028-01-01,2028-04-01,0,12000,3.5,62,4200000,0.18,0.25,0.82,18,9,0.33999999999999997,0.66,0.06,10.0,0.1,2028-02-01,2027-06-01,2027-05-01,2028-01-01,2028-04-01,2027-01-01,base,2028-04-01,False,False,False,13148149.546374992,0.0,-12,0.0,0,0.0,0.0,0,0.0,3.5,0.0,0.0,0.0,0.0,0.0,0.0,0.0,13148149.546374992,0.0,0.0,0.0,0.0,0.0,0.0,0.0,0.0,0.0,-13148149.546374992,-13148149.546374992,0.0,1314814.9546374993,0.0,1577777.945564999,11833334.591737492,0.0,0.0,,,,,-11833334.591737492,government_supported
S01,2027-05-01,Atlas East,Virginia,60,1.25,75.0,2028-01-01,2028-04-01,0,12000,3.5,62,4200000,0.18,0.25,0.82,18,9,0.33999999999999997,0.66,0.06,10.0,0.1,2028-02-01,2027-06-01,2027-05-01,2028-01-01,2028-04-01,2027-01-01,base,2028-04-01,False,False,False,8896179.714969855,0.0,-11,0.0,0,0.0,0.0,0,0.0,3.5,0.0,0.0,0.0,0.0,0.0,0.0,0.0,8896179.714969855,0.0,0.0,0.0,0.0,0.0,0.0,0.0,0.0,0.0,-8896179.714969855,-8896179.714969855,0.0,889617.9714969855,0.0,1067541.5657963825,8006561.7434728695,0.0,0.0,,,,,-8006561.7434728695,government_supported
S01,2027-06-01,Atlas East,Virginia,60,1.25,75.0,2028-01-01,2028-04-01,0,12000,3.5,62,4200000,0.18,0.25,0.82,18,9,0.33999999999999997,0.66,0.06,10.0,0.1,2028-02-01,2027-06-01,2027-05-01,2028-01-01,2028-04-01,2027-01-01,base,2028-04-01,False,False,False,23163564.590840273,0.0,-10,0.0,0,0.0,0.0,0,0.0,3.5,0.0,0.0,0.0,0.0,0.0,0.0,0.0,23163564.590840273,0.0,0.0,0.0,0.0,0.0,0.0,0.0,0.0,0.0,-23163564.590840273,-23163564.590840273,0.0,2316356.4590840274,0.0,2779627.7509008325,20847208.131756246,0.0,0.0,,,,,-20847208.131756246,government_supported
S01,2027-07-01,Atlas East,Virginia,60,1.25,75.0,2028-01-01,2028-04-01,0,12000,3.5,62,4200000,0.18,0.25,0.82,18,9,0.33999999999999997,0.66,0.06,10.0,0.1,2028-02-01,2027-06-01,2027-05-01,2028-01-01,2028-04-01,2027-01-01,base,2028-04-01,False,False,False,48607218.002984904,0.0,-9,0.0,0,0.0,0.0,0,0.0,3.5,0.0,0.0,0.0,0.0,0.0,0.0,0.0,48038844.817649715,568373.1853351884,2841.865926675942,0.0,0.0,571215.0512618644,0.0,0.0,0.0,0.0,-48607218.002984904,-48038844.817649715,-6.984919309616089e-10,4860721.800298491,0.0,5832866.160358189,43178123.017351225,0.0,0.0,,,,,-43178123.017351225,government_supported
S01,2027-08-01,Atlas East,Virginia,60,1.25,75.0,2028-01-01,2028-04-01,0,12000,3.5,62,4200000,0.18,0.25,0.82,18,9,0.33999999999999997,0.66,0.06,10.0,0.1,2028-02-01,2027-06-01,2027-05-01,2028-01-01,2028-04-01,2027-01-01,base,2028-04-01,False,False,False,88273639.40653794,0.0,-8,0.0,0,0.0,0.0,0,0.0,3.5,0.0,0.0,0.0,0.0,0.0,0.0,0.0,30013037.398222893,58260602.00831504,294159.08529788454,0.0,0.0,59125976.14487479,0.0,0.0,0.0,0.0,-88273639.40653794,-30013037.398222893,0.0,8827363.940653794,0.0,10592836.728784552,21185673.4575691,0.0,0.0,,,,,-21185673.4575691,government_supported
S01,2027-09-01,Atlas East,Virginia,60,1.25,75.0,2028-01-01,2028-04-01,0,12000,3.5,62,4200000,0.18,0.25,0.82,18,9,0.33999999999999997,0.66,0.06,10.0,0.1,2028-02-01,2027-06-01,2027-05-01,2028-01-01,2028-04-01,2027-01-01,base,2028-04-01,False,False,False,127940060.81009096,0.0,-7,0.0,0,0.0,0.0,0,0.0,3.5,0.0,0.0,0.0,0.0,0.0,0.0,0.0,43499620.67543092,84440440.13466004,717832.081397674,0.0,0.0,144284248.3609325,0.0,0.0,0.0,0.0,-127940060.81009096,-43499620.67543092,0.0,12794006.081009097,0.0,15352807.297210915,30705614.594421826,0.0,0.0,,,,,-30705614.594421826,government_supported
S01,2027-10-01,Atlas East,Virginia,60,1.25,75.0,2028-01-01,2028-04-01,0,12000,3.5,62,4200000,0.18,0.25,0.82,18,9,0.33999999999999997,0.66,0.06,10.0,0.1,2028-02-01,2027-06-01,2027-05-01,2028-01-01,2028-04-01,2027-01-01,base,2028-04-01,False,False,False,159778356.60462138,0.0,-6,0.0,0,0.0,0.0,0,0.0,3.5,0.0,0.0,0.0,0.0,0.0,0.0,0.0,54324641.24557128,105453715.35905011,1248689.818599913,0.0,0.0,250986653.53858253,0.0,0.0,0.0,0.0,-159778356.60462138,-54324641.24557127,1.4901161193847656e-08,15977835.66046214,0.0,19173402.792554565,38346805.58510914,0.0,0.0,,,,,-38346805.58510913,government_supported
S01,2027-11-01,Atlas East,Virginia,60,1.25,75.0,2028-01-01,2028-04-01,0,12000,3.5,62,4200000,0.18,0.25,0.82,18,9,0.33999999999999997,0.66,0.06,10.0,0.1,2028-02-01,2027-06-01,2027-05-01,2028-01-01,2028-04-01,2027-01-01,base,2028-04-01,False,False,False,160881344.95668158,0.0,-5,0.0,0,0.0,0.0,0,0.0,3.5,0.0,0.0,0.0,0.0,0.0,0.0,0.0,54699657.285271734,106181687.67140985,1785841.706049962,0.0,0.0,358954182.9160424,0.0,0.0,0.0,0.0,-160881344.95668158,-54699657.285271734,0.0,16088134.495668158,0.0,19305761.394801788,38611522.789603576,0.0,0.0,,,,,-38611522.789603576,government_supported
S01,2027-12-01,Atlas East,Virginia,60,1.25,75.0,2028-01-01,2028-04-01,0,12000,3.5,62,4200000,0.18,0.25,0.82,18,9,0.33999999999999997,0.66,0.06,10.0,0.1,2028-02-01,2027-06-01,2027-05-01,2028-01-01,2028-04-01,2027-01-01,base,2028-04-01,False,False,False,93512995.72912401,0.0,-4,0.0,0,0.0,0.0,0,0.0,3.5,0.0,0.0,0.0,0.0,0.0,0.0,0.0,31794418.54790216,61718577.18122185,2103363.800486321,0.0,0.0,422776123.89775056,0.0,0.0,0.0,0.0,-93512995.72912401,-31794418.54790216,0.0,9351299.5729124,0.0,11221559.48749488,22443118.974989757,0.0,0.0,,0.0,0.0,,-22443118.974989757,government_supported
S01,2028-01-01,Atlas East,Virginia,60,1.25,75.0,2028-01-01,2028-04-01,0,12000,3.5,62,4200000,0.18,0.25,0.82,18,9,0.33999999999999997,0.66,0.06,10.0,0.1,2028-02-01,2027-06-01,2027-05-01,2028-01-01,2028-04-01,2027-01-01,base,2028-04-01,True,False,False,84216297.1702724,24172661.870503593,-3,0.0,0,0.0,0.0,0,0.0,3.5,0.0,0.0,0.0,0.0,0.0,0.0,0.0,28633541.03789261,55582756.132379785,2391794.4001506516,0.0,0.0,480750674.430281,0.0,0.0,0.0,0.0,-84216297.1702724,-28633541.03789261,0.0,8421629.71702724,0.0,10105955.660432687,20211911.32086537,0.0,0.0,,0.0,0.0,,-20211911.32086537,government_supported
S01,2028-02-01,Atlas East,Virginia,60,1.25,75.0,2028-01-01,2028-04-01,0,12000,3.5,62,4200000,0.18,0.25,0.82,18,9,0.33999999999999997,0.66,0.06,10.0,0.1,2028-02-01,2027-06-01,2027-05-01,2028-01-01,2028-04-01,2027-01-01,base,2028-04-01,True,True,False,187593687.7865741,143884892.08633092,-2,0.0,0,0.0,0.0,0,0.0,3.5,0.0,0.0,0.0,0.0,0.0,0.0,0.0,63781853.8474352,123811833.9391389,3022812.5418470996,0.0,0.0,607585320.911267,0.0,0.0,0.0,0.0,-187593687.7865741,-63781853.84743519,1.4901161193847656e-08,18759368.77865741,0.0,22511242.534388892,45022485.068777785,0.0,0.0,,0.0,0.0,,-45022485.068777785,government_supported
S01,2028-03-01,Atlas East,Virginia,60,1.25,75.0,2028-01-01,2028-04-01,0,12000,3.5,62,4200000,0.18,0.25,0.82,18,9,0.33999999999999997,0.66,0.06,10.0,0.1,2028-02-01,2027-06-01,2027-05-01,2028-01-01,2028-04-01,2027-01-01,base,2028-04-01,True,True,False,287769784.17266184,287769784.17266184,-1,0.0,0,0.0,0.0,0,0.0,3.5,0.0,0.0,0.0,0.0,0.0,0.0,0.0,97841726.61870499,189928057.55395684,3987566.89232612,0.0,0.0,801500945.35755,0.0,0.0,0.0,0.0,-287769784.17266184,-97841726.618705,-2.9802322387695312e-08,28776978.417266186,0.0,34532374.10071942,69064748.2014388,0.0,0.0,,0.0,0.0,,-69064748.20143881,government_supported
S01,2028-04-01,Atlas East,Virginia,60,1.25,75.0,2028-01-01,2028-04-01,0,12000,3.5,62,4200000,0.18,0.25,0.82,18,9,0.33999999999999997,0.66,0.06,10.0,0.1,2028-02-01,2027-06-01,2027-05-01,2028-01-01,2028-04-01,2027-01-01,base,2028-04-01,True,True,True,24172661.870503593,24172661.870503593,0,0.25,1333,6.665,8.33125,959760,239940.0,3.5,839790.0,1499.6250000000002,92976.75000000001,4200000.0,43189.2,4336165.95,-3496375.95,8218705.035971221,15953956.834532373,0.0,4087274.510960412,6812124.18493402,810642778.0071484,10899398.695894431,0.0,0.0,-3496375.95,-27669037.820503592,-22614479.68186565,-14395774.64589443,2417266.1870503593,0.0,2900719.424460431,5801438.848920861,16795.8,-3513171.75,-0.3223271162035146,-3513171.75,10899398.695894431,-0.3223271162035146,-20214009.294815294,government_supported
S01,2028-05-01,Atlas East,Virginia,60,1.25,75.0,2028-01-01,2028-04-01,0,12000,3.5,62,4200000,0.18,0.25,0.82,18,9,0.33999999999999997,0.66,0.06,10.0,0.1,2028-02-01,2027-06-01,2027-05-01,2028-01-01,2028-04-01,2027-01-01,base,2028-04-01,True,True,True,0.0,0.0,1,0.2816666666666667,2666,13.33,16.6625,1983504,558686.96,3.5,1955404.3599999999,3491.7935000000007,216491.19700000004,4200000.0,100563.6528,4517054.8498,-2561650.4898,0.0,0.0,0.0,4053213.890035742,6812124.18493402,803830653.8222144,10865338.074969761,0.0,0.0,-2561650.4898,-2561650.4898,-13426988.564769762,-13426988.564769762,0.0,0.0,0.0,0.0,39108.0872,-2600758.577,-0.23936287661322844,-6113930.327,21764736.770864192,-0.28090991365374735,-13466096.65196976,government_supported
S01,2028-06-01,Atlas East,Virginia,60,1.25,75.0,2028-01-01,2028-04-01,0,12000,3.5,62,4200000,0.18,0.25,0.82,18,9,0.33999999999999997,0.66,0.06,10.0,0.1,2028-02-01,2027-06-01,2027-05-01,2028-01-01,2028-04-01,2027-01-01,base,2028-04-01,True,True,True,0.0,0.0,2,0.31333333333333335,4000,20.0,25.0,2880000,902400.0,3.5,3158400.0,5640.0,349680.0,4200000.0,162432.0,4712112.0,-1553712.0,0.0,0.0,0.0,4019153.2691110717,6812124.18493402,797018529.6372803,10831277.45404509,0.0,0.0,-1553712.0,-1553712.0,-12384989.45404509,-12384989.45404509,0.0,0.0,0.0,0.0,63168.0,-1616880.0,-0.1492787906929809,-7730810.327,32596014.224909283,-0.23717041824985627,-12448157.45404509,government_supported
S01,2028-07-01,Atlas East,Virginia,60,1.25,75.0,2028-01-01,2028-04-01,0,12000,3.5,62,4200000,0.18,0.25,0.82,18,9,0.33999999999999997,0.66,0.06,10.0,0.1,2028-02-01,2027-06-01,2027-05-01,2028-01-01,2028-04-01,2027-01-01,base,2028-04-01,True,True,True,0.0,0.0,3,0.345,5333,26.665,33.33125,3967752,1368874.44,3.5,4791060.54,8555.465249999997,530438.8454999998,4200000.0,246397.39919999999,4976836.2447,-185775.70469999965,0.0,0.0,0.0,3985092.648186402,6812124.18493402,790206405.4523463,10797216.833120422,0.0,0.0,-185775.70469999965,-185775.70469999965,-10982992.537820421,-10982992.537820421,0.0,0.0,0.0,0.0,95821.2108,-281596.91549999965,-0.02608050943611711,-8012407.2425,43393231.058029704,-0.18464647704580972,-11078813.748620423,government_supported
S01,2028-08-01,Atlas East,Virginia,60,1.25,75.0,2028-01-01,2028-04-01,0,12000,3.5,62,4200000,0.18,0.25,0.82,18,9,0.33999999999999997,0.66,0.06,10.0,0.1,2028-02-01,2027-06-01,2027-05-01,2028-01-01,2028-04-01,2027-01-01,base,2028-04-01,True,True,True,0.0,0.0,4,0.37666666666666665,6666,33.33,41.662499999999994,4959504,1868079.8399999999,3.5,6538279.4399999995,11675.498999999998,723880.9379999998,4200000.0,336254.37119999994,5260135.3092,1278144.1307999995,0.0,0.0,0.0,3951032.0272617317,6812124.18493402,783394281.2674123,10763156.212195752,0.0,0.0,1278144.1307999995,1278144.1307999995,-9485012.081395753,-9485012.081395753,0.0,0.0,0.0,0.0,130765.5888,1147378.5419999994,0.10660242398971248,-6865028.7005,54156387.27022546,-0.1267630476576179,-9615777.670195753,government_supported
S01,2028-09-01,Atlas East,Virginia,60,1.25,75.0,2028-01-01,2028-04-01,0,12000,3.5,62,4200000,0.18,0.25,0.82,18,9,0.33999999999999997,0.66,0.06,10.0,0.1,2028-02-01,2027-06-01,2027-05-01,2028-01-01,2028-04-01,2027-01-01,base,2028-04-01,True,True,True,0.0,0.0,5,0.4083333333333333,8000,40.0,50.0,5760000,2352000.0,3.5,8232000.0,14700.0,911400.0,4200000.0,423360.0,5534760.0,2697240.0,0.0,0.0,0.0,3916971.4063370614,6812124.18493402,776582157.0824783,10729095.591271082,0.0,0.0,2697240.0,2697240.0,-8031855.591271082,-8031855.591271082,0.0,0.0,0.0,0.0,164640.0,2532600.0,0.23604971905185174,-4332428.7005,64885482.86149654,-0.06677038544581582,-8196495.591271082,government_supported
S01,2028-10-01,Atlas East,Virginia,60,1.25,75.0,2028-01-01,2028-04-01,0,12000,3.5,62,4200000,0.18,0.25,0.82,18,9,0.33999999999999997,0.66,0.06,10.0,0.1,2028-02-01,2027-06-01,2027-05-01,2028-01-01,2028-04-01,2027-01-01,base,2028-04-01,True,True,True,0.0,0.0,6,0.43999999999999995,9333,46.665000000000006,58.33125000000001,6943752,3055250.8799999994,3.5,10693378.079999998,19095.318000000003,1183909.7160000002,4200000.0,549945.1583999998,5933854.8744,4759523.205599998,0.0,0.0,0.0,3882910.7854123916,6812124.18493402,769770032.8975443,10695034.970346412,876612.4201876065,219153.10504690162,4540370.100553096,4540370.100553096,-6154664.869793315,-6154664.869793315,0.0,0.0,0.0,0.0,213867.56159999996,4326502.538953097,0.40453374401757203,-5926.161546903662,75580517.83184296,-7.84085861926564e-05,-6368532.431393315,government_supported
S01,2028-11-01,Atlas East,Virginia,60,1.25,75.0,2028-01-01,2028-04-01,0,12000,3.5,62,4200000,0.18,0.25,0.82,18,9,0.33999999999999997,0.66,0.06,10.0,0.1,2028-02-01,2027-06-01,2027-05-01,2028-01-01,2028-04-01,2027-01-01,base,2028-04-01,True,True,True,0.0,0.0,7,0.4716666666666667,10666,53.33,66.6625,7679520,3622173.6,3.5,12677607.6,22638.584999999995,1403592.2699999998,4200000.0,651991.248,6255583.517999999,6422024.082,0.0,0.0,0.0,3848850.1644877214,6812124.18493402,762957908.7126102,10660974.349421741,2573173.917512279,643293.4793780698,5778730.602621931,5778730.602621931,-4882243.746799811,-4882243.746799811,0.0,0.0,0.0,0.0,253552.152,5525178.450621931,0.5182620527477041,5519252.289075027,86241492.1812647,0.06399764370350311,-5135795.898799811,government_supported
S01,2028-12-01,Atlas East,Virginia,60,1.25,75.0,2028-01-01,2028-04-01,0,12000,3.5,62,4200000,0.18,0.25,0.82,18,9,0.33999999999999997,0.66,0.06,10.0,0.1,2028-02-01,2027-06-01,2027-05-01,2028-01-01,2028-04-01,2027-01-01,base,2028-04-01,True,True,True,0.0,0.0,8,0.5033333333333333,12000,60.0,75.0,8928000,4493760.0,3.5,15728160.0,28085.999999999996,1741331.9999999998,4200000.0,808876.7999999999,6750208.8,8977951.2,0.0,0.0,0.0,3814789.543563051,6812124.18493402,756145784.5276762,10626913.728497071,5163161.656436948,1290790.414109237,7687160.785890762,7687160.785890762,-2939752.9426063094,-2939752.9426063094,0.0,0.0,0.0,0.0,314563.2,7372597.585890762,0.6937665792957786,12891849.874965789,96868405.90976176,0.13308621891615782,-3254316.1426063096,government_supported
S01,2029-01-01,Atlas East,Virginia,60,1.25,75.0,2028-01-01,2028-04-01,0,12000,3.5,62,4200000,0.18,0.25,0.82,18,9,0.33999999999999997,0.66,0.06,10.0,0.1,2028-02-01,2027-06-01,2027-05-01,2028-01-01,2028-04-01,2027-01-01,base,2028-04-01,True,True,True,0.0,0.0,9,0.5349999999999999,12000,60.0,75.0,8928000,4776479.999999999,3.5,16717679.999999996,29852.999999999996,1850885.9999999998,4200000.0,859766.3999999998,6910652.399999999,9807027.599999998,0.0,0.0,0.0,3780728.9226383814,6812124.18493402,749333660.3427422,10592853.107572401,6026298.677361617,1506574.6693404042,8300452.930659594,8300452.930659594,-2292400.176912807,-2292400.176912807,0.0,0.0,0.0,0.0,334353.5999999999,7966099.330659594,0.7520258470274598,20857949.205625385,107461259.01733416,0.19409738352554448,-2626753.7769128066,government_supported
S01,2029-02-01,Atlas East,Virginia,60,1.25,75.0,2028-01-01,2028-04-01,0,12000,3.5,62,4200000,0.18,0.25,0.82,18,9,0.33999999999999997,0.66,0.06,10.0,0.1,2028-02-01,2027-06-01,2027-05-01,2028-01-01,2028-04-01,2027-01-01,base,2028-04-01,True,True,True,0.0,0.0,10,0.5666666666666667,12000,60.0,75.0,8064000,4569600.0,3.5,15993600.0,28560.0,1770720.0,4200000.0,822528.0,6793248.0,9200352.0,0.0,0.0,0.0,3746668.301713711,6812124.18493402,742521536.1578082,10558792.48664773,5453683.698286289,1363420.9245715723,7836931.075428428,7836931.075428428,-2721861.4112193026,-2721861.4112193026,0.0,0.0,0.0,0.0,319872.0,7517059.075428428,0.7119241224727383,28375008.28105381,118020051.50398189,0.24042531688012747,-3041733.4112193026,government_supported
S01,2029-03-01,Atlas East,Virginia,60,1.25,75.0,2028-01-01,2028-04-01,0,12000,3.5,62,4200000,0.18,0.25,0.82,18,9,0.33999999999999997,0.66,0.06,10.0,0.1,2028-02-01,2027-06-01,2027-05-01,2028-01-01,2028-04-01,2027-01-01,base,2028-04-01,True,True,True,0.0,0.0,11,0.5983333333333334,12000,60.0,75.0,8928000,5341920.0,3.5,18696720.0,33387.0,2069994.0,4200000.0,961545.6,7231539.6,11465180.4,0.0,0.0,0.0,3712607.680789041,6812124.18493402,735709411.9728742,10524731.86572306,7752572.71921096,1938143.17980274,9527037.22019726,9527037.22019726,-997694.6455258001,-997694.6455258001,0.0,0.0,0.0,0.0,373934.4,9153102.82019726,0.8696756304079422,37528111.10125107,128544783.36970496,0.291945811548939,-1371629.0455258004,government_supported
S01,2029-04-01,Atlas East,Virginia,60,1.25,75.0,2028-01-01,2028-04-01,0,12000,3.5,62,4200000,0.18,0.25,0.82,18,9,0.33999999999999997,0.66,0.06,10.0,0.1,2028-02-01,2027-06-01,2027-05-01,2028-01-01,2028-04-01,2027-01-01,base,2028-04-01,True,True,True,0.0,0.0,12,0.6299999999999999,12000,60.0,75.0,8640000,5443199.999999999,3.5,19051199.999999996,34019.99999999999,2109239.9999999995,4200000.0,979775.9999999998,7289016.0,11762183.999999996,0.0,0.0,0.0,3678547.059864371,6812124.18493402,728897287.7879401,10490671.244798392,8083636.940135625,2020909.2350339063,9741274.76496609,9741274.76496609,-749396.4798323028,-749396.4798323028,0.0,0.0,0.0,0.0,381023.99999999994,9360250.76496609,0.8922451715954018,50401533.61621716,128136055.91860892,0.3933438816645944,-1130420.4798323028,government_supported
S01,2029-05-01,Atlas East,Virginia,60,1.25,75.0,2028-01-01,2028-04-01,0,12000,3.5,62,4200000,0.18,0.25,0.82,18,9,0.33999999999999997,0.66,0.06,10.0,0.1,2028-02-01,2027-06-01,2027-05-01,2028-01-01,2028-04-01,2027-01-01,base,2028-04-01,True,True,True,0.0,0.0,13,0.6616666666666666,12000,60.0,75.0,8928000,5907360.0,3.5,20675760.0,36921.0,2289102.0,4200000.0,1063324.8,7552426.8,13123333.2,0.0,0.0,0.0,3644486.438939701,6812124.18493402,722085163.6030061,10456610.623873722,9478846.761060297,2369711.6902650744,10753621.509734925,10753621.509734925,297010.8858612031,297010.8858612031,0.0,0.0,0.0,0.0,413515.2,10340106.309734926,0.9888583099888215,63342398.502952084,127727328.46751288,0.4959189177675713,-116504.31413879618,government_supported
S01,2029-06-01,Atlas East,Virginia,60,1.25,75.0,2028-01-01,2028-04-01,0,12000,3.5,62,4200000,0.18,0.25,0.82,18,9,0.33999999999999997,0.66,0.06,10.0,0.1,2028-02-01,2027-06-01,2027-05-01,2028-01-01,2028-04-01,2027-01-01,base,2028-04-01,True,True,True,0.0,0.0,14,0.6933333333333334,12000,60.0,75.0,8640000,5990400.0,3.5,20966400.0,37440.0,2321280.0,4200000.0,1078272.0,7599552.0,13366848.0,0.0,0.0,0.0,3610425.8180150306,6812124.18493402,715273039.4180721,10422550.002949052,9756422.181984968,2439105.545496242,10927742.454503758,10927742.454503758,505192.4515547063,505192.4515547063,0.0,0.0,0.0,0.0,419328.0,10508414.454503758,1.0082383343356867,75467692.95745584,127318601.01641685,0.5927467970506902,85864.45155470632,government_supported
S01,2029-07-01,Atlas East,Virginia,60,1.25,75.0,2028-01-01,2028-04-01,0,12000,3.5,62,4200000,0.18,0.25,0.82,18,9,0.33999999999999997,0.66,0.06,10.0,0.1,2028-02-01,2027-06-01,2027-05-01,2028-01-01,2028-04-01,2027-01-01,base,2028-04-01,True,True,True,0.0,0.0,15,0.725,12000,60.0,75.0,8928000,6472800.0,3.5,22654800.0,40455.0,2508210.0,4200000.0,1165104.0,7873314.0,14781486.0,0.0,0.0,0.0,3576365.197090361,6812124.18493402,708460915.2331381,10388489.382024381,11205120.802909639,2801280.2007274097,11980205.79927259,11980205.79927259,1591716.417248208,1591716.417248208,0.0,0.0,0.0,0.0,453096.0,11527109.79927259,1.109604041105188,87276399.67222843,126909873.56532079,0.6877037792280761,1138620.417248208,government_supported
S01,2029-08-01,Atlas East,Virginia,60,1.25,75.0,2028-01-01,2028-04-01,0,12000,3.5,62,4200000,0.18,0.25,0.82,18,9,0.33999999999999997,0.66,0.06,10.0,0.1,2028-02-01,2027-06-01,2027-05-01,2028-01-01,2028-04-01,2027-01-01,base,2028-04-01,True,True,True,0.0,0.0,16,0.7566666666666666,12000,60.0,75.0,8928000,6755519.999999999,3.5,23644319.999999996,42221.99999999999,2617763.9999999995,4200000.0,1215993.5999999999,8033757.6,15610562.399999997,0.0,0.0,0.0,3542304.5761656906,6812124.18493402,701648791.0482041,10354428.761099711,12068257.823834306,3017064.4559585764,12593497.94404142,12593497.94404142,2239069.1829417087,2239069.1829417087,0.0,0.0,0.0,0.0,472886.3999999999,12120611.54404142,1.170572691520853,98249632.67426986,126501146.11422475,0.776669901358482,1766182.7829417083,government_supported
S01,2029-09-01,Atlas East,Virginia,60,1.25,75.0,2028-01-01,2028-04-01,0,12000,3.5,62,4200000,0.18,0.25,0.82,18,9,0.33999999999999997,0.66,0.06,10.0,0.1,2028-02-01,2027-06-01,2027-05-01,2028-01-01,2028-04-01,2027-01-01,base,2028-04-01,True,True,True,0.0,0.0,17,0.7883333333333332,12000,60.0,75.0,8640000,6811199.999999999,3.5,23839199.999999996,42569.99999999999,2639339.9999999995,4200000.0,1226015.9999999998,8065356.0,15773843.999999996,0.0,0.0,0.0,3508243.9552410203,6812124.18493402,694836666.86327,10320368.14017504,12265600.044758976,3066400.011189744,12707443.988810252,12707443.988810252,2387075.8486352116,2387075.8486352116,0.0,0.0,0.0,0.0,476783.99999999994,12230659.988810252,1.185099196335724,107947692.66308011,126092418.66312872,0.8560997862327913,1910291.8486352116,government_supported
S01,2029-10-01,Atlas East,Virginia,60,1.25,75.0,2028-01-01,2028-04-01,0,12000,3.5,62,4200000,0.18,0.25,0.82,18,9,0.33999999999999997,0.66,0.06,10.0,0.1,2028-02-01,2027-06-01,2027-05-01,2028-01-01,2028-04-01,2027-01-01,base,2028-04-01,True,True,True,0.0,0.0,18,0.82,12000,60.0,75.0,8928000,7320960.0,3.5,25623360.0,45756.0,2836872.0,4200000.0,1317772.8,8354644.8,17268715.2,0.0,0.0,0.0,3474183.3343163505,6812124.18493402,688024542.678336,10286307.51925037,13794531.865683649,3448632.966420912,13820082.233579088,13820082.233579088,3533774.7143287174,3533774.7143287174,0.0,0.0,0.0,0.0,512467.2,13307615.033579089,1.2937212900425614,116928805.1577061,125683691.21203268,0.9303419085650756,3021307.514328718,government_supported
S01,2029-11-01,Atlas East,Virginia,60,1.25,75.0,2028-01-01,2028-04-01,0,12000,3.5,62,4200000,0.18,0.25,0.82,18,9,0.33999999999999997,0.66,0.06,10.0,0.1,2028-02-01,2027-06-01,2027-05-01,2028-01-01,2028-04-01,2027-01-01,base,2028-04-01,True,True,True,0.0,0.0,19,0.82,12000,60.0,75.0,8640000,7084800.0,3.5,24796800.0,44280.0,2745360.0,4200000.0,1275264.0,8220624.0,16576176.0,0.0,0.0,0.0,3440122.7133916803,6812124.18493402,681212418.493402,10252246.8983257,13136053.28660832,3284013.32165208,13292162.67834792,13292162.67834792,3039915.780022219,3039915.780022219,0.0,0.0,0.0,0.0,495936.0,12796226.67834792,1.2481387548750584,124199853.3854321,125274963.76093663,0.9914179949191111,2543979.780022219,government_supported
S01,2029-12-01,Atlas East,Virginia,60,1.25,75.0,2028-01-01,2028-04-01,0,12000,3.5,62,4200000,0.18,0.25,0.82,18,9,0.33999999999999997,0.66,0.06,10.0,0.1,2028-02-01,2027-06-01,2027-05-01,2028-01-01,2028-04-01,2027-01-01,base,2028-04-01,True,True,True,0.0,0.0,20,0.82,12000,60.0,75.0,8928000,7320960.0,3.5,25623360.0,45756.0,2836872.0,4200000.0,1317772.8,8354644.8,17268715.2,0.0,0.0,0.0,3406062.09246701,6812124.18493402,674400294.308468,10218186.27740103,13862653.10753299,3465663.2768832473,13803051.923116751,13803051.923116751,3584865.645715721,3584865.645715721,0.0,0.0,0.0,0.0,512467.2,13290584.723116752,1.3006794319761783,130117840.52265806,124866236.30984059,1.0420578401977798,3072398.4457157217,government_supported
S01,2030-01-01,Atlas East,Virginia,60,1.25,75.0,2028-01-01,2028-04-01,0,12000,3.5,62,4200000,0.18,0.25,0.82,18,9,0.33999999999999997,0.66,0.06,10.0,0.1,2028-02-01,2027-06-01,2027-05-01,2028-01-01,2028-04-01,2027-01-01,base,2028-04-01,True,True,True,0.0,0.0,21,0.82,12000,60.0,75.0,8928000,7320960.0,3.5,25623360.0,45756.0,2836872.0,4200000.0,1317772.8,8354644.8,17268715.2,0.0,0.0,0.0,3372001.47154234,6812124.18493402,667588170.123534,10184125.65647636,13896713.72845766,3474178.432114415,13794536.767885584,13794536.767885584,3610411.1114092246,3610411.1114092246,0.0,0.0,0.0,0.0,512467.2,13282069.567885585,1.3041934100095436,135433810.75988406,124457508.85874455,1.0881931673049738,3097943.9114092253,government_supported
S01,2030-02-01,Atlas East,Virginia,60,1.25,75.0,2028-01-01,2028-04-01,0,12000,3.5,62,4200000,0.18,0.25,0.82,18,9,0.33999999999999997,0.66,0.06,10.0,0.1,2028-02-01,2027-06-01,2027-05-01,2028-01-01,2028-04-01,2027-01-01,base,2028-04-01,True,True,True,0.0,0.0,22,0.82,12000,60.0,75.0,8064000,6612480.0,3.5,23143680.0,41328.0,2562336.0,4200000.0,1190246.4,7952582.4,15191097.6,0.0,0.0,0.0,3337940.85061767,6812124.18493402,660776045.9386,10150065.03555169,11853156.74938233,2963289.1873455825,12227808.412654417,12227808.412654417,2077743.377102727,2077743.377102727,0.0,0.0,0.0,0.0,462873.60000000003,11764934.812654417,1.1590994512297679,139681686.49711007,124048781.4076485,1.1260222382845406,1614869.7771027274,government_supported
S01,2030-03-01,Atlas East,Virginia,60,1.25,75.0,2028-01-01,2028-04-01,0,12000,3.5,62,4200000,0.18,0.25,0.82,18,9,0.33999999999999997,0.66,0.06,10.0,0.1,2028-02-01,2027-06-01,2027-05-01,2028-01-01,2028-04-01,2027-01-01,base,2028-04-01,True,True,True,0.0,0.0,23,0.82,12000,60.0,75.0,8928000,7320960.0,3.5,25623360.0,45756.0,2836872.0,4200000.0,1317772.8,8354644.8,17268715.2,0.0,0.0,0.0,3303880.2296929997,6812124.18493402,653963921.7536659,10116004.41462702,13964834.970307,3491208.74257675,13777506.45742325,13777506.45742325,3661502.04279623,3661502.04279623,0.0,0.0,0.0,0.0,512467.2,13265039.25742325,1.3112923555314935,143793622.93433604,123640053.95655246,1.163001942597547,3149034.8427962307,government_supported
S01,2030-04-01,Atlas East,Virginia,60,1.25,75.0,2028-01-01,2028-04-01,0,12000,3.5,62,4200000,0.18,0.25,0.82,18,9,0.33999999999999997,0.66,0.06,10.0,0.1,2028-02-01,2027-06-01,2027-05-01,2028-01-01,2028-04-01,2027-01-01,base,2028-04-01,True,True,True,0.0,0.0,24,0.82,12000,60.0,75.0,8640000,7084800.0,3.5,24796800.0,44280.0,2745360.0,4200000.0,1275264.0,8220624.0,16576176.0,0.0,0.0,0.0,3269819.6087683295,6812124.18493402,647151797.5687319,10081943.793702349,13306356.391231671,3326589.0978079177,13249586.902192082,13249586.902192082,3167643.108489733,3167643.108489733,0.0,0.0,0.0,0.0,495936.0,12753650.902192082,1.2649992068155156,147187023.07156202,123231326.50545642,1.1943961592026269,2671707.108489733,government_supported
S01,2030-05-01,Atlas East,Virginia,60,1.25,75.0,2028-01-01,2028-04-01,0,12000,3.5,62,4200000,0.18,0.25,0.82,18,9,0.33999999999999997,0.66,0.06,10.0,0.1,2028-02-01,2027-06-01,2027-05-01,2028-01-01,2028-04-01,2027-01-01,base,2028-04-01,True,True,True,0.0,0.0,25,0.82,12000,60.0,75.0,8928000,7320960.0,3.5,25623360.0,45756.0,2836872.0,4200000.0,1317772.8,8354644.8,17268715.2,0.0,0.0,0.0,3235758.9878436597,6812124.18493402,640339673.3837979,10047883.172777679,14032956.21215634,3508239.053039085,13760476.146960914,13760476.146960914,3712592.9741832353,3712592.9741832353,0.0,0.0,0.0,0.0,512467.2,13248008.946960915,1.3184875579418764,150094925.70878804,122822599.05436039,1.2220464870830254,3200125.774183236,government_supported
S01,2030-06-01,Atlas East,Virginia,60,1.25,75.0,2028-01-01,2028-04-01,0,12000,3.5,62,4200000,0.18,0.25,0.82,18,9,0.33999999999999997,0.66,0.06,10.0,0.1,2028-02-01,2027-06-01,2027-05-01,2028-01-01,2028-04-01,2027-01-01,base,2028-04-01,True,True,True,0.0,0.0,26,0.82,12000,60.0,75.0,8640000,7084800.0,3.5,24796800.0,44280.0,2745360.0,4200000.0,1275264.0,8220624.0,16576176.0,0.0,0.0,0.0,3201698.3669189895,6812124.18493402,633527549.1988639,10013822.551853009,13374477.633081011,3343619.408270253,13232556.591729747,13232556.591729747,3218734.0398767386,3218734.0398767386,0.0,0.0,0.0,0.0,495936.0,12736620.591729747,1.2719039633244649,152323131.846014,122413871.60326433,1.2443290115002954,2722798.0398767386,government_supported
S01,2030-07-01,Atlas East,Virginia,60,1.25,75.0,2028-01-01,2028-04-01,0,12000,3.5,62,4200000,0.18,0.25,0.82,18,9,0.33999999999999997,0.66,0.06,10.0,0.1,2028-02-01,2027-06-01,2027-05-01,2028-01-01,2028-04-01,2027-01-01,base,2028-04-01,True,True,True,0.0,0.0,27,0.82,12000,60.0,75.0,8928000,7320960.0,3.5,25623360.0,45756.0,2836872.0,4200000.0,1317772.8,8354644.8,17268715.2,0.0,0.0,0.0,3167637.745994319,6812124.18493402,626715425.0139298,9979761.930928338,14101077.454005681,3525269.3635014202,13743445.836498579,13743445.836498579,3763683.9055702407,3763683.9055702407,0.0,0.0,0.0,0.0,512467.2,13230978.63649858,1.325780988371514,154027000.68324003,122005144.1521683,1.2624631670541133,3251216.7055702414,government_supported
S01,2030-08-01,Atlas East,Virginia,60,1.25,75.0,2028-01-01,2028-04-01,0,12000,3.5,62,4200000,0.18,0.25,0.82,18,9,0.33999999999999997,0.66,0.06,10.0,0.1,2028-02-01,2027-06-01,2027-05-01,2028-01-01,2028-04-01,2027-01-01,base,2028-04-01,True,True,True,0.0,0.0,28,0.82,12000,60.0,75.0,8928000,7320960.0,3.5,25623360.0,45756.0,2836872.0,4200000.0,1317772.8,8354644.8,17268715.2,0.0,0.0,0.0,3133577.1250696494,6812124.18493402,619903300.8289958,9945701.31000367,14135138.07493035,3533784.5187325873,13734930.681267412,13734930.681267412,3789229.3712637424,3789229.3712637424,0.0,0.0,0.0,0.0,512467.2,13222463.481267413,1.3294651698385394,155128852.620466,121596416.70107226,1.2757682901283887,3276762.171263743,government_supported
S01,2030-09-01,Atlas East,Virginia,60,1.25,75.0,2028-01-01,2028-04-01,0,12000,3.5,62,4200000,0.18,0.25,0.82,18,9,0.33999999999999997,0.66,0.06,10.0,0.1,2028-02-01,2027-06-01,2027-05-01,2028-01-01,2028-04-01,2027-01-01,base,2028-04-01,True,True,True,0.0,0.0,29,0.82,12000,60.0,75.0,8640000,7084800.0,3.5,24796800.0,44280.0,2745360.0,4200000.0,1275264.0,8220624.0,16576176.0,0.0,0.0,0.0,3099516.504144979,6812124.18493402,613091176.6440618,9911640.689079,13476659.49585502,3369164.873963755,13207011.126036245,13207011.126036245,3295370.4369572457,3295370.4369572457,0.0,0.0,0.0,0.0,495936.0,12711075.126036245,1.2824390557298715,155609267.757692,121187689.24997622,1.2840352738858956,2799434.4369572457,government_supported
S01,2030-10-01,Atlas East,Virginia,60,1.25,75.0,2028-01-01,2028-04-01,0,12000,3.5,62,4200000,0.18,0.25,0.82,18,9,0.33999999999999997,0.66,0.06,10.0,0.1,2028-02-01,2027-06-01,2027-05-01,2028-01-01,2028-04-01,2027-01-01,base,2028-04-01,True,True,True,0.0,0.0,30,0.82,12000,60.0,75.0,8928000,7320960.0,3.5,25623360.0,45756.0,2836872.0,4200000.0,1317772.8,8354644.8,17268715.2,0.0,0.0,0.0,3065455.883220309,6812124.18493402,606279052.4591278,9877580.06815433,14203259.31677969,3550814.8291949225,13717900.370805077,13717900.370805077,3840320.302650748,3840320.302650748,0.0,0.0,0.0,0.0,512467.2,13205433.170805078,1.3369097572167363,155507085.89491796,120778961.79888017,1.287534547232379,3327853.1026507486,government_supported
S01,2030-11-01,Atlas East,Virginia,60,1.25,75.0,2028-01-01,2028-04-01,0,12000,3.5,62,4200000,0.18,0.25,0.82,18,9,0.33999999999999997,0.66,0.06,10.0,0.1,2028-02-01,2027-06-01,2027-05-01,2028-01-01,2028-04-01,2027-01-01,base,2028-04-01,True,True,True,0.0,0.0,31,0.82,12000,60.0,75.0,8640000,7084800.0,3.5,24796800.0,44280.0,2745360.0,4200000.0,1275264.0,8220624.0,16576176.0,0.0,0.0,0.0,3031395.262295639,6812124.18493402,599466928.2741938,9843519.44722966,13544780.73770436,3386195.18442609,13189980.81557391,13189980.81557391,3346461.368344251,3346461.368344251,0.0,0.0,0.0,0.0,495936.0,12694044.81557391,1.28958396268994,155404904.03214398,120370234.34778413,1.2910575847442038,2850525.368344251,government_supported
S01,2030-12-01,Atlas East,Virginia,60,1.25,75.0,2028-01-01,2028-04-01,0,12000,3.5,62,4200000,0.18,0.25,0.82,18,9,0.33999999999999997,0.66,0.06,10.0,0.1,2028-02-01,2027-06-01,2027-05-01,2028-01-01,2028-04-01,2027-01-01,base,2028-04-01,True,True,True,0.0,0.0,32,0.82,12000,60.0,75.0,8928000,7320960.0,3.5,25623360.0,45756.0,2836872.0,4200000.0,1317772.8,8354644.8,17268715.2,0.0,0.0,0.0,2997334.641370969,6812124.18493402,592654804.0892597,9809458.826304989,14271380.55862903,3567845.1396572576,13700870.060342742,13700870.060342742,3891411.234037753,3891411.234037753,0.0,0.0,0.0,0.0,512467.2,13188402.860342743,1.3444577416418526,155302722.16936997,119961506.89668809,1.2946046293259557,3378944.034037754,government_supported
S01,2031-01-01,Atlas East,Virginia,60,1.25,75.0,2028-01-01,2028-04-01,0,12000,3.5,62,4200000,0.18,0.25,0.82,18,9,0.33999999999999997,0.66,0.06,10.0,0.1,2028-02-01,2027-06-01,2027-05-01,2028-01-01,2028-04-01,2027-01-01,base,2028-04-01,True,True,True,0.0,0.0,33,0.82,12000,60.0,75.0,8928000,7320960.0,3.5,25623360.0,45756.0,2836872.0,4200000.0,1317772.8,8354644.8,17268715.2,0.0,0.0,0.0,2963274.0204462986,6812124.18493402,585842679.9043257,9775398.205380319,14305441.1795537,3576360.294888425,13692354.905111574,13692354.905111574,3916956.699731255,3916956.699731255,0.0,0.0,0.0,0.0,512467.2,13179887.705111574,1.3482711832503607,155200540.30659595,119552779.44559206,1.298175927203993,3404489.4997312557,government_supported
S01,2031-02-01,Atlas East,Virginia,60,1.25,75.0,2028-01-01,2028-04-01,0,12000,3.5,62,4200000,0.18,0.25,0.82,18,9,0.33999999999999997,0.66,0.06,10.0,0.1,2028-02-01,2027-06-01,2027-05-01,2028-01-01,2028-04-01,2027-01-01,base,2028-04-01,True,True,True,0.0,0.0,34,0.82,12000,60.0,75.0,8064000,6612480.0,3.5,23143680.0,41328.0,2562336.0,4200000.0,1190246.4,7952582.4,15191097.6,0.0,0.0,0.0,2929213.399521629,6812124.18493402,579030555.7193917,9741337.584455648,12261884.200478371,3065471.050119593,12125626.549880408,12125626.549880408,2384288.9654247593,2384288.9654247593,0.0,0.0,0.0,0.0,462873.60000000003,11662752.949880408,1.1972434841484993,155098358.44382197,119144051.994496,1.301771727983424,1921415.3654247597,government_supported
S01,2031-03-01,Atlas East,Virginia,60,1.25,75.0,2028-01-01,2028-04-01,0,12000,3.5,62,4200000,0.18,0.25,0.82,18,9,0.33999999999999997,0.66,0.06,10.0,0.1,2028-02-01,2027-06-01,2027-05-01,2028-01-01,2028-04-01,2027-01-01,base,2028-04-01,True,True,True,0.0,0.0,35,0.82,12000,60.0,75.0,8928000,7320960.0,3.5,25623360.0,45756.0,2836872.0,4200000.0,1317772.8,8354644.8,17268715.2,0.0,0.0,0.0,2895152.7785969586,6812124.18493402,572218431.5344577,9707276.963530978,14373562.421403041,3593390.6053507603,13675324.594649239,13675324.594649239,3968047.6311182603,3968047.6311182603,0.0,0.0,0.0,0.0,512467.2,13162857.39464924,1.3559783494486088,154996176.58104795,118735324.54339997,1.3053922847062582,3455580.431118261,government_supported
S01,2031-04-01,Atlas East,Virginia,60,1.25,75.0,2028-01-01,2028-04-01,0,12000,3.5,62,4200000,0.18,0.25,0.82,18,9,0.33999999999999997,0.66,0.06,10.0,0.1,2028-02-01,2027-06-01,2027-05-01,2028-01-01,2028-04-01,2027-01-01,base,2028-04-01,True,True,True,0.0,0.0,36,0.82,12000,60.0,75.0,8640000,7084800.0,3.5,24796800.0,44280.0,2745360.0,4200000.0,1275264.0,8220624.0,16576176.0,0.0,0.0,0.0,2861092.1576722884,6812124.18493402,565406307.3495237,9673216.342606308,13715083.842327712,3428770.960581928,13147405.039418072,13147405.039418072,3474188.6968117636,3474188.6968117636,0.0,0.0,0.0,0.0,495936.0,12651469.039418072,1.3078864972443403,154893994.71827394,118326597.09230393,1.3090378539107703,2978252.6968117636,government_supported
S01,2031-05-01,Atlas East,Virginia,60,1.25,75.0,2028-01-01,2028-04-01,0,12000,3.5,62,4200000,0.18,0.25,0.82,18,9,0.33999999999999997,0.66,0.06,10.0,0.1,2028-02-01,2027-06-01,2027-05-01,2028-01-01,2028-04-01,2027-01-01,base,2028-04-01,True,True,True,0.0,0.0,37,0.82,12000,60.0,75.0,8928000,7320960.0,3.5,25623360.0,45756.0,2836872.0,4200000.0,1317772.8,8354644.8,17268715.2,0.0,0.0,0.0,2827031.5367476186,6812124.18493402,558594183.1645896,9639155.72168164,14441683.66325238,3610420.915813095,13658294.284186903,13658294.284186903,4019138.562505264,4019138.562505264,0.0,0.0,0.0,0.0,512467.2,13145827.084186904,1.3637944508581394,154791812.8554999,117917869.64120789,1.31270869569209,3506671.3625052646,government_supported
S01,2031-06-01,Atlas East,Virginia,60,1.25,75.0,2028-01-01,2028-04-01,0,12000,3.5,62,4200000,0.18,0.25,0.82,18,9,0.33999999999999997,0.66,0.06,10.0,0.1,2028-02-01,2027-06-01,2027-05-01,2028-01-01,2028-04-01,2027-01-01,base,2028-04-01,True,True,True,0.0,0.0,38,0.82,12000,60.0,75.0,8640000,7084800.0,3.5,24796800.0,44280.0,2745360.0,4200000.0,1275264.0,8220624.0,16576176.0,0.0,0.0,0.0,2792970.9158229483,6812124.18493402,551782058.9796556,9605095.10075697,13783205.08417705,3445801.2710442627,13130374.728955738,13130374.728955738,3525279.628198769,3525279.628198769,0.0,0.0,0.0,0.0,495936.0,12634438.728955738,1.3153892383595482,154689630.9927259,117509142.19011185,1.3164050737640627,3029343.628198769,government_supported
S01,2031-07-01,Atlas East,Virginia,60,1.25,75.0,2028-01-01,2028-04-01,0,12000,3.5,62,4200000,0.18,0.25,0.82,18,9,0.33999999999999997,0.66,0.06,10.0,0.1,2028-02-01,2027-06-01,2027-05-01,2028-01-01,2028-04-01,2027-01-01,base,2028-04-01,True,True,True,0.0,0.0,39,0.82,12000,60.0,75.0,8928000,7320960.0,3.5,25623360.0,45756.0,2836872.0,4200000.0,1317772.8,8354644.8,17268715.2,0.0,0.0,0.0,2758910.294898278,6812124.18493402,544969934.7947216,9571034.479832299,14509804.90510172,3627451.22627543,13641263.97372457,13641263.97372457,4070229.493892271,4070229.493892271,0.0,0.0,0.0,0.0,512467.2,13128796.77372457,1.3717218134976994,154587449.1299519,117100414.7390158,1.3201272555224015,3557762.293892272,government_supported
S01,2031-08-01,Atlas East,Virginia,60,1.25,75.0,2028-01-01,2028-04-01,0,12000,3.5,62,4200000,0.18,0.25,0.82,18,9,0.33999999999999997,0.66,0.06,10.0,0.1,2028-02-01,2027-06-01,2027-05-01,2028-01-01,2028-04-01,2027-01-01,base,2028-04-01,True,True,True,0.0,0.0,40,0.82,12000,60.0,75.0,8928000,7320960.0,3.5,25623360.0,45756.0,2836872.0,4200000.0,1317772.8,8354644.8,17268715.2,0.0,0.0,0.0,2724849.6739736083,6812124.18493402,538157810.6097876,9536973.858907629,14543865.52602639,3635966.3815065976,13632748.818493402,13632748.818493402,4095774.959585773,4095774.959585773,0.0,0.0,0.0,0.0,512467.2,13120281.618493402,1.3757279628316197,154485267.26717788,116691687.28791976,1.3238755121091699,3583307.7595857736,government_supported
S01,2031-09-01,Atlas East,Virginia,60,1.25,75.0,2028-01-01,2028-04-01,0,12000,3.5,62,4200000,0.18,0.25,0.82,18,9,0.33999999999999997,0.66,0.06,10.0,0.1,2028-02-01,2027-06-01,2027-05-01,2028-01-01,2028-04-01,2027-01-01,base,2028-04-01,True,True,True,0.0,0.0,41,0.82,12000,60.0,75.0,8640000,7084800.0,3.5,24796800.0,44280.0,2745360.0,4200000.0,1275264.0,8220624.0,16576176.0,0.0,0.0,0.0,2690789.053048938,6812124.18493402,531345686.42485356,9502913.237982959,13885386.946951061,3471346.7367377654,13104829.263262235,13104829.263262235,3601916.025279276,3601916.025279276,0.0,0.0,0.0,0.0,495936.0,12608893.263262235,1.3268450366214788,154383085.40440387,116282959.83682372,1.327650118478622,3105980.025279276,government_supported
S01,2031-10-01,Atlas East,Virginia,60,1.25,75.0,2028-01-01,2028-04-01,0,12000,3.5,62,4200000,0.18,0.25,0.82,18,9,0.33999999999999997,0.66,0.06,10.0,0.1,2028-02-01,2027-06-01,2027-05-01,2028-01-01,2028-04-01,2027-01-01,base,2028-04-01,True,True,True,0.0,0.0,42,0.82,12000,60.0,75.0,8928000,7320960.0,3.5,25623360.0,45756.0,2836872.0,4200000.0,1317772.8,8354644.8,17268715.2,0.0,0.0,0.0,2656728.432124268,6812124.18493402,524533562.23991954,9468852.617058288,14611986.767875731,3652996.6919689327,13615718.508031067,13615718.508031067,4146865.890972778,4146865.890972778,0.0,0.0,0.0,0.0,512467.2,13103251.308031067,1.3838267251541494,154280903.54162988,115874232.38572769,1.3314513534644374,3634398.690972779,government_supported
S01,2031-11-01,Atlas East,Virginia,60,1.25,75.0,2028-01-01,2028-04-01,0,12000,3.5,62,4200000,0.18,0.25,0.82,18,9,0.33999999999999997,0.66,0.06,10.0,0.1,2028-02-01,2027-06-01,2027-05-01,2028-01-01,2028-04-01,2027-01-01,base,2028-04-01,True,True,True,0.0,0.0,43,0.82,12000,60.0,75.0,8640000,7084800.0,3.5,24796800.0,44280.0,2745360.0,4200000.0,1275264.0,8220624.0,16576176.0,0.0,0.0,0.0,2622667.8111995975,6812124.18493402,517721438.0549855,9434791.996133618,13953508.188800402,3488377.0472001005,13087798.9527999,13087798.9527999,3653006.9566662814,3653006.9566662814,0.0,0.0,0.0,0.0,495936.0,12591862.9527999,1.3346200910375183,154178721.67885584,115465504.93463165,1.3352794998483821,3157070.9566662814,government_supported
S01,2031-12-01,Atlas East,Virginia,60,1.25,75.0,2028-01-01,2028-04-01,0,12000,3.5,62,4200000,0.18,0.25,0.82,18,9,0.33999999999999997,0.66,0.06,10.0,0.1,2028-02-01,2027-06-01,2027-05-01,2028-01-01,2028-04-01,2027-01-01,base,2028-04-01,True,True,True,0.0,0.0,44,0.82,12000,60.0,75.0,8928000,7320960.0,3.5,25623360.0,45756.0,2836872.0,4200000.0,1317772.8,8354644.8,17268715.2,0.0,0.0,0.0,2588607.1902749278,6812124.18493402,510909313.8700515,9400731.375208948,14680108.009725071,3670027.002431268,13598688.197568731,13598688.197568731,4197956.822359784,4197956.822359784,0.0,0.0,0.0,0.0,512467.2,13086220.997568732,1.3920428608436721,154076539.81608182,115056777.4835356,1.3391348444304367,3685489.6223597843,government_supported
S02,2027-01-01,Atlas Central,Texas,90,1.22,109.8,2028-07-01,2028-10-01,0,18000,3.4,48,5900000,0.17,0.22,0.85,20,12,0.33999999999999997,0.66,0.06,10.0,0.1,2028-08-01,2027-10-01,2027-09-01,2028-07-01,2028-10-01,2027-04-01,base,2028-10-01,False,False,False,0.0,0.0,-21,0.0,0,0.0,0.0,0,0.0,3.4,0.0,0.0,0.0,0.0,0.0,0.0,0.0,0.0,0.0,0.0,0.0,0.0,0.0,0.0,0.0,0.0,0.0,0.0,0.0,0.0,0.0,0.0,0.0,0.0,0.0,0.0,,,,,0.0,government_supported
S02,2027-02-01,Atlas Central,Texas,90,1.22,109.8,2028-07-01,2028-10-01,0,18000,3.4,48,5900000,0.17,0.22,0.85,20,12,0.33999999999999997,0.66,0.06,10.0,0.1,2028-08-01,2027-10-01,2027-09-01,2028-07-01,2028-10-01,2027-04-01,base,2028-10-01,False,False,False,0.0,0.0,-20,0.0,0,0.0,0.0,0,0.0,3.4,0.0,0.0,0.0,0.0,0.0,0.0,0.0,0.0,0.0,0.0,0.0,0.0,0.0,0.0,0.0,0.0,0.0,0.0,0.0,0.0,0.0,0.0,0.0,0.0,0.0,0.0,,,,,0.0,government_supported
S02,2027-03-01,Atlas Central,Texas,90,1.22,109.8,2028-07-01,2028-10-01,0,18000,3.4,48,5900000,0.17,0.22,0.85,20,12,0.33999999999999997,0.66,0.06,10.0,0.1,2028-08-01,2027-10-01,2027-09-01,2028-07-01,2028-10-01,2027-04-01,base,2028-10-01,False,False,False,0.0,0.0,-19,0.0,0,0.0,0.0,0,0.0,3.4,0.0,0.0,0.0,0.0,0.0,0.0,0.0,0.0,0.0,0.0,0.0,0.0,0.0,0.0,0.0,0.0,0.0,0.0,0.0,0.0,0.0,0.0,0.0,0.0,0.0,0.0,,,,,0.0,government_supported
S02,2027-04-01,Atlas Central,Texas,90,1.22,109.8,2028-07-01,2028-10-01,0,18000,3.4,48,5900000,0.17,0.22,0.85,20,12,0.33999999999999997,0.66,0.06,10.0,0.1,2028-08-01,2027-10-01,2027-09-01,2028-07-01,2028-10-01,2027-04-01,base,2028-10-01,False,False,False,3316390.6445284584,0.0,-18,0.0,0,0.0,0.0,0,0.0,3.4,0.0,0.0,0.0,0.0,0.0,0.0,0.0,3316390.6445284584,0.0,0.0,0.0,0.0,0.0,0.0,0.0,0.0,0.0,-3316390.6445284584,-3316390.6445284584,0.0,331639.06445284584,0.0,397966.877343415,2984751.5800756123,0.0,0.0,,,,,-2984751.5800756123,government_supported
S02,2027-05-01,Atlas Central,Texas,90,1.22,109.8,2028-07-01,2028-10-01,0,18000,3.4,48,5900000,0.17,0.22,0.85,20,12,0.33999999999999997,0.66,0.06,10.0,0.1,2028-08-01,2027-10-01,2027-09-01,2028-07-01,2028-10-01,2027-04-01,base,2028-10-01,False,False,False,17457676.017581023,0.0,-17,0.0,0,0.0,0.0,0,0.0,3.4,0.0,0.0,0.0,0.0,0.0,0.0,0.0,17457676.017581023,0.0,0.0,0.0,0.0,0.0,0.0,0.0,0.0,0.0,-17457676.017581023,-17457676.017581023,0.0,1745767.6017581024,0.0,2094921.1221097228,15711908.415822921,0.0,0.0,,,,,-15711908.415822921,government_supported
S02,2027-06-01,Atlas Central,Texas,90,1.22,109.8,2028-07-01,2028-10-01,0,18000,3.4,48,5900000,0.17,0.22,0.85,20,12,0.33999999999999997,0.66,0.06,10.0,0.1,2028-08-01,2027-10-01,2027-09-01,2028-07-01,2028-10-01,2027-04-01,base,2028-10-01,False,False,False,23670974.224067587,0.0,-16,0.0,0,0.0,0.0,0,0.0,3.4,0.0,0.0,0.0,0.0,0.0,0.0,0.0,23670974.224067587,0.0,0.0,0.0,0.0,0.0,0.0,0.0,0.0,0.0,-23670974.224067587,-23670974.224067587,0.0,2367097.4224067586,0.0,2840516.9068881106,21303876.80166083,0.0,0.0,,,,,-21303876.80166083,government_supported
S02,2027-07-01,Atlas Central,Texas,90,1.22,109.8,2028-07-01,2028-10-01,0,18000,3.4,48,5900000,0.17,0.22,0.85,20,12,0.33999999999999997,0.66,0.06,10.0,0.1,2028-08-01,2027-10-01,2027-09-01,2028-07-01,2028-10-01,2027-04-01,base,2028-10-01,False,False,False,18639894.619459696,0.0,-15,0.0,0,0.0,0.0,0,0.0,3.4,0.0,0.0,0.0,0.0,0.0,0.0,0.0,18639894.619459696,0.0,0.0,0.0,0.0,0.0,0.0,0.0,0.0,0.0,-18639894.619459696,-18639894.619459696,0.0,1863989.4619459696,0.0,2236787.3543351633,16775905.157513727,0.0,0.0,,,,,-16775905.157513727,government_supported
S02,2027-08-01,Atlas Central,Texas,90,1.22,109.8,2028-07-01,2028-10-01,0,18000,3.4,48,5900000,0.17,0.22,0.85,20,12,0.33999999999999997,0.66,0.06,10.0,0.1,2028-08-01,2027-10-01,2027-09-01,2028-07-01,2028-10-01,2027-04-01,base,2028-10-01,False,False,False,13608815.014851812,0.0,-14,0.0,0,0.0,0.0,0,0.0,3.4,0.0,0.0,0.0,0.0,0.0,0.0,0.0,13608815.014851812,0.0,0.0,0.0,0.0,0.0,0.0,0.0,0.0,0.0,-13608815.014851812,-13608815.014851812,0.0,1360881.5014851813,0.0,1633057.8017822173,12247933.51336663,0.0,0.0,,,,,-12247933.51336663,government_supported
S02,2027-09-01,Atlas Central,Texas,90,1.22,109.8,2028-07-01,2028-10-01,0,18000,3.4,48,5900000,0.17,0.22,0.85,20,12,0.33999999999999997,0.66,0.06,10.0,0.1,2028-08-01,2027-10-01,2027-09-01,2028-07-01,2028-10-01,2027-04-01,base,2028-10-01,False,False,False,10466790.882507797,0.0,-13,0.0,0,0.0,0.0,0,0.0,3.4,0.0,0.0,0.0,0.0,0.0,0.0,0.0,10466790.882507797,0.0,0.0,0.0,0.0,0.0,0.0,0.0,0.0,0.0,-10466790.882507797,-10466790.882507797,0.0,1046679.0882507798,0.0,1256014.9059009356,9420111.794257017,0.0,0.0,,,,,-9420111.794257017,government_supported
S02,2027-10-01,Atlas Central,Texas,90,1.22,109.8,2028-07-01,2028-10-01,0,18000,3.4,48,5900000,0.17,0.22,0.85,20,12,0.33999999999999997,0.66,0.06,10.0,0.1,2028-08-01,2027-10-01,2027-09-01,2028-07-01,2028-10-01,2027-04-01,base,2028-10-01,False,False,False,26140636.091857504,0.0,-12,0.0,0,0.0,0.0,0,0.0,3.4,0.0,0.0,0.0,0.0,0.0,0.0,0.0,26140636.091857504,0.0,0.0,0.0,0.0,0.0,0.0,0.0,0.0,0.0,-26140636.091857504,-26140636.091857504,0.0,2614063.6091857506,0.0,3136876.3310229005,23526572.482671753,0.0,0.0,,,,,-23526572.482671753,government_supported
S02,2027-11-01,Atlas Central,Texas,90,1.22,109.8,2028-07-01,2028-10-01,0,18000,3.4,48,5900000,0.17,0.22,0.85,20,12,0.33999999999999997,0.66,0.06,10.0,0.1,2028-08-01,2027-10-01,2027-09-01,2028-07-01,2028-10-01,2027-04-01,base,2028-10-01,False,False,False,44831892.07470498,0.0,-11,0.0,0,0.0,0.0,0,0.0,3.4,0.0,0.0,0.0,0.0,0.0,0.0,0.0,44831892.07470498,0.0,0.0,0.0,0.0,0.0,0.0,0.0,0.0,0.0,-44831892.07470498,-44831892.07470498,0.0,4483189.207470498,0.0,5379827.048964597,40348702.86723448,0.0,0.0,,,,,-40348702.86723448,government_supported
S02,2027-12-01,Atlas Central,Texas,90,1.22,109.8,2028-07-01,2028-10-01,0,18000,3.4,48,5900000,0.17,0.22,0.85,20,12,0.33999999999999997,0.66,0.06,10.0,0.1,2028-08-01,2027-10-01,2027-09-01,2028-07-01,2028-10-01,2027-04-01,base,2028-10-01,False,False,False,79370501.65711725,0.0,-10,0.0,0,0.0,0.0,0,0.0,3.4,0.0,0.0,0.0,0.0,0.0,0.0,0.0,52308144.64751102,27062357.00960623,135311.78504803116,0.0,0.0,27197668.79465426,0.0,0.0,0.0,0.0,-79370501.65711725,-52308144.64751102,3.725290298461914e-09,7937050.165711725,0.0,9524460.19885407,44371094.4817993,0.0,0.0,,0.0,0.0,,-44371094.4817993,government_supported
S02,2028-01-01,Atlas Central,Texas,90,1.22,109.8,2028-07-01,2028-10-01,0,18000,3.4,48,5900000,0.17,0.22,0.85,20,12,0.33999999999999997,0.66,0.06,10.0,0.1,2028-08-01,2027-10-01,2027-09-01,2028-07-01,2028-10-01,2027-04-01,base,2028-10-01,False,False,False,113909111.23952954,0.0,-9,0.0,0,0.0,0.0,0,0.0,3.4,0.0,0.0,0.0,0.0,0.0,0.0,0.0,38729097.82144004,75180013.4180895,511888.4110637188,0.0,0.0,102889570.62380747,0.0,0.0,0.0,0.0,-113909111.23952954,-38729097.82144004,0.0,11390911.123952955,0.0,13669093.348743543,27338186.697487086,0.0,0.0,,0.0,0.0,,-27338186.697487086,government_supported
S02,2028-02-01,Atlas Central,Texas,90,1.22,109.8,2028-07-01,2028-10-01,0,18000,3.4,48,5900000,0.17,0.22,0.85,20,12,0.33999999999999997,0.66,0.06,10.0,0.1,2028-08-01,2027-10-01,2027-09-01,2028-07-01,2028-10-01,2027-04-01,base,2028-10-01,False,False,False,148447720.8219418,0.0,-8,0.0,0,0.0,0.0,0,0.0,3.4,0.0,0.0,0.0,0.0,0.0,0.0,0.0,50472225.0794602,97975495.74248159,1004325.3318314455,0.0,0.0,201869391.69812053,0.0,0.0,0.0,0.0,-148447720.8219418,-50472225.0794602,0.0,14844772.08219418,0.0,17813726.498633016,35627452.997266024,0.0,0.0,,0.0,0.0,,-35627452.997266024,government_supported
S02,2028-03-01,Atlas Central,Texas,90,1.22,109.8,2028-07-01,2028-10-01,0,18000,3.4,48,5900000,0.17,0.22,0.85,20,12,0.33999999999999997,0.66,0.06,10.0,0.1,2028-08-01,2027-10-01,2027-09-01,2028-07-01,2028-10-01,2027-04-01,base,2028-10-01,False,False,False,178597012.8035557,0.0,-7,0.0,0,0.0,0.0,0,0.0,3.4,0.0,0.0,0.0,0.0,0.0,0.0,0.0,60722984.35320893,117874028.45034677,1598717.1007423366,0.0,0.0,321342137.24920964,0.0,0.0,0.0,0.0,-178597012.8035557,-60722984.35320893,0.0,17859701.28035557,0.0,21431641.536426682,42863283.07285336,0.0,0.0,,0.0,0.0,,-42863283.07285336,government_supported
S02,2028-04-01,Atlas Central,Texas,90,1.22,109.8,2028-07-01,2028-10-01,0,18000,3.4,48,5900000,0.17,0.22,0.85,20,12,0.33999999999999997,0.66,0.06,10.0,0.1,2028-08-01,2027-10-01,2027-09-01,2028-07-01,2028-10-01,2027-04-01,base,2028-10-01,False,False,False,179266464.37724733,0.0,-6,0.0,0,0.0,0.0,0,0.0,3.4,0.0,0.0,0.0,0.0,0.0,0.0,0.0,60950597.88826409,118315866.48898324,2198290.0186909647,0.0,0.0,441856293.75688386,0.0,0.0,0.0,0.0,-179266464.37724733,-60950597.88826409,0.0,17926646.437724736,0.0,21511975.72526968,43023951.45053935,0.0,0.0,,0.0,0.0,,-43023951.45053935,government_supported
S02,2028-05-01,Atlas Central,Texas,90,1.22,109.8,2028-07-01,2028-10-01,0,18000,3.4,48,5900000,0.17,0.22,0.85,20,12,0.33999999999999997,0.66,0.06,10.0,0.1,2028-08-01,2027-10-01,2027-09-01,2028-07-01,2028-10-01,2027-04-01,base,2028-10-01,False,False,False,160148271.16329423,0.0,-5,0.0,0,0.0,0.0,0,0.0,3.4,0.0,0.0,0.0,0.0,0.0,0.0,0.0,54450412.19552003,105697858.9677742,2737770.76362329,0.0,0.0,550291923.4882812,0.0,0.0,0.0,0.0,-160148271.16329423,-54450412.19552003,0.0,16014827.116329424,0.0,19217792.539595306,38435585.079190604,0.0,0.0,,0.0,0.0,,-38435585.079190604,government_supported
S02,2028-06-01,Atlas Central,Texas,90,1.22,109.8,2028-07-01,2028-10-01,0,18000,3.4,48,5900000,0.17,0.22,0.85,20,12,0.33999999999999997,0.66,0.06,10.0,0.1,2028-08-01,2027-10-01,2027-09-01,2028-07-01,2028-10-01,2027-04-01,base,2028-10-01,False,False,False,81667143.58640671,0.0,-4,0.0,0,0.0,0.0,0,0.0,3.4,0.0,0.0,0.0,0.0,0.0,0.0,0.0,27766828.81937828,53900314.76702843,3020961.1912765484,0.0,0.0,607213199.4465863,0.0,0.0,0.0,0.0,-81667143.58640671,-27766828.81937828,0.0,8166714.358640671,0.0,9800057.230368804,19600114.46073761,0.0,0.0,,0.0,0.0,,-19600114.46073761,government_supported
S02,2028-07-01,Atlas Central,Texas,90,1.22,109.8,2028-07-01,2028-10-01,0,18000,3.4,48,5900000,0.17,0.22,0.85,20,12,0.33999999999999997,0.66,0.06,10.0,0.1,2028-08-01,2027-10-01,2027-09-01,2028-07-01,2028-10-01,2027-04-01,base,2028-10-01,True,False,False,117792362.41483936,36258992.80575539,-3,0.0,0,0.0,0.0,0,0.0,3.4,0.0,0.0,0.0,0.0,0.0,0.0,0.0,40049403.221045375,77742959.19379398,3424780.7932019015,0.0,0.0,688380939.4335822,0.0,0.0,0.0,0.0,-117792362.41483936,-40049403.221045375,0.0,11779236.241483936,0.0,14135083.489780722,28270166.97956144,0.0,0.0,,0.0,0.0,,-28270166.97956144,government_supported
S02,2028-08-01,Atlas Central,Texas,90,1.22,109.8,2028-07-01,2028-10-01,0,18000,3.4,48,5900000,0.17,0.22,0.85,20,12,0.33999999999999997,0.66,0.06,10.0,0.1,2028-08-01,2027-10-01,2027-09-01,2028-07-01,2028-10-01,2027-04-01,base,2028-10-01,True,True,False,279754673.3017609,215827338.12949637,-2,0.0,0,0.0,0.0,0,0.0,3.4,0.0,0.0,0.0,0.0,0.0,0.0,0.0,95116588.92259867,184638084.37916222,4365095.119063722,0.0,0.0,877384118.9318081,0.0,0.0,0.0,0.0,-279754673.3017609,-95116588.92259869,-2.9802322387695312e-08,27975467.330176093,0.0,33570560.79621131,67141121.59242257,0.0,0.0,,0.0,0.0,,-67141121.5924226,government_supported
S02,2028-09-01,Atlas Central,Texas,90,1.22,109.8,2028-07-01,2028-10-01,0,18000,3.4,48,5900000,0.17,0.22,0.85,20,12,0.33999999999999997,0.66,0.06,10.0,0.1,2028-08-01,2027-10-01,2027-09-01,2028-07-01,2028-10-01,2027-04-01,base,2028-10-01,True,True,False,431654676.25899273,431654676.25899273,-1,0.0,0,0.0,0.0,0,0.0,3.4,0.0,0.0,0.0,0.0,0.0,0.0,0.0,146762589.92805752,284892086.33093524,5811381.0263137175,0.0,0.0,1168087586.2890573,0.0,0.0,0.0,0.0,-431654676.25899273,-146762589.9280575,0.0,43165467.62589928,0.0,51798561.151079126,103597122.30215824,0.0,0.0,,0.0,0.0,,-103597122.3021582,government_supported
S02,2028-10-01,Atlas Central,Texas,90,1.22,109.8,2028-07-01,2028-10-01,0,18000,3.4,48,5900000,0.17,0.22,0.85,20,12,0.33999999999999997,0.66,0.06,10.0,0.1,2028-08-01,2027-10-01,2027-09-01,2028-07-01,2028-10-01,2027-04-01,base,2028-10-01,True,True,True,36258992.80575539,36258992.80575539,0,0.22,1500,7.5,9.15,1116000,245520.0,3.4,834768.0,1497.672,71888.256,5900000.0,41738.4,6013626.656,-5178858.656,12328057.553956833,23930935.25179856,0.0,5960092.60770428,9933487.679507133,1182085033.8613489,15893580.287211413,0.0,0.0,-5178858.656,-41437851.461755395,-33400496.49716825,-21072438.943211414,3625899.2805755395,0.0,4351079.136690646,8702158.273381293,16695.36,-5195554.016000001,-0.3268963897442632,-5195554.016000001,15893580.287211413,-0.3268963897442632,-29791292.576592706,government_supported
S02,2028-11-01,Atlas Central,Texas,90,1.22,109.8,2028-07-01,2028-10-01,0,18000,3.4,48,5900000,0.17,0.22,0.85,20,12,0.33999999999999997,0.66,0.06,10.0,0.1,2028-08-01,2027-10-01,2027-09-01,2028-07-01,2028-10-01,2027-04-01,base,2028-10-01,True,True,True,0.0,0.0,1,0.2515,3000,15.0,18.3,2160000,543240.0,3.4,1847016.0,3313.764,159060.67200000002,5900000.0,92350.8,6151411.472,-4304395.472,0.0,0.0,0.0,5910425.169306745,9933487.679507133,1172151546.1818419,15843912.848813877,0.0,0.0,-4304395.472,-4304395.472,-20148308.320813876,-20148308.320813876,0.0,0.0,0.0,0.0,36940.32,-4341335.792,-0.27400654329684765,-9536889.808000002,31737493.136025287,-0.3004928513769306,-20185248.640813876,government_supported
S02,2028-12-01,Atlas Central,Texas,90,1.22,109.8,2028-07-01,2028-10-01,0,18000,3.4,48,5900000,0.17,0.22,0.85,20,12,0.33999999999999997,0.66,0.06,10.0,0.1,2028-08-01,2027-10-01,2027-09-01,2028-07-01,2028-10-01,2027-04-01,base,2028-10-01,True,True,True,0.0,0.0,2,0.28300000000000003,4500,22.5,27.45,3348000,947484.0000000001,3.4,3221445.6,5779.6524,277423.3152,5900000.0,161072.28000000003,6338495.5952,-3117049.9952000002,0.0,0.0,0.0,5860757.73090921,9933487.679507134,1162218058.5023348,15794245.410416344,0.0,0.0,-3117049.9952000002,-3117049.9952000002,-18911295.405616343,-18911295.405616343,0.0,0.0,0.0,0.0,64428.912000000004,-3181478.9072000002,-0.20143278925511737,-12718368.715200001,47531738.54644163,-0.2675763417063594,-18975724.317616343,government_supported
S02,2029-01-01,Atlas Central,Texas,90,1.22,109.8,2028-07-01,2028-10-01,0,18000,3.4,48,5900000,0.17,0.22,0.85,20,12,0.33999999999999997,0.66,0.06,10.0,0.1,2028-08-01,2027-10-01,2027-09-01,2028-07-01,2028-10-01,2027-04-01,base,2028-10-01,True,True,True,0.0,0.0,3,0.3145,6000,30.0,36.6,4464000,1403928.0,3.4,4773355.2,8563.9608,411070.11840000004,5900000.0,238667.76,6549737.8784,-1776382.6783999996,0.0,0.0,0.0,5811090.292511675,9933487.679507134,1152284570.8228278,15744577.972018808,0.0,0.0,-1776382.6783999996,-1776382.6783999996,-17520960.650418807,-17520960.650418807,0.0,0.0,0.0,0.0,95467.104,-1871849.7823999997,-0.11888853329232721,-14590218.4976,63276316.51846044,-0.2305794537414864,-17616427.75441881,government_supported
S02,2029-02-01,Atlas Central,Texas,90,1.22,109.8,2028-07-01,2028-10-01,0,18000,3.4,48,5900000,0.17,0.22,0.85,20,12,0.33999999999999997,0.66,0.06,10.0,0.1,2028-08-01,2027-10-01,2027-09-01,2028-07-01,2028-10-01,2027-04-01,base,2028-10-01,True,True,True,0.0,0.0,4,0.346,7500,37.5,45.75,5040000,1743839.9999999998,3.4,5929055.999999999,10637.423999999999,510596.35199999996,5900000.0,296452.8,6707049.152,-777993.1520000007,0.0,0.0,0.0,5761422.854114139,9933487.679507136,1142351083.1433206,15694910.533621276,0.0,0.0,-777993.1520000007,-777993.1520000007,-16472903.685621276,-16472903.685621276,0.0,0.0,0.0,0.0,118581.11999999998,-896574.2720000007,-0.05712515978217142,-15486792.769600002,78971227.05208172,-0.19610677645145902,-16591484.805621276,government_supported
S02,2029-03-01,Atlas Central,Texas,90,1.22,109.8,2028-07-01,2028-10-01,0,18000,3.4,48,5900000,0.17,0.22,0.85,20,12,0.33999999999999997,0.66,0.06,10.0,0.1,2028-08-01,2027-10-01,2027-09-01,2028-07-01,2028-10-01,2027-04-01,base,2028-10-01,True,True,True,0.0,0.0,5,0.3775,9000,45.0,54.9,6696000,2527740.0,3.4,8594316.0,15419.214,740122.272,5900000.0,429715.80000000005,7069838.072,1524477.9280000003,0.0,0.0,0.0,5711755.4157166025,9933487.679507134,1132417595.4638135,15645243.095223736,0.0,0.0,1524477.9280000003,1524477.9280000003,-14120765.167223737,-14120765.167223737,0.0,0.0,0.0,0.0,171886.32,1352591.6080000002,0.08645385691788494,-14134201.161600001,94616470.14730546,-0.14938415203605568,-14292651.487223735,government_supported
S02,2029-04-01,Atlas Central,Texas,90,1.22,109.8,2028-07-01,2028-10-01,0,18000,3.4,48,5900000,0.17,0.22,0.85,20,12,0.33999999999999997,0.66,0.06,10.0,0.1,2028-08-01,2027-10-01,2027-09-01,2028-07-01,2028-10-01,2027-04-01,base,2028-10-01,True,True,True,0.0,0.0,6,0.40900000000000003,10500,52.5,64.05,7560000,3092040.0,3.4,10512936.0,18861.444000000003,905349.3120000002,5900000.0,525646.8,7330996.112,3181939.8880000003,0.0,0.0,0.0,5662087.977319068,9933487.679507136,1122484107.7843065,15595575.656826206,0.0,0.0,3181939.8880000003,3181939.8880000003,-12413635.768826205,-12413635.768826205,0.0,0.0,0.0,0.0,210258.72,2971681.168,0.1905464237672619,-11162519.993600002,110212045.80413166,-0.10128221386469843,-12623894.488826206,government_supported
S02,2029-05-01,Atlas Central,Texas,90,1.22,109.8,2028-07-01,2028-10-01,0,18000,3.4,48,5900000,0.17,0.22,0.85,20,12,0.33999999999999997,0.66,0.06,10.0,0.1,2028-08-01,2027-10-01,2027-09-01,2028-07-01,2028-10-01,2027-04-01,base,2028-10-01,True,True,True,0.0,0.0,7,0.4405,12000,60.0,73.2,8928000,3932784.0,3.4,13371465.6,23989.9824,1151519.1552,5900000.0,668573.28,7720092.4352,5651373.164799999,0.0,0.0,0.0,5612420.538921533,9933487.679507138,1112550620.1047993,15545908.218428671,38952.62587846629,9738.156469616573,5641635.008330382,5641635.008330382,-9904273.210098289,-9904273.210098289,0.0,0.0,0.0,0.0,267429.312,5374205.6963303825,0.34569904960326525,-5788314.297269619,125757954.02256033,-0.04602742102683402,-10171702.522098288,government_supported
S02,2029-06-01,Atlas Central,Texas,90,1.22,109.8,2028-07-01,2028-10-01,0,18000,3.4,48,5900000,0.17,0.22,0.85,20,12,0.33999999999999997,0.66,0.06,10.0,0.1,2028-08-01,2027-10-01,2027-09-01,2028-07-01,2028-10-01,2027-04-01,base,2028-10-01,True,True,True,0.0,0.0,8,0.472,13500,67.5,82.35,9720000,4587840.0,3.4,15598656.0,27985.823999999997,1343319.552,5900000.0,779932.8,8023252.352,7575403.648,0.0,0.0,0.0,5562753.100523996,9933487.679507136,1102617132.425292,15496240.780031133,2012650.5474760039,503162.63686900097,7072241.011130999,7072241.011130999,-8423999.768900134,-8423999.768900134,0.0,0.0,0.0,0.0,311973.12,6760267.891130999,0.43625211992333385,971953.5938613797,141254194.80259147,0.006880883043648542,-8735972.888900135,government_supported
S02,2029-07-01,Atlas Central,Texas,90,1.22,109.8,2028-07-01,2028-10-01,0,18000,3.4,48,5900000,0.17,0.22,0.85,20,12,0.33999999999999997,0.66,0.06,10.0,0.1,2028-08-01,2027-10-01,2027-09-01,2028-07-01,2028-10-01,2027-04-01,base,2028-10-01,True,True,True,0.0,0.0,9,0.5035000000000001,15000,75.0,91.5,11160000,5619060.000000001,3.4,19104804.000000004,34276.266,1645260.7680000002,5900000.0,955240.2000000002,8500500.968,10604303.032000003,0.0,0.0,0.0,5513085.66212646,9933487.679507134,1092683644.745785,15446573.341633596,5091217.369873543,1272804.3424683858,9331498.689531617,9331498.689531617,-6115074.652101979,-6115074.652101979,0.0,0.0,0.0,0.0,382096.0800000001,8949402.609531617,0.5793778601633304,9921356.203392997,156700768.14422506,0.06331402405291038,-6497170.732101979,government_supported
S02,2029-08-01,Atlas Central,Texas,90,1.22,109.8,2028-07-01,2028-10-01,0,18000,3.4,48,5900000,0.17,0.22,0.85,20,12,0.33999999999999997,0.66,0.06,10.0,0.1,2028-08-01,2027-10-01,2027-09-01,2028-07-01,2028-10-01,2027-04-01,base,2028-10-01,True,True,True,0.0,0.0,10,0.535,16500,82.5,100.64999999999999,12276000,6567660.0,3.4,22330044.0,40062.725999999995,1923010.8479999998,5900000.0,1116502.2000000002,8939513.048,13390530.952,0.0,0.0,0.0,5463418.223728925,9933487.679507136,1082750157.066278,15396905.903236061,7927112.728271075,1981778.1820677686,11408752.769932231,11408752.769932231,-3988153.1333038304,-3988153.1333038304,0.0,0.0,0.0,0.0,446600.88,10962151.88993223,0.7119710907389678,20883508.093325227,172097674.04746112,0.12134683521385635,-4434754.013303831,government_supported
S02,2029-09-01,Atlas Central,Texas,90,1.22,109.8,2028-07-01,2028-10-01,0,18000,3.4,48,5900000,0.17,0.22,0.85,20,12,0.33999999999999997,0.66,0.06,10.0,0.1,2028-08-01,2027-10-01,2027-09-01,2028-07-01,2028-10-01,2027-04-01,base,2028-10-01,True,True,True,0.0,0.0,11,0.5665,18000,90.0,109.8,12960000,7341840.0,3.4,24962256.0,44785.224,2149690.7520000003,5900000.0,1248112.8,9297803.552000001,15664452.447999999,0.0,0.0,0.0,5413750.78533139,9933487.679507138,1072816669.3867708,15347238.464838527,10250701.662668608,2562675.415667152,13101777.032332847,13101777.032332847,-2245461.4325056802,-2245461.4325056802,0.0,0.0,0.0,0.0,499245.12,12602531.912332848,0.82115958132833,33486040.005658075,187444912.51229966,0.17864469916440548,-2744706.5525056794,government_supported
S02,2029-10-01,Atlas Central,Texas,90,1.22,109.8,2028-07-01,2028-10-01,0,18000,3.4,48,5900000,0.17,0.22,0.85,20,12,0.33999999999999997,0.66,0.06,10.0,0.1,2028-08-01,2027-10-01,2027-09-01,2028-07-01,2028-10-01,2027-04-01,base,2028-10-01,True,True,True,0.0,0.0,12,0.598,18000,90.0,109.8,13392000,8008416.0,3.4,27228614.4,48851.3376,2344864.2048,5900000.0,1361430.7200000002,9606294.924800001,17622319.475199997,0.0,0.0,0.0,5364083.346933855,9933487.679507138,1062883181.7072637,15297571.026440993,12258236.128266143,3064559.0320665357,14557760.443133462,14557760.443133462,-739810.5833075307,-739810.5833075307,0.0,0.0,0.0,0.0,544572.288,14013188.155133462,0.9160400779256035,52694782.176791534,186848903.25152922,0.28201815081491666,-1284382.8713075314,government_supported
S02,2029-11-01,Atlas Central,Texas,90,1.22,109.8,2028-07-01,2028-10-01,0,18000,3.4,48,5900000,0.17,0.22,0.85,20,12,0.33999999999999997,0.66,0.06,10.0,0.1,2028-08-01,2027-10-01,2027-09-01,2028-07-01,2028-10-01,2027-04-01,base,2028-10-01,True,True,True,0.0,0.0,13,0.6295000000000001,18000,90.0,109.8,12960000,8158320.000000001,3.4,27738288.000000004,49765.75200000001,2388756.0960000004,5900000.0,1386914.4000000004,9675670.496000001,18062617.504,0.0,0.0,0.0,5314415.908536319,9933487.679507138,1052949694.0277566,15247903.588043457,12748201.595463682,3187050.3988659205,14875567.105134081,14875567.105134081,-372336.4829093758,-372336.4829093758,0.0,0.0,0.0,0.0,554765.7600000001,14320801.345134081,0.9391980518793183,71356919.31392561,186252893.9907588,0.3831184460278297,-927102.2429093756,government_supported
S02,2029-12-01,Atlas Central,Texas,90,1.22,109.8,2028-07-01,2028-10-01,0,18000,3.4,48,5900000,0.17,0.22,0.85,20,12,0.33999999999999997,0.66,0.06,10.0,0.1,2028-08-01,2027-10-01,2027-09-01,2028-07-01,2028-10-01,2027-04-01,base,2028-10-01,True,True,True,0.0,0.0,14,0.6609999999999999,18000,90.0,109.8,13392000,8852111.999999998,3.4,30097180.799999993,53997.88319999999,2591898.3935999996,5900000.0,1504859.0399999998,9996757.4336,20100423.366399996,0.0,0.0,0.0,5264748.470138783,9933487.679507138,1043016206.3482494,15198236.14964592,14835674.896261213,3708918.7240653033,16391504.642334692,16391504.642334692,1193268.4926887713,1193268.4926887713,0.0,0.0,0.0,0.0,601943.6159999999,15789561.026334692,1.0389074673446594,90327959.24746032,185656884.72998837,0.48653169732342294,591324.876688771,government_supported
S02,2030-01-01,Atlas Central,Texas,90,1.22,109.8,2028-07-01,2028-10-01,0,18000,3.4,48,5900000,0.17,0.22,0.85,20,12,0.33999999999999997,0.66,0.06,10.0,0.1,2028-08-01,2027-10-01,2027-09-01,2028-07-01,2028-10-01,2027-04-01,base,2028-10-01,True,True,True,0.0,0.0,15,0.6925,18000,90.0,109.8,13392000,9273960.0,3.4,31531464.0,56571.155999999995,2715415.488,5900000.0,1576573.2000000002,10191988.688000001,21339475.312,0.0,0.0,0.0,5215081.0317412475,9933487.679507138,1033082718.6687423,15148568.711248387,16124394.280258752,4031098.570064688,17308376.741935313,17308376.741935313,2159808.030686926,2159808.030686926,0.0,0.0,0.0,0.0,630629.28,16677747.461935313,1.1009454279037896,108877556.49179563,185060875.46921796,0.5883337372944923,1529178.7506869268,government_supported
S02,2030-02-01,Atlas Central,Texas,90,1.22,109.8,2028-07-01,2028-10-01,0,18000,3.4,48,5900000,0.17,0.22,0.85,20,12,0.33999999999999997,0.66,0.06,10.0,0.1,2028-08-01,2027-10-01,2027-09-01,2028-07-01,2028-10-01,2027-04-01,base,2028-10-01,True,True,True,0.0,0.0,16,0.724,18000,90.0,109.8,12096000,8757504.0,3.4,29775513.599999998,53420.774399999995,2564197.1711999997,5900000.0,1488775.6800000002,9952972.8512,19822540.7488,0.0,0.0,0.0,5165413.593343711,9933487.679507138,1023149230.9892352,15098901.272850849,14657127.155456286,3664281.7888640715,16158258.959935926,16158258.959935926,1059357.6870850772,1059357.6870850772,0.0,0.0,0.0,0.0,595510.272,15562748.687935926,1.0307206071953803,125336879.45173155,184464866.20844755,0.6794620679154119,463847.4150850773,government_supported
S02,2030-03-01,Atlas Central,Texas,90,1.22,109.8,2028-07-01,2028-10-01,0,18000,3.4,48,5900000,0.17,0.22,0.85,20,12,0.33999999999999997,0.66,0.06,10.0,0.1,2028-08-01,2027-10-01,2027-09-01,2028-07-01,2028-10-01,2027-04-01,base,2028-10-01,True,True,True,0.0,0.0,17,0.7555,18000,90.0,109.8,13392000,10117656.0,3.4,34400030.4,61717.70159999999,2962449.6767999995,5900000.0,1720001.52,10582451.1968,23817579.203199998,0.0,0.0,0.0,5115746.154946176,9933487.679507138,1013215743.309728,15049233.834453315,18701833.04825382,4675458.262063455,19142120.941136543,19142120.941136543,4092887.106683228,4092887.106683228,0.0,0.0,0.0,0.0,688000.608,18454120.333136544,1.2262498234885668,142438408.1768681,183868856.9476771,0.7746739199961487,3404886.498683229,government_supported
S02,2030-04-01,Atlas Central,Texas,90,1.22,109.8,2028-07-01,2028-10-01,0,18000,3.4,48,5900000,0.17,0.22,0.85,20,12,0.33999999999999997,0.66,0.06,10.0,0.1,2028-08-01,2027-10-01,2027-09-01,2028-07-01,2028-10-01,2027-04-01,base,2028-10-01,True,True,True,0.0,0.0,18,0.787,18000,90.0,109.8,12960000,10199520.0,3.4,34678368.0,62217.072,2986419.4560000002,5900000.0,1733918.4000000001,10620337.856,24058030.144,0.0,0.0,0.0,5066078.71654864,9933487.679507138,1003282255.6302209,14999566.396055778,18991951.42745136,4747987.85686284,19310042.287137162,19310042.287137162,4310475.891081383,4310475.891081383,0.0,0.0,0.0,0.0,693567.36,18616474.927137163,1.241134205854942,158083201.93600523,183272847.6869067,0.8625565867021716,3616908.531081384,government_supported
S02,2030-05-01,Atlas Central,Texas,90,1.22,109.8,2028-07-01,2028-10-01,0,18000,3.4,48,5900000,0.17,0.22,0.85,20,12,0.33999999999999997,0.66,0.06,10.0,0.1,2028-08-01,2027-10-01,2027-09-01,2028-07-01,2028-10-01,2027-04-01,base,2028-10-01,True,True,True,0.0,0.0,19,0.8184999999999999,18000,90.0,109.8,13392000,10961351.999999998,3.4,37268596.79999999,66864.24719999998,3209483.865599999,5900000.0,1863429.8399999999,10972913.705599999,26295683.09439999,0.0,0.0,0.0,5016411.278151104,9933487.679507138,993348767.9507138,14949898.957658242,21279271.816248886,5319817.954062222,20975865.140337765,20975865.140337765,6025966.182679523,6025966.182679523,0.0,0.0,0.0,0.0,745371.9359999998,20230493.204337765,1.3532193937654997,172939489.44401264,182676838.42613626,0.9466963131942924,5280594.246679522,government_supported
S02,2030-06-01,Atlas Central,Texas,90,1.22,109.8,2028-07-01,2028-10-01,0,18000,3.4,48,5900000,0.17,0.22,0.85,20,12,0.33999999999999997,0.66,0.06,10.0,0.1,2028-08-01,2027-10-01,2027-09-01,2028-07-01,2028-10-01,2027-04-01,base,2028-10-01,True,True,True,0.0,0.0,20,0.85,18000,90.0,109.8,12960000,11016000.0,3.4,37454400.0,67197.59999999999,3225484.8,5900000.0,1872720.0000000002,10998204.8,26456195.2,0.0,0.0,0.0,4966743.839753569,9933487.679507138,983415280.2712066,14900231.519260708,21489451.36024643,5372362.840061608,21083832.35993839,21083832.35993839,6183600.840677682,6183600.840677682,0.0,0.0,0.0,0.0,749088.0,20334744.35993839,1.3647267382156303,186513965.91282,182080829.16536582,1.024347081281292,5434512.840677682,government_supported
S02,2030-07-01,Atlas Central,Texas,90,1.22,109.8,2028-07-01,2028-10-01,0,18000,3.4,48,5900000,0.17,0.22,0.85,20,12,0.33999999999999997,0.66,0.06,10.0,0.1,2028-08-01,2027-10-01,2027-09-01,2028-07-01,2028-10-01,2027-04-01,base,2028-10-01,True,True,True,0.0,0.0,21,0.85,18000,90.0,109.8,13392000,11383200.0,3.4,38702880.0,69437.51999999999,3333000.9599999995,5900000.0,1935144.0000000002,11168144.959999999,27534735.04,0.0,0.0,0.0,4917076.401356033,9933487.679507138,973481792.5916995,14850564.08086317,22617658.638643965,5654414.659660991,21880320.380339008,21880320.380339008,7029756.2994758375,7029756.2994758375,0.0,0.0,0.0,0.0,774057.6,21106262.780339006,1.421243170657544,198670826.0836274,181484819.9045954,1.0946966594124319,6255698.699475836,government_supported
S02,2030-08-01,Atlas Central,Texas,90,1.22,109.8,2028-07-01,2028-10-01,0,18000,3.4,48,5900000,0.17,0.22,0.85,20,12,0.33999999999999997,0.66,0.06,10.0,0.1,2028-08-01,2027-10-01,2027-09-01,2028-07-01,2028-10-01,2027-04-01,base,2028-10-01,True,True,True,0.0,0.0,22,0.85,18000,90.0,109.8,13392000,11383200.0,3.4,38702880.0,69437.51999999999,3333000.9599999995,5900000.0,1935144.0000000002,11168144.959999999,27534735.04,0.0,0.0,0.0,4867408.962958498,9933487.679507138,963548304.9121923,14800896.642465636,22667326.0770415,5666831.519260375,21867903.520739622,21867903.520739622,7067006.878273986,7067006.878273986,0.0,0.0,0.0,0.0,774057.6,21093845.92073962,1.425173516867804,208802520.11443484,180888810.643825,1.1543141854449621,6292949.278273985,government_supported
S02,2030-09-01,Atlas Central,Texas,90,1.22,109.8,2028-07-01,2028-10-01,0,18000,3.4,48,5900000,0.17,0.22,0.85,20,12,0.33999999999999997,0.66,0.06,10.0,0.1,2028-08-01,2027-10-01,2027-09-01,2028-07-01,2028-10-01,2027-04-01,base,2028-10-01,True,True,True,0.0,0.0,23,0.85,18000,90.0,109.8,12960000,11016000.0,3.4,37454400.0,67197.59999999999,3225484.8,5900000.0,1872720.0000000002,10998204.8,26456195.2,0.0,0.0,0.0,4817741.524560962,9933487.679507138,953614817.2326852,14751229.2040681,21638453.675439037,5409613.418859759,21046581.781140238,21046581.781140238,6295352.577072138,6295352.577072138,0.0,0.0,0.0,0.0,749088.0,20297493.781140238,1.3759866042582123,216497481.9832422,180292801.38305455,1.2008104612189496,5546264.577072138,government_supported
S02,2030-10-01,Atlas Central,Texas,90,1.22,109.8,2028-07-01,2028-10-01,0,18000,3.4,48,5900000,0.17,0.22,0.85,20,12,0.33999999999999997,0.66,0.06,10.0,0.1,2028-08-01,2027-10-01,2027-09-01,2028-07-01,2028-10-01,2027-04-01,base,2028-10-01,True,True,True,0.0,0.0,24,0.85,18000,90.0,109.8,13392000,11383200.0,3.4,38702880.0,69437.51999999999,3333000.9599999995,5900000.0,1935144.0000000002,11168144.959999999,27534735.04,0.0,0.0,0.0,4768074.086163426,9933487.679507138,943681329.5531781,14701561.765670564,22766660.953836575,5691665.238459144,21843069.801540855,21843069.801540855,7141508.035870291,7141508.035870291,0.0,0.0,0.0,0.0,774057.6,21069012.201540854,1.4331138784682622,223553306.0296496,179696792.12228414,1.244058413004507,6367450.43587029,government_supported
S02,2030-11-01,Atlas Central,Texas,90,1.22,109.8,2028-07-01,2028-10-01,0,18000,3.4,48,5900000,0.17,0.22,0.85,20,12,0.33999999999999997,0.66,0.06,10.0,0.1,2028-08-01,2027-10-01,2027-09-01,2028-07-01,2028-10-01,2027-04-01,base,2028-10-01,True,True,True,0.0,0.0,25,0.85,18000,90.0,109.8,12960000,11016000.0,3.4,37454400.0,67197.59999999999,3225484.8,5900000.0,1872720.0000000002,10998204.8,26456195.2,0.0,0.0,0.0,4718406.647765891,9933487.679507138,933747841.8736709,14651894.32727303,21737788.55223411,5434447.138058527,21021748.06194147,21021748.06194147,6369853.734668441,6369853.734668441,0.0,0.0,0.0,0.0,749088.0,20272660.06194147,1.3836204117447086,229505164.74645698,179100782.8615137,1.2814302711558638,5620765.734668441,government_supported
S02,2030-12-01,Atlas Central,Texas,90,1.22,109.8,2028-07-01,2028-10-01,0,18000,3.4,48,5900000,0.17,0.22,0.85,20,12,0.33999999999999997,0.66,0.06,10.0,0.1,2028-08-01,2027-10-01,2027-09-01,2028-07-01,2028-10-01,2027-04-01,base,2028-10-01,True,True,True,0.0,0.0,26,0.85,18000,90.0,109.8,13392000,11383200.0,3.4,38702880.0,69437.51999999999,3333000.9599999995,5900000.0,1935144.0000000002,11168144.959999999,27534735.04,0.0,0.0,0.0,4668739.209368355,9933487.679507138,923814354.1941638,14602226.888875492,22865995.830631644,5716498.957657911,21818236.08234209,21818236.08234209,7216009.193466596,7216009.193466596,0.0,0.0,0.0,0.0,774057.6,21044178.482342087,1.441162272199339,234759782.20246437,178504773.6007433,1.3151456819163005,6441951.593466595,government_supported
S02,2031-01-01,Atlas Central,Texas,90,1.22,109.8,2028-07-01,2028-10-01,0,18000,3.4,48,5900000,0.17,0.22,0.85,20,12,0.33999999999999997,0.66,0.06,10.0,0.1,2028-08-01,2027-10-01,2027-09-01,2028-07-01,2028-10-01,2027-04-01,base,2028-10-01,True,True,True,0.0,0.0,27,0.85,18000,90.0,109.8,13392000,11383200.0,3.4,38702880.0,69437.51999999999,3333000.9599999995,5900000.0,1935144.0000000002,11168144.959999999,27534735.04,0.0,0.0,0.0,4619071.7709708195,9933487.679507138,913880866.5146567,14552559.450477958,22915663.269029178,5728915.817257294,21805819.222742707,21805819.222742707,7253259.772264749,7253259.772264749,0.0,0.0,0.0,0.0,774057.6,21031761.622742705,1.445227672445753,239113796.36327177,177908764.33997285,1.344024827840071,6479202.172264747,government_supported
S02,2031-02-01,Atlas Central,Texas,90,1.22,109.8,2028-07-01,2028-10-01,0,18000,3.4,48,5900000,0.17,0.22,0.85,20,12,0.33999999999999997,0.66,0.06,10.0,0.1,2028-08-01,2027-10-01,2027-09-01,2028-07-01,2028-10-01,2027-04-01,base,2028-10-01,True,True,True,0.0,0.0,28,0.85,18000,90.0,109.8,12096000,10281600.0,3.4,34957440.0,62717.75999999999,3010452.4799999995,5900000.0,1747872.0000000002,10658324.48,24299115.52,0.0,0.0,0.0,4569404.332573283,9933487.679507138,903947378.8351495,14502892.012080422,19729711.187426716,4932427.796856679,19366687.72314332,19366687.72314332,4863795.711062899,4863795.711062899,0.0,0.0,0.0,0.0,699148.8,18667538.92314332,1.2871597545919728,242218586.59847915,177312755.0792024,1.366052805903808,4164646.911062898,government_supported
S02,2031-03-01,Atlas Central,Texas,90,1.22,109.8,2028-07-01,2028-10-01,0,18000,3.4,48,5900000,0.17,0.22,0.85,20,12,0.33999999999999997,0.66,0.06,10.0,0.1,2028-08-01,2027-10-01,2027-09-01,2028-07-01,2028-10-01,2027-04-01,base,2028-10-01,True,True,True,0.0,0.0,29,0.85,18000,90.0,109.8,13392000,11383200.0,3.4,38702880.0,69437.51999999999,3333000.9599999995,5900000.0,1935144.0000000002,11168144.959999999,27534735.04,0.0,0.0,0.0,4519736.894175747,9933487.679507138,894013891.1556424,14453224.573682886,23014998.145824254,5753749.536456063,21780985.503543936,21780985.503543936,7327760.92986105,7327760.92986105,0.0,0.0,0.0,0.0,774057.6,21006927.903543934,1.4534422956240742,244771394.16888654,176716745.818432,1.385105825909546,6553703.329861049,government_supported
S02,2031-04-01,Atlas Central,Texas,90,1.22,109.8,2028-07-01,2028-10-01,0,18000,3.4,48,5900000,0.17,0.22,0.85,20,12,0.33999999999999997,0.66,0.06,10.0,0.1,2028-08-01,2027-10-01,2027-09-01,2028-07-01,2028-10-01,2027-04-01,base,2028-10-01,True,True,True,0.0,0.0,30,0.85,18000,90.0,109.8,12960000,11016000.0,3.4,37454400.0,67197.59999999999,3225484.8,5900000.0,1872720.0000000002,10998204.8,26456195.2,0.0,0.0,0.0,4470069.455778212,9933487.679507138,884080403.4761353,14403557.135285351,21986125.744221788,5496531.436055447,20959663.76394455,20959663.76394455,6556106.6286592,6556106.6286592,0.0,0.0,0.0,0.0,749088.0,20210575.76394455,1.4031655912575485,246365495.0056939,176120736.55766156,1.3988443372483532,5807018.6286592,government_supported
S02,2031-05-01,Atlas Central,Texas,90,1.22,109.8,2028-07-01,2028-10-01,0,18000,3.4,48,5900000,0.17,0.22,0.85,20,12,0.33999999999999997,0.66,0.06,10.0,0.1,2028-08-01,2027-10-01,2027-09-01,2028-07-01,2028-10-01,2027-04-01,base,2028-10-01,True,True,True,0.0,0.0,31,0.85,18000,90.0,109.8,13392000,11383200.0,3.4,38702880.0,69437.51999999999,3333000.9599999995,5900000.0,1935144.0000000002,11168144.959999999,27534735.04,0.0,0.0,0.0,4420402.017380676,9933487.679507138,874146915.7966281,14353889.696887814,23114333.022619322,5778583.2556548305,21756151.78434517,21756151.78434517,7402262.087457355,7402262.087457355,0.0,0.0,0.0,0.0,774057.6,20982094.184345167,1.461770616009016,247117095.98570135,175524727.29689112,1.407876256475906,6628204.487457354,government_supported
S02,2031-06-01,Atlas Central,Texas,90,1.22,109.8,2028-07-01,2028-10-01,0,18000,3.4,48,5900000,0.17,0.22,0.85,20,12,0.33999999999999997,0.66,0.06,10.0,0.1,2028-08-01,2027-10-01,2027-09-01,2028-07-01,2028-10-01,2027-04-01,base,2028-10-01,True,True,True,0.0,0.0,32,0.85,18000,90.0,109.8,12960000,11016000.0,3.4,37454400.0,67197.59999999999,3225484.8,5900000.0,1872720.0000000002,10998204.8,26456195.2,0.0,0.0,0.0,4370734.578983141,9933487.679507138,864213428.117121,14304222.25849028,22085460.62101686,5521365.155254215,20934830.044745784,20934830.044745784,6630607.786255505,6630607.786255505,0.0,0.0,0.0,0.0,749088.0,20185742.044745784,1.4111736856412815,246968093.6705087,174928718.0361207,1.4118213203821268,5881519.786255505,government_supported
S02,2031-07-01,Atlas Central,Texas,90,1.22,109.8,2028-07-01,2028-10-01,0,18000,3.4,48,5900000,0.17,0.22,0.85,20,12,0.33999999999999997,0.66,0.06,10.0,0.1,2028-08-01,2027-10-01,2027-09-01,2028-07-01,2028-10-01,2027-04-01,base,2028-10-01,True,True,True,0.0,0.0,33,0.85,18000,90.0,109.8,13392000,11383200.0,3.4,38702880.0,69437.51999999999,3333000.9599999995,5900000.0,1935144.0000000002,11168144.959999999,27534735.04,0.0,0.0,0.0,4321067.140585605,9933487.679507138,854279940.4376138,14254554.820092743,23213667.899414394,5803416.9748535985,21731318.0651464,21731318.0651464,7476763.245053658,7476763.245053658,0.0,0.0,0.0,0.0,774057.6,20957260.4651464,1.4702150105456642,246819091.3553161,174332708.77535027,1.415793359084288,6702705.645053657,government_supported
S02,2031-08-01,Atlas Central,Texas,90,1.22,109.8,2028-07-01,2028-10-01,0,18000,3.4,48,5900000,0.17,0.22,0.85,20,12,0.33999999999999997,0.66,0.06,10.0,0.1,2028-08-01,2027-10-01,2027-09-01,2028-07-01,2028-10-01,2027-04-01,base,2028-10-01,True,True,True,0.0,0.0,34,0.85,18000,90.0,109.8,13392000,11383200.0,3.4,38702880.0,69437.51999999999,3333000.9599999995,5900000.0,1935144.0000000002,11168144.959999999,27534735.04,0.0,0.0,0.0,4271399.702188069,9933487.679507138,844346452.7581067,14204887.381695207,23263335.337811932,5815833.834452983,21718901.205547016,21718901.205547016,7514013.823851809,7514013.823851809,0.0,0.0,0.0,0.0,774057.6,20944843.605547015,1.474481496596523,246670089.04012352,173736699.51457983,1.4197926501960698,6739956.223851807,government_supported
S02,2031-09-01,Atlas Central,Texas,90,1.22,109.8,2028-07-01,2028-10-01,0,18000,3.4,48,5900000,0.17,0.22,0.85,20,12,0.33999999999999997,0.66,0.06,10.0,0.1,2028-08-01,2027-10-01,2027-09-01,2028-07-01,2028-10-01,2027-04-01,base,2028-10-01,True,True,True,0.0,0.0,35,0.85,18000,90.0,109.8,12960000,11016000.0,3.4,37454400.0,67197.59999999999,3225484.8,5900000.0,1872720.0000000002,10998204.8,26456195.2,0.0,0.0,0.0,4221732.263790534,9933487.679507138,834412965.0785996,14155219.943297673,22234462.936209466,5558615.734052367,20897579.46594763,20897579.46594763,6742359.522649959,6742359.522649959,0.0,0.0,0.0,0.0,749088.0,20148491.46594763,1.4233965665427686,246521086.7249309,173140690.25380942,1.4238194751537152,5993271.522649959,government_supported
S02,2031-10-01,Atlas Central,Texas,90,1.22,109.8,2028-07-01,2028-10-01,0,18000,3.4,48,5900000,0.17,0.22,0.85,20,12,0.33999999999999997,0.66,0.06,10.0,0.1,2028-08-01,2027-10-01,2027-09-01,2028-07-01,2028-10-01,2027-04-01,base,2028-10-01,True,True,True,0.0,0.0,36,0.85,18000,90.0,109.8,13392000,11383200.0,3.4,38702880.0,69437.51999999999,3333000.9599999995,5900000.0,1935144.0000000002,11168144.959999999,27534735.04,0.0,0.0,0.0,4172064.825392998,9933487.679507138,824479477.3990924,14105552.504900135,23362670.214607,5840667.55365175,21694067.48634825,21694067.48634825,7588514.981448114,7588514.981448114,0.0,0.0,0.0,0.0,774057.6,20920009.886348248,1.4831046057274846,246372084.4097383,172544680.99303898,1.4278741192820528,6814457.381448112,government_supported
S02,2031-11-01,Atlas Central,Texas,90,1.22,109.8,2028-07-01,2028-10-01,0,18000,3.4,48,5900000,0.17,0.22,0.85,20,12,0.33999999999999997,0.66,0.06,10.0,0.1,2028-08-01,2027-10-01,2027-09-01,2028-07-01,2028-10-01,2027-04-01,base,2028-10-01,True,True,True,0.0,0.0,37,0.85,18000,90.0,109.8,12960000,11016000.0,3.4,37454400.0,67197.59999999999,3225484.8,5900000.0,1872720.0000000002,10998204.8,26456195.2,0.0,0.0,0.0,4122397.3869954622,9933487.679507138,814545989.7195853,14055885.0665026,22333797.81300454,5583449.453251135,20872745.746748865,20872745.746748865,6816860.680246264,6816860.680246264,0.0,0.0,0.0,0.0,749088.0,20123657.746748865,1.4316891217833536,246223082.09454572,171948671.73226857,1.4319568718618867,6067772.680246264,government_supported
S02,2031-12-01,Atlas Central,Texas,90,1.22,109.8,2028-07-01,2028-10-01,0,18000,3.4,48,5900000,0.17,0.22,0.85,20,12,0.33999999999999997,0.66,0.06,10.0,0.1,2028-08-01,2027-10-01,2027-09-01,2028-07-01,2028-10-01,2027-04-01,base,2028-10-01,True,True,True,0.0,0.0,38,0.85,18000,90.0,109.8,13392000,11383200.0,3.4,38702880.0,69437.51999999999,3333000.9599999995,5900000.0,1935144.0000000002,11168144.959999999,27534735.04,0.0,0.0,0.0,4072729.9485979266,9933487.679507138,804612502.0400782,14006217.628105065,23462005.091402072,5865501.272850518,21669233.767149482,21669233.767149482,7663016.139044417,7663016.139044417,0.0,0.0,0.0,0.0,774057.6,20895176.16714948,1.4918500284631404,246074079.7793531,171352662.47149816,1.4360680261987975,6888958.539044416,government_supported
S03,2027-01-01,Atlas West,Nevada,45,1.18,53.1,2029-01-01,2029-04-01,0,9000,3.65,55,3400000,0.19,0.2,0.8,16,8,0.33999999999999997,0.66,0.06,10.0,0.1,2029-02-01,2028-03-01,2028-02-01,2029-01-01,2029-04-01,2027-09-01,base,2029-04-01,False,False,False,0.0,0.0,-27,0.0,0,0.0,0.0,0,0.0,3.65,0.0,0.0,0.0,0.0,0.0,0.0,0.0,0.0,0.0,0.0,0.0,0.0,0.0,0.0,0.0,0.0,0.0,0.0,0.0,0.0,0.0,0.0,0.0,0.0,0.0,0.0,,,,,0.0,government_supported
S03,2027-02-01,Atlas West,Nevada,45,1.18,53.1,2029-01-01,2029-04-01,0,9000,3.65,55,3400000,0.19,0.2,0.8,16,8,0.33999999999999997,0.66,0.06,10.0,0.1,2029-02-01,2028-03-01,2028-02-01,2029-01-01,2029-04-01,2027-09-01,base,2029-04-01,False,False,False,0.0,0.0,-26,0.0,0,0.0,0.0,0,0.0,3.65,0.0,0.0,0.0,0.0,0.0,0.0,0.0,0.0,0.0,0.0,0.0,0.0,0.0,0.0,0.0,0.0,0.0,0.0,0.0,0.0,0.0,0.0,0.0,0.0,0.0,0.0,,,,,0.0,government_supported
S03,2027-03-01,Atlas West,Nevada,45,1.18,53.1,2029-01-01,2029-04-01,0,9000,3.65,55,3400000,0.19,0.2,0.8,16,8,0.33999999999999997,0.66,0.06,10.0,0.1,2029-02-01,2028-03-01,2028-02-01,2029-01-01,2029-04-01,2027-09-01,base,2029-04-01,False,False,False,0.0,0.0,-25,0.0,0,0.0,0.0,0,0.0,3.65,0.0,0.0,0.0,0.0,0.0,0.0,0.0,0.0,0.0,0.0,0.0,0.0,0.0,0.0,0.0,0.0,0.0,0.0,0.0,0.0,0.0,0.0,0.0,0.0,0.0,0.0,,,,,0.0,government_supported
S03,2027-04-01,Atlas West,Nevada,45,1.18,53.1,2029-01-01,2029-04-01,0,9000,3.65,55,3400000,0.19,0.2,0.8,16,8,0.33999999999999997,0.66,0.06,10.0,0.1,2029-02-01,2028-03-01,2028-02-01,2029-01-01,2029-04-01,2027-09-01,base,2029-04-01,False,False,False,0.0,0.0,-24,0.0,0,0.0,0.0,0,0.0,3.65,0.0,0.0,0.0,0.0,0.0,0.0,0.0,0.0,0.0,0.0,0.0,0.0,0.0,0.0,0.0,0.0,0.0,0.0,0.0,0.0,0.0,0.0,0.0,0.0,0.0,0.0,,,,,0.0,government_supported
S03,2027-05-01,Atlas West,Nevada,45,1.18,53.1,2029-01-01,2029-04-01,0,9000,3.65,55,3400000,0.19,0.2,0.8,16,8,0.33999999999999997,0.66,0.06,10.0,0.1,2029-02-01,2028-03-01,2028-02-01,2029-01-01,2029-04-01,2027-09-01,base,2029-04-01,False,False,False,0.0,0.0,-23,0.0,0,0.0,0.0,0,0.0,3.65,0.0,0.0,0.0,0.0,0.0,0.0,0.0,0.0,0.0,0.0,0.0,0.0,0.0,0.0,0.0,0.0,0.0,0.0,0.0,0.0,0.0,0.0,0.0,0.0,0.0,0.0,,,,,0.0,government_supported
S03,2027-06-01,Atlas West,Nevada,45,1.18,53.1,2029-01-01,2029-04-01,0,9000,3.65,55,3400000,0.19,0.2,0.8,16,8,0.33999999999999997,0.66,0.06,10.0,0.1,2029-02-01,2028-03-01,2028-02-01,2029-01-01,2029-04-01,2027-09-01,base,2029-04-01,False,False,False,0.0,0.0,-22,0.0,0,0.0,0.0,0,0.0,3.65,0.0,0.0,0.0,0.0,0.0,0.0,0.0,0.0,0.0,0.0,0.0,0.0,0.0,0.0,0.0,0.0,0.0,0.0,0.0,0.0,0.0,0.0,0.0,0.0,0.0,0.0,,,,,0.0,government_supported
S03,2027-07-01,Atlas West,Nevada,45,1.18,53.1,2029-01-01,2029-04-01,0,9000,3.65,55,3400000,0.19,0.2,0.8,16,8,0.33999999999999997,0.66,0.06,10.0,0.1,2029-02-01,2028-03-01,2028-02-01,2029-01-01,2029-04-01,2027-09-01,base,2029-04-01,False,False,False,0.0,0.0,-21,0.0,0,0.0,0.0,0,0.0,3.65,0.0,0.0,0.0,0.0,0.0,0.0,0.0,0.0,0.0,0.0,0.0,0.0,0.0,0.0,0.0,0.0,0.0,0.0,0.0,0.0,0.0,0.0,0.0,0.0,0.0,0.0,,,,,0.0,government_supported
S03,2027-08-01,Atlas West,Nevada,45,1.18,53.1,2029-01-01,2029-04-01,0,9000,3.65,55,3400000,0.19,0.2,0.8,16,8,0.33999999999999997,0.66,0.06,10.0,0.1,2029-02-01,2028-03-01,2028-02-01,2029-01-01,2029-04-01,2027-09-01,base,2029-04-01,False,False,False,0.0,0.0,-20,0.0,0,0.0,0.0,0,0.0,3.65,0.0,0.0,0.0,0.0,0.0,0.0,0.0,0.0,0.0,0.0,0.0,0.0,0.0,0.0,0.0,0.0,0.0,0.0,0.0,0.0,0.0,0.0,0.0,0.0,0.0,0.0,,,,,0.0,government_supported
S03,2027-09-01,Atlas West,Nevada,45,1.18,53.1,2029-01-01,2029-04-01,0,9000,3.65,55,3400000,0.19,0.2,0.8,16,8,0.33999999999999997,0.66,0.06,10.0,0.1,2029-02-01,2028-03-01,2028-02-01,2029-01-01,2029-04-01,2027-09-01,base,2029-04-01,False,False,False,1841503.4761995617,0.0,-19,0.0,0,0.0,0.0,0,0.0,3.65,0.0,0.0,0.0,0.0,0.0,0.0,0.0,1841503.4761995617,0.0,0.0,0.0,0.0,0.0,0.0,0.0,0.0,0.0,-1841503.4761995617,-1841503.4761995617,0.0,184150.34761995618,0.0,220980.4171439474,1657353.1285796056,0.0,0.0,,,,,-1657353.1285796056,government_supported
S03,2027-10-01,Atlas West,Nevada,45,1.18,53.1,2029-01-01,2029-04-01,0,9000,3.65,55,3400000,0.19,0.2,0.8,16,8,0.33999999999999997,0.66,0.06,10.0,0.1,2029-02-01,2028-03-01,2028-02-01,2029-01-01,2029-04-01,2027-09-01,base,2029-04-01,False,False,False,10019508.603094,0.0,-18,0.0,0,0.0,0.0,0,0.0,3.65,0.0,0.0,0.0,0.0,0.0,0.0,0.0,10019508.603094,0.0,0.0,0.0,0.0,0.0,0.0,0.0,0.0,0.0,-10019508.603094,-10019508.603094,0.0,1001950.8603094001,0.0,1202341.03237128,9017557.7427846,0.0,0.0,,,,,-9017557.7427846,government_supported
S03,2027-11-01,Atlas West,Nevada,45,1.18,53.1,2029-01-01,2029-04-01,0,9000,3.65,55,3400000,0.19,0.2,0.8,16,8,0.33999999999999997,0.66,0.06,10.0,0.1,2029-02-01,2028-03-01,2028-02-01,2029-01-01,2029-04-01,2027-09-01,base,2029-04-01,False,False,False,13479796.8163829,0.0,-17,0.0,0,0.0,0.0,0,0.0,3.65,0.0,0.0,0.0,0.0,0.0,0.0,0.0,13479796.8163829,0.0,0.0,0.0,0.0,0.0,0.0,0.0,0.0,0.0,-13479796.8163829,-13479796.8163829,0.0,1347979.6816382902,0.0,1617575.6179659478,12131817.13474461,0.0,0.0,,,,,-12131817.13474461,government_supported
S03,2027-12-01,Atlas West,Nevada,45,1.18,53.1,2029-01-01,2029-04-01,0,9000,3.65,55,3400000,0.19,0.2,0.8,16,8,0.33999999999999997,0.66,0.06,10.0,0.1,2029-02-01,2028-03-01,2028-02-01,2029-01-01,2029-04-01,2027-09-01,base,2029-04-01,False,False,False,10380864.639866699,0.0,-16,0.0,0,0.0,0.0,0,0.0,3.65,0.0,0.0,0.0,0.0,0.0,0.0,0.0,10380864.639866699,0.0,0.0,0.0,0.0,0.0,0.0,0.0,0.0,0.0,-10380864.639866699,-10380864.639866699,0.0,1038086.4639866699,0.0,1245703.7567840037,9342778.175880028,0.0,0.0,,0.0,0.0,,-9342778.175880028,government_supported
S03,2028-01-01,Atlas West,Nevada,45,1.18,53.1,2029-01-01,2029-04-01,0,9000,3.65,55,3400000,0.19,0.2,0.8,16,8,0.33999999999999997,0.66,0.06,10.0,0.1,2029-02-01,2028-03-01,2028-02-01,2029-01-01,2029-04-01,2027-09-01,base,2029-04-01,False,False,False,7281932.463350503,0.0,-15,0.0,0,0.0,0.0,0,0.0,3.65,0.0,0.0,0.0,0.0,0.0,0.0,0.0,7281932.463350503,0.0,0.0,0.0,0.0,0.0,0.0,0.0,0.0,0.0,-7281932.463350503,-7281932.463350503,0.0,728193.2463350503,0.0,873831.8956020602,6553739.217015453,0.0,0.0,,0.0,0.0,,-6553739.217015453,government_supported
S03,2028-02-01,Atlas West,Nevada,45,1.18,53.1,2029-01-01,2029-04-01,0,9000,3.65,55,3400000,0.19,0.2,0.8,16,8,0.33999999999999997,0.66,0.06,10.0,0.1,2029-02-01,2028-03-01,2028-02-01,2029-01-01,2029-04-01,2027-09-01,base,2029-04-01,False,False,False,5284949.312321561,0.0,-14,0.0,0,0.0,0.0,0,0.0,3.65,0.0,0.0,0.0,0.0,0.0,0.0,0.0,5284949.312321561,0.0,0.0,0.0,0.0,0.0,0.0,0.0,0.0,0.0,-5284949.312321561,-5284949.312321561,0.0,528494.9312321561,0.0,634193.9174785874,4756454.381089405,0.0,0.0,,0.0,0.0,,-4756454.381089405,government_supported
S03,2028-03-01,Atlas West,Nevada,45,1.18,53.1,2029-01-01,2029-04-01,0,9000,3.65,55,3400000,0.19,0.2,0.8,16,8,0.33999999999999997,0.66,0.06,10.0,0.1,2029-02-01,2028-03-01,2028-02-01,2029-01-01,2029-04-01,2027-09-01,base,2029-04-01,False,False,False,12707986.382705985,0.0,-13,0.0,0,0.0,0.0,0,0.0,3.65,0.0,0.0,0.0,0.0,0.0,0.0,0.0,12707986.382705985,0.0,0.0,0.0,0.0,0.0,0.0,0.0,0.0,0.0,-12707986.382705985,-12707986.382705985,0.0,1270798.6382705986,0.0,1524958.365924718,11437187.744435387,0.0,0.0,,0.0,0.0,,-11437187.744435387,government_supported
S03,2028-04-01,Atlas West,Nevada,45,1.18,53.1,2029-01-01,2029-04-01,0,9000,3.65,55,3400000,0.19,0.2,0.8,16,8,0.33999999999999997,0.66,0.06,10.0,0.1,2029-02-01,2028-03-01,2028-02-01,2029-01-01,2029-04-01,2027-09-01,base,2029-04-01,False,False,False,20188443.777989022,0.0,-12,0.0,0,0.0,0.0,0,0.0,3.65,0.0,0.0,0.0,0.0,0.0,0.0,0.0,20188443.777989022,0.0,0.0,0.0,0.0,0.0,0.0,0.0,0.0,0.0,-20188443.777989022,-20188443.777989022,0.0,2018844.3777989023,0.0,2422613.2533586826,18169599.40019012,0.0,0.0,,0.0,0.0,,-18169599.40019012,government_supported
S03,2028-05-01,Atlas West,Nevada,45,1.18,53.1,2029-01-01,2029-04-01,0,9000,3.65,55,3400000,0.19,0.2,0.8,16,8,0.33999999999999997,0.66,0.06,10.0,0.1,2029-02-01,2028-03-01,2028-02-01,2029-01-01,2029-04-01,2027-09-01,base,2029-04-01,False,False,False,35357287.211776875,0.0,-11,0.0,0,0.0,0.0,0,0.0,3.65,0.0,0.0,0.0,0.0,0.0,0.0,0.0,26419387.24054338,8937899.971233495,44689.49985616747,0.0,0.0,8982589.471089661,0.0,0.0,0.0,0.0,-35357287.211776875,-26419387.24054338,0.0,3535728.721177688,0.0,4242874.465413225,22883658.51936569,0.0,0.0,,0.0,0.0,,-22883658.51936569,government_supported
S03,2028-06-01,Atlas West,Nevada,45,1.18,53.1,2029-01-01,2029-04-01,0,9000,3.65,55,3400000,0.19,0.2,0.8,16,8,0.33999999999999997,0.66,0.06,10.0,0.1,2029-02-01,2028-03-01,2028-02-01,2029-01-01,2029-04-01,2027-09-01,base,2029-04-01,False,False,False,50526130.64556474,0.0,-10,0.0,0,0.0,0.0,0,0.0,3.65,0.0,0.0,0.0,0.0,0.0,0.0,0.0,17178884.41949201,33347246.226072732,211649.17848581195,0.0,0.0,42541484.8756482,0.0,0.0,0.0,0.0,-50526130.64556474,-17178884.41949201,0.0,5052613.064556475,0.0,6063135.677467769,12126271.354935534,0.0,0.0,,0.0,0.0,,-12126271.354935534,government_supported
S03,2028-07-01,Atlas West,Nevada,45,1.18,53.1,2029-01-01,2029-04-01,0,9000,3.65,55,3400000,0.19,0.2,0.8,16,8,0.33999999999999997,0.66,0.06,10.0,0.1,2029-02-01,2028-03-01,2028-02-01,2029-01-01,2029-04-01,2027-09-01,base,2029-04-01,False,False,False,65694974.07935259,0.0,-9,0.0,0,0.0,0.0,0,0.0,3.65,0.0,0.0,0.0,0.0,0.0,0.0,0.0,22336291.18697988,43358682.89237271,429500.8388401046,0.0,0.0,86329668.60686101,0.0,0.0,0.0,0.0,-65694974.07935259,-22336291.186979875,0.0,6569497.407935259,0.0,7883396.88952231,15766793.77904462,0.0,0.0,,0.0,0.0,,-15766793.779044617,government_supported
S03,2028-08-01,Atlas West,Nevada,45,1.18,53.1,2029-01-01,2029-04-01,0,9000,3.65,55,3400000,0.19,0.2,0.8,16,8,0.33999999999999997,0.66,0.06,10.0,0.1,2029-02-01,2028-03-01,2028-02-01,2029-01-01,2029-04-01,2027-09-01,base,2029-04-01,False,False,False,80863817.51314044,0.0,-8,0.0,0,0.0,0.0,0,0.0,3.65,0.0,0.0,0.0,0.0,0.0,0.0,0.0,27493697.954467747,53370119.5586727,698498.9408276686,0.0,0.0,140398287.1063614,0.0,0.0,0.0,0.0,-80863817.51314044,-27493697.954467744,0.0,8086381.751314044,0.0,9703658.101576852,19407316.203153703,0.0,0.0,,0.0,0.0,,-19407316.2031537,government_supported
S03,2028-09-01,Atlas West,Nevada,45,1.18,53.1,2029-01-01,2029-04-01,0,9000,3.65,55,3400000,0.19,0.2,0.8,16,8,0.33999999999999997,0.66,0.06,10.0,0.1,2029-02-01,2028-03-01,2028-02-01,2029-01-01,2029-04-01,2027-09-01,base,2029-04-01,False,False,False,87435778.33939837,0.0,-7,0.0,0,0.0,0.0,0,0.0,3.65,0.0,0.0,0.0,0.0,0.0,0.0,0.0,29728164.63539545,57707613.704002924,990529.5040518215,0.0,0.0,199096430.31441614,0.0,0.0,0.0,0.0,-87435778.33939837,-29728164.635395445,7.450580596923828e-09,8743577.833939837,0.0,10492293.400727805,20984586.80145561,0.0,0.0,,0.0,0.0,,-20984586.80145561,government_supported
S03,2028-10-01,Atlas West,Nevada,45,1.18,53.1,2029-01-01,2029-04-01,0,9000,3.65,55,3400000,0.19,0.2,0.8,16,8,0.33999999999999997,0.66,0.06,10.0,0.1,2029-02-01,2028-03-01,2028-02-01,2029-01-01,2029-04-01,2027-09-01,base,2029-04-01,False,False,False,87562113.84849827,0.0,-6,0.0,0,0.0,0.0,0,0.0,3.65,0.0,0.0,0.0,0.0,0.0,0.0,0.0,29771118.70848941,57790995.14000886,1284437.127272125,0.0,0.0,258171862.58169714,0.0,0.0,0.0,0.0,-87562113.84849827,-29771118.70848941,0.0,8756211.384849828,0.0,10507453.661819791,21014907.323639583,0.0,0.0,,0.0,0.0,,-21014907.323639583,government_supported
S03,2028-11-01,Atlas West,Nevada,45,1.18,53.1,2029-01-01,2029-04-01,0,9000,3.65,55,3400000,0.19,0.2,0.8,16,8,0.33999999999999997,0.66,0.06,10.0,0.1,2029-02-01,2028-03-01,2028-02-01,2029-01-01,2029-04-01,2027-09-01,base,2029-04-01,False,False,False,70410962.44660339,0.0,-5,0.0,0,0.0,0.0,0,0.0,3.65,0.0,0.0,0.0,0.0,0.0,0.0,0.0,23939727.231845148,46471235.21475824,1523215.488982277,0.0,0.0,306166313.28543764,0.0,0.0,0.0,0.0,-70410962.44660339,-23939727.231845148,0.0,7041096.244660339,0.0,8449315.493592406,16898630.987184808,0.0,0.0,,0.0,0.0,,-16898630.987184808,government_supported
S03,2028-12-01,Atlas West,Nevada,45,1.18,53.1,2029-01-01,2029-04-01,0,9000,3.65,55,3400000,0.19,0.2,0.8,16,8,0.33999999999999997,0.66,0.06,10.0,0.1,2029-02-01,2028-03-01,2028-02-01,2029-01-01,2029-04-01,2027-09-01,base,2029-04-01,False,False,False,35982324.13371378,0.0,-4,0.0,0,0.0,0.0,0,0.0,3.65,0.0,0.0,0.0,0.0,0.0,0.0,0.0,12233990.205462681,23748333.9282511,1649573.2360684436,0.0,0.0,331564220.44975716,0.0,0.0,0.0,0.0,-35982324.13371378,-12233990.205462683,-3.725290298461914e-09,3598232.4133713786,0.0,4317878.896045654,8635757.792091303,0.0,0.0,,0.0,0.0,,-8635757.792091304,government_supported
S03,2029-01-01,Atlas West,Nevada,45,1.18,53.1,2029-01-01,2029-04-01,0,9000,3.65,55,3400000,0.19,0.2,0.8,16,8,0.33999999999999997,0.66,0.06,10.0,0.1,2029-02-01,2028-03-01,2028-02-01,2029-01-01,2029-04-01,2027-09-01,base,2029-04-01,True,False,False,59871568.26220668,18129496.402877696,-3,0.0,0,0.0,0.0,0,0.0,3.65,0.0,0.0,0.0,0.0,0.0,0.0,0.0,20356333.20915027,39515235.05305641,1855397.277514068,0.0,0.0,372934852.7803276,0.0,0.0,0.0,0.0,-59871568.26220668,-20356333.20915027,0.0,5987156.826220669,0.0,7184588.191464801,14369176.3829296,0.0,0.0,,0.0,0.0,,-14369176.3829296,government_supported
S03,2029-02-01,Atlas West,Nevada,45,1.18,53.1,2029-01-01,2029-04-01,0,9000,3.65,55,3400000,0.19,0.2,0.8,16,8,0.33999999999999997,0.66,0.06,10.0,0.1,2029-02-01,2028-03-01,2028-02-01,2029-01-01,2029-04-01,2027-09-01,base,2029-04-01,True,True,False,141153223.51546046,107913669.06474818,-2,0.0,0,0.0,0.0,0,0.0,3.65,0.0,0.0,0.0,0.0,0.0,0.0,0.0,47992095.995256566,93161127.5202039,2330479.9015026577,0.0,0.0,468426460.2020342,0.0,0.0,0.0,0.0,-141153223.51546046,-47992095.99525656,1.4901161193847656e-08,14115322.351546047,0.0,16938386.821855254,33876773.64371052,0.0,0.0,,0.0,0.0,,-33876773.64371051,government_supported
S03,2029-03-01,Atlas West,Nevada,45,1.18,53.1,2029-01-01,2029-04-01,0,9000,3.65,55,3400000,0.19,0.2,0.8,16,8,0.33999999999999997,0.66,0.06,10.0,0.1,2029-02-01,2028-03-01,2028-02-01,2029-01-01,2029-04-01,2027-09-01,base,2029-04-01,True,True,False,215827338.12949637,215827338.12949637,-1,0.0,0,0.0,0.0,0,0.0,3.65,0.0,0.0,0.0,0.0,0.0,0.0,0.0,73381294.96402876,142446043.16546762,3054362.516837509,0.0,0.0,613926865.8843392,0.0,0.0,0.0,0.0,-215827338.12949637,-73381294.96402875,0.0,21582733.81294964,0.0,25899280.575539563,51798561.15107912,0.0,0.0,,0.0,0.0,,-51798561.1510791,government_supported
S03,2029-04-01,Atlas West,Nevada,45,1.18,53.1,2029-01-01,2029-04-01,0,9000,3.65,55,3400000,0.19,0.2,0.8,16,8,0.33999999999999997,0.66,0.06,10.0,0.1,2029-02-01,2028-03-01,2028-02-01,2029-01-01,2029-04-01,2027-09-01,base,2029-04-01,True,True,True,18129496.402877696,18129496.402877696,0,0.2,1125,5.625,6.637499999999999,810000,162000.0,3.65,591300.0,955.7999999999998,52568.99999999999,3400000.0,30780.0,3483349.0,-2892049.0,6164028.776978416,11965467.62589928,0.0,3129461.667551193,5215769.445918654,620676564.0643198,8345231.113469847,0.0,0.0,-2892049.0,-21021545.402877696,-17401308.890448265,-11237280.113469847,1812949.6402877697,0.0,2175539.568345323,4351079.136690646,11826.0,-2903875.0,-0.34796819411183494,-2903875.0,8345231.113469847,-0.34796819411183494,-15600185.250160493,government_supported
S03,2029-05-01,Atlas West,Nevada,45,1.18,53.1,2029-01-01,2029-04-01,0,9000,3.65,55,3400000,0.19,0.2,0.8,16,8,0.33999999999999997,0.66,0.06,10.0,0.1,2029-02-01,2028-03-01,2028-02-01,2029-01-01,2029-04-01,2027-09-01,base,2029-04-01,True,True,True,0.0,0.0,1,0.23750000000000002,2250,11.25,13.274999999999999,1674000,397575.0,3.65,1451148.75,2345.6924999999997,129013.08749999998,3400000.0,75539.25,3604552.3375,-2153403.5875,0.0,0.0,0.0,3103382.8203215995,5215769.445918654,615460794.6184012,8319152.266240254,0.0,0.0,-2153403.5875,-2153403.5875,-10472555.853740254,-10472555.853740254,0.0,0.0,0.0,0.0,29022.975000000002,-2182426.5625,-0.26233761477794454,-5086301.5625,16664383.3797101,-0.30521990802809307,-10501578.828740254,government_supported
S03,2029-06-01,Atlas West,Nevada,45,1.18,53.1,2029-01-01,2029-04-01,0,9000,3.65,55,3400000,0.19,0.2,0.8,16,8,0.33999999999999997,0.66,0.06,10.0,0.1,2029-02-01,2028-03-01,2028-02-01,2029-01-01,2029-04-01,2027-09-01,base,2029-04-01,True,True,True,0.0,0.0,2,0.275,3375,16.875,19.912499999999998,2430000,668250.0,3.65,2439112.5,3942.6749999999997,216847.12499999997,3400000.0,126967.5,3743814.625,-1304702.125,0.0,0.0,0.0,3077303.973092006,5215769.445918654,610245025.1724825,8293073.41901066,0.0,0.0,-1304702.125,-1304702.125,-9597775.54401066,-9597775.54401066,0.0,0.0,0.0,0.0,48782.25,-1353484.375,-0.16320660708216267,-6439785.9375,24957456.798720762,-0.25803053529997827,-9646557.79401066,government_supported
S03,2029-07-01,Atlas West,Nevada,45,1.18,53.1,2029-01-01,2029-04-01,0,9000,3.65,55,3400000,0.19,0.2,0.8,16,8,0.33999999999999997,0.66,0.06,10.0,0.1,2029-02-01,2028-03-01,2028-02-01,2029-01-01,2029-04-01,2027-09-01,base,2029-04-01,True,True,True,0.0,0.0,3,0.3125,4500,22.5,26.549999999999997,3348000,1046250.0,3.65,3818812.5,6172.874999999999,339508.12499999994,3400000.0,198787.5,3938295.625,-119483.125,0.0,0.0,0.0,3051225.1258624126,5215769.445918654,605029255.7265638,8266994.571781067,0.0,0.0,-119483.125,-119483.125,-8386477.696781067,-8386477.696781067,0.0,0.0,0.0,0.0,76376.25,-195859.375,-0.023691726576010493,-6635645.3125,33224451.370501827,-0.19972174223443842,-8462853.946781067,government_supported
S03,2029-08-01,Atlas West,Nevada,45,1.18,53.1,2029-01-01,2029-04-01,0,9000,3.65,55,3400000,0.19,0.2,0.8,16,8,0.33999999999999997,0.66,0.06,10.0,0.1,2029-02-01,2028-03-01,2028-02-01,2029-01-01,2029-04-01,2027-09-01,base,2029-04-01,True,True,True,0.0,0.0,4,0.35000000000000003,5625,28.125,33.1875,4185000,1464750.0000000002,3.65,5346337.500000001,8642.025000000001,475311.37500000006,3400000.0,278302.50000000006,4153613.875,1192723.625000001,0.0,0.0,0.0,3025146.278632819,5215769.445918653,599813486.2806451,8240915.724551473,0.0,0.0,1192723.625000001,1192723.625000001,-7048192.099551472,-7048192.099551472,0.0,0.0,0.0,0.0,106926.75000000001,1085796.875000001,0.13175682306338565,-5549848.437499999,41465367.0950533,-0.13384298334505954,-7155118.849551472,government_supported
S03,2029-09-01,Atlas West,Nevada,45,1.18,53.1,2029-01-01,2029-04-01,0,9000,3.65,55,3400000,0.19,0.2,0.8,16,8,0.33999999999999997,0.66,0.06,10.0,0.1,2029-02-01,2028-03-01,2028-02-01,2029-01-01,2029-04-01,2027-09-01,base,2029-04-01,True,True,True,0.0,0.0,5,0.38750000000000007,6750,33.75,39.824999999999996,4860000,1883250.0000000002,3.65,6873862.500000001,11111.175000000001,611114.6250000001,3400000.0,357817.50000000006,4368932.125,2504930.375000001,0.0,0.0,0.0,2999067.4314032258,5215769.445918653,594597716.8347265,8214836.877321878,0.0,0.0,2504930.375000001,2504930.375000001,-5709906.5023218775,-5709906.5023218775,0.0,0.0,0.0,0.0,137477.25000000003,2367453.125000001,0.2881923476211271,-3182395.312499998,49680203.97237518,-0.06405761365773736,-5847383.7523218775,government_supported
S03,2029-10-01,Atlas West,Nevada,45,1.18,53.1,2029-01-01,2029-04-01,0,9000,3.65,55,3400000,0.19,0.2,0.8,16,8,0.33999999999999997,0.66,0.06,10.0,0.1,2029-02-01,2028-03-01,2028-02-01,2029-01-01,2029-04-01,2027-09-01,base,2029-04-01,True,True,True,0.0,0.0,6,0.42500000000000004,7875,39.375,46.4625,5859000,2490075.0000000005,3.65,9088773.750000002,14691.442500000001,808029.3375,3400000.0,473114.2500000001,4681143.5875,4407630.1625000015,0.0,0.0,0.0,2972988.5841736323,5215769.445918653,589381947.3888078,8188758.030092286,1434641.5783263692,358660.3945815923,4048969.7679184093,4048969.7679184093,-4139788.2621738766,-4139788.2621738766,0.0,0.0,0.0,0.0,181775.47500000003,3867194.292918409,0.4722565105364124,684798.9804184111,57868962.00246747,0.011833614371538443,-4321563.737173877,government_supported
S03,2029-11-01,Atlas West,Nevada,45,1.18,53.1,2029-01-01,2029-04-01,0,9000,3.65,55,3400000,0.19,0.2,0.8,16,8,0.33999999999999997,0.66,0.06,10.0,0.1,2029-02-01,2028-03-01,2028-02-01,2029-01-01,2029-04-01,2027-09-01,base,2029-04-01,True,True,True,0.0,0.0,7,0.4625000000000001,9000,45.0,53.099999999999994,6480000,2997000.0000000005,3.65,10939050.000000002,17682.3,972526.5,3400000.0,569430.0000000001,4941956.5,5997093.500000002,0.0,0.0,0.0,2946909.736944039,5215769.445918653,584166177.9428891,8162679.182862692,3050183.763055963,762545.9407639907,5234547.5592360115,5234547.5592360115,-2928131.62362668,-2928131.62362668,0.0,0.0,0.0,0.0,218781.00000000003,5015766.5592360115,0.6144755229099862,5700565.539654423,66031641.18533015,0.0863308171253039,-3146912.62362668,government_supported
S03,2029-12-01,Atlas West,Nevada,45,1.18,53.1,2029-01-01,2029-04-01,0,9000,3.65,55,3400000,0.19,0.2,0.8,16,8,0.33999999999999997,0.66,0.06,10.0,0.1,2029-02-01,2028-03-01,2028-02-01,2029-01-01,2029-04-01,2027-09-01,base,2029-04-01,True,True,True,0.0,0.0,8,0.5,9000,45.0,53.099999999999994,6696000,3348000.0,3.65,12220200.0,19753.199999999997,1086425.9999999998,3400000.0,636120.0,5122546.0,7097654.0,0.0,0.0,0.0,2920830.8897144455,5215769.445918652,578950408.4969704,8136600.335633097,4176823.1102855545,1044205.7775713886,6053448.2224286115,6053448.2224286115,-2083152.1132044857,-2083152.1132044857,0.0,0.0,0.0,0.0,244404.0,5809044.2224286115,0.7139399728150243,11509609.762083035,74168241.52096325,0.15518245445835338,-2327556.1132044857,government_supported
S03,2030-01-01,Atlas West,Nevada,45,1.18,53.1,2029-01-01,2029-04-01,0,9000,3.65,55,3400000,0.19,0.2,0.8,16,8,0.33999999999999997,0.66,0.06,10.0,0.1,2029-02-01,2028-03-01,2028-02-01,2029-01-01,2029-04-01,2027-09-01,base,2029-04-01,True,True,True,0.0,0.0,9,0.5375000000000001,9000,45.0,53.099999999999994,6696000,3599100.0000000005,3.65,13136715.000000002,21234.69,1167907.95,3400000.0,683829.0000000001,5251736.95,7884978.050000002,0.0,0.0,0.0,2894752.042484852,5215769.445918652,573734639.0510517,8110521.488403505,4990226.007515149,1247556.5018787873,6637421.548121214,6637421.548121214,-1473099.9402822908,-1473099.9402822908,0.0,0.0,0.0,0.0,262734.30000000005,6374687.248121214,0.7859774808852672,17884297.010204248,82278763.00936675,0.2173622494563788,-1735834.2402822906,government_supported
S03,2030-02-01,Atlas West,Nevada,45,1.18,53.1,2029-01-01,2029-04-01,0,9000,3.65,55,3400000,0.19,0.2,0.8,16,8,0.33999999999999997,0.66,0.06,10.0,0.1,2029-02-01,2028-03-01,2028-02-01,2029-01-01,2029-04-01,2027-09-01,base,2029-04-01,True,True,True,0.0,0.0,10,0.5750000000000001,9000,45.0,53.099999999999994,6048000,3477600.0000000005,3.65,12693240.000000002,20517.84,1128481.2,3400000.0,660744.0000000001,5189225.2,7504014.800000002,0.0,0.0,0.0,2868673.1952552586,5215769.445918652,568518869.605133,8084442.64117391,4635341.604744744,1158835.401186186,6345179.398813816,6345179.398813816,-1739263.2423600946,-1739263.2423600946,0.0,0.0,0.0,0.0,253864.80000000005,6091314.598813816,0.7534612921601878,23975611.609018065,90363205.65054066,0.26532493437360266,-1993128.0423600944,government_supported
S03,2030-03-01,Atlas West,Nevada,45,1.18,53.1,2029-01-01,2029-04-01,0,9000,3.65,55,3400000,0.19,0.2,0.8,16,8,0.33999999999999997,0.66,0.06,10.0,0.1,2029-02-01,2028-03-01,2028-02-01,2029-01-01,2029-04-01,2027-09-01,base,2029-04-01,True,True,True,0.0,0.0,11,0.6125,9000,45.0,53.099999999999994,6696000,4101300.0000000005,3.65,14969745.000000002,24197.67,1330871.8499999999,3400000.0,779247.0000000001,5510118.85,9459626.150000002,0.0,0.0,0.0,2842594.348025665,5215769.445918652,563303100.1592144,8058363.793944318,6617031.801974338,1654257.9504935844,7805368.199506418,7805368.199506418,-252995.5944379,-252995.5944379,0.0,0.0,0.0,0.0,299394.9,7505973.2995064175,0.9314512835902234,31481584.908524483,98421569.44448498,0.3198646911059651,-552390.4944379004,government_supported
S03,2030-04-01,Atlas West,Nevada,45,1.18,53.1,2029-01-01,2029-04-01,0,9000,3.65,55,3400000,0.19,0.2,0.8,16,8,0.33999999999999997,0.66,0.06,10.0,0.1,2029-02-01,2028-03-01,2028-02-01,2029-01-01,2029-04-01,2027-09-01,base,2029-04-01,True,True,True,0.0,0.0,12,0.6500000000000001,9000,45.0,53.099999999999994,6480000,4212000.000000001,3.65,15373800.000000004,24850.8,1366794.0,3400000.0,800280.0000000002,5567074.0,9806726.000000004,0.0,0.0,0.0,2816515.5007960717,5215769.445918651,558087330.7132957,8032284.9467147235,6990210.499203932,1747552.624800983,8059173.375199021,8059173.375199021,26888.428484297357,26888.428484297357,0.0,0.0,0.0,0.0,307476.00000000006,7751697.375199021,0.9650675276864442,42137157.2837235,98108623.27772987,0.4294949401587252,-280587.57151570264,government_supported
S03,2030-05-01,Atlas West,Nevada,45,1.18,53.1,2029-01-01,2029-04-01,0,9000,3.65,55,3400000,0.19,0.2,0.8,16,8,0.33999999999999997,0.66,0.06,10.0,0.1,2029-02-01,2028-03-01,2028-02-01,2029-01-01,2029-04-01,2027-09-01,base,2029-04-01,True,True,True,0.0,0.0,13,0.6875,9000,45.0,53.099999999999994,6696000,4603500.0,3.65,16802775.0,27160.649999999994,1493835.7499999998,3400000.0,874665.0,5768500.75,11034274.25,0.0,0.0,0.0,2790436.6535664788,5215769.445918651,552871561.267377,8006206.09948513,8243837.596433521,2060959.3991083803,8973314.85089162,8973314.85089162,967108.7514064899,967108.7514064899,0.0,0.0,0.0,0.0,336055.5,8637259.35089162,1.078820510434658,52956843.19711512,97795677.11097473,0.5415049495185943,631053.2514064899,government_supported
S03,2030-06-01,Atlas West,Nevada,45,1.18,53.1,2029-01-01,2029-04-01,0,9000,3.65,55,3400000,0.19,0.2,0.8,16,8,0.33999999999999997,0.66,0.06,10.0,0.1,2029-02-01,2028-03-01,2028-02-01,2029-01-01,2029-04-01,2027-09-01,base,2029-04-01,True,True,True,0.0,0.0,14,0.7250000000000001,9000,45.0,53.099999999999994,6480000,4698000.000000001,3.65,17147700.000000004,27718.199999999997,1524500.9999999998,3400000.0,892620.0000000002,5817121.0,11330579.000000004,0.0,0.0,0.0,2764357.8063368853,5215769.445918651,547655791.8214583,7980127.252255537,8566221.193663118,2141555.2984157796,9189023.701584224,9189023.701584224,1208896.449328687,1208896.449328687,0.0,0.0,0.0,0.0,342954.00000000006,8846069.701584224,1.1085123610132825,63156397.27369934,97482730.94421962,0.6478726710050616,865942.449328687,government_supported
S03,2030-07-01,Atlas West,Nevada,45,1.18,53.1,2029-01-01,2029-04-01,0,9000,3.65,55,3400000,0.19,0.2,0.8,16,8,0.33999999999999997,0.66,0.06,10.0,0.1,2029-02-01,2028-03-01,2028-02-01,2029-01-01,2029-04-01,2027-09-01,base,2029-04-01,True,True,True,0.0,0.0,15,0.7625000000000002,9000,45.0,53.099999999999994,6696000,5105700.000000001,3.65,18635805.000000004,30123.63,1656799.6500000001,3400000.0,970083.0000000002,6026882.65,12608922.350000003,0.0,0.0,0.0,2738278.959107292,5215769.445918651,542440022.3755397,7954048.405025943,9870643.39089271,2467660.8477231776,10141261.502276827,10141261.502276827,2187213.0972508835,2187213.0972508835,0.0,0.0,0.0,0.0,372716.1000000001,9768545.402276827,1.2281224484508233,73120802.05097617,97169784.7774645,0.7525055470528763,1814496.9972508838,government_supported
S03,2030-08-01,Atlas West,Nevada,45,1.18,53.1,2029-01-01,2029-04-01,0,9000,3.65,55,3400000,0.19,0.2,0.8,16,8,0.33999999999999997,0.66,0.06,10.0,0.1,2029-02-01,2028-03-01,2028-02-01,2029-01-01,2029-04-01,2027-09-01,base,2029-04-01,True,True,True,0.0,0.0,16,0.8,9000,45.0,53.099999999999994,6696000,5356800.0,3.65,19552320.0,31605.119999999995,1738281.5999999996,3400000.0,1017792.0,6156073.6,13396246.4,0.0,0.0,0.0,2712200.1118776985,5215769.44591865,537224252.929621,7927969.557796349,10684046.288122302,2671011.5720305755,10725234.827969424,10725234.827969424,2797265.2701730756,2797265.2701730756,0.0,0.0,0.0,0.0,391046.4,10334188.427969424,1.303510104653064,82369193.6039456,96856838.61070937,0.8504220743256647,2406218.8701730752,government_supported
S03,2030-09-01,Atlas West,Nevada,45,1.18,53.1,2029-01-01,2029-04-01,0,9000,3.65,55,3400000,0.19,0.2,0.8,16,8,0.33999999999999997,0.66,0.06,10.0,0.1,2029-02-01,2028-03-01,2028-02-01,2029-01-01,2029-04-01,2027-09-01,base,2029-04-01,True,True,True,0.0,0.0,17,0.8,9000,45.0,53.099999999999994,6480000,5184000.0,3.65,18921600.0,30585.599999999995,1682207.9999999998,3400000.0,984960.0,6067168.0,12854432.0,0.0,0.0,0.0,2686121.264648105,5215769.44591865,532008483.4837023,7901890.710566755,10168310.735351894,2542077.6838379735,10312354.316162027,10312354.316162027,2410463.605595272,2410463.605595272,0.0,0.0,0.0,0.0,378432.0,9933922.316162027,1.2571576449264161,89935662.79510763,96543892.44395424,0.9315520694104723,2032031.605595272,government_supported
S03,2030-10-01,Atlas West,Nevada,45,1.18,53.1,2029-01-01,2029-04-01,0,9000,3.65,55,3400000,0.19,0.2,0.8,16,8,0.33999999999999997,0.66,0.06,10.0,0.1,2029-02-01,2028-03-01,2028-02-01,2029-01-01,2029-04-01,2027-09-01,base,2029-04-01,True,True,True,0.0,0.0,18,0.8,9000,45.0,53.099999999999994,6696000,5356800.0,3.65,19552320.0,31605.119999999995,1738281.5999999996,3400000.0,1017792.0,6156073.6,13396246.4,0.0,0.0,0.0,2660042.4174185116,5215769.44591865,526792714.0377836,7875811.863337162,10736203.982581489,2684050.995645372,10712195.404354628,10712195.404354628,2836383.541017466,2836383.541017466,0.0,0.0,0.0,0.0,391046.4,10321149.004354628,1.3104869927633493,96389617.50654384,96230946.27719912,1.00164885866224,2445337.141017466,government_supported
S03,2030-11-01,Atlas West,Nevada,45,1.18,53.1,2029-01-01,2029-04-01,0,9000,3.65,55,3400000,0.19,0.2,0.8,16,8,0.33999999999999997,0.66,0.06,10.0,0.1,2029-02-01,2028-03-01,2028-02-01,2029-01-01,2029-04-01,2027-09-01,base,2029-04-01,True,True,True,0.0,0.0,19,0.8,9000,45.0,53.099999999999994,6480000,5184000.0,3.65,18921600.0,30585.599999999995,1682207.9999999998,3400000.0,984960.0,6067168.0,12854432.0,0.0,0.0,0.0,2633963.570188918,5215769.445918649,521576944.59186494,7849733.016107568,10220468.429811083,2555117.1074527707,10299314.89254723,10299314.89254723,2449581.8764396617,2449581.8764396617,0.0,0.0,0.0,0.0,378432.0,9920882.89254723,1.2638497223013425,101294733.83985506,95918000.110444,1.0560555237100446,2071149.8764396617,government_supported
S03,2030-12-01,Atlas West,Nevada,45,1.18,53.1,2029-01-01,2029-04-01,0,9000,3.65,55,3400000,0.19,0.2,0.8,16,8,0.33999999999999997,0.66,0.06,10.0,0.1,2029-02-01,2028-03-01,2028-02-01,2029-01-01,2029-04-01,2027-09-01,base,2029-04-01,True,True,True,0.0,0.0,20,0.8,9000,45.0,53.099999999999994,6696000,5356800.0,3.65,19552320.0,31605.119999999995,1738281.5999999996,3400000.0,1017792.0,6156073.6,13396246.4,0.0,0.0,0.0,2607884.7229593247,5215769.445918649,516361175.14594626,7823654.168877974,10788361.677040676,2697090.419260169,10699155.980739832,10699155.980739832,2875501.811861858,2875501.811861858,0.0,0.0,0.0,0.0,391046.4,10308109.580739832,1.3175569060484384,105793799.19816628,95605053.94368887,1.1065711992639904,2484455.4118618574,government_supported
S03,2031-01-01,Atlas West,Nevada,45,1.18,53.1,2029-01-01,2029-04-01,0,9000,3.65,55,3400000,0.19,0.2,0.8,16,8,0.33999999999999997,0.66,0.06,10.0,0.1,2029-02-01,2028-03-01,2028-02-01,2029-01-01,2029-04-01,2027-09-01,base,2029-04-01,True,True,True,0.0,0.0,21,0.8,9000,45.0,53.099999999999994,6696000,5356800.0,3.65,19552320.0,31605.119999999995,1738281.5999999996,3400000.0,1017792.0,6156073.6,13396246.4,0.0,0.0,0.0,2581805.8757297313,5215769.445918649,511145405.7000276,7797575.321648381,10814440.52427027,2703610.1310675675,10692636.268932432,10692636.268932432,2895060.947284051,2895060.947284051,0.0,0.0,0.0,0.0,391046.4,10301589.868932432,1.321127330483383,109720701.8189775,95292107.77693376,1.1514143655613032,2504014.547284051,government_supported
S03,2031-02-01,Atlas West,Nevada,45,1.18,53.1,2029-01-01,2029-04-01,0,9000,3.65,55,3400000,0.19,0.2,0.8,16,8,0.33999999999999997,0.66,0.06,10.0,0.1,2029-02-01,2028-03-01,2028-02-01,2029-01-01,2029-04-01,2027-09-01,base,2029-04-01,True,True,True,0.0,0.0,22,0.8,9000,45.0,53.099999999999994,6048000,4838400.0,3.65,17660160.0,28546.559999999998,1570060.7999999998,3400000.0,919296.0,5889356.8,11770803.2,0.0,0.0,0.0,2555727.028500138,5215769.4459186485,505929636.25410897,7771496.474418786,9215076.171499861,2303769.0428749654,9467034.157125033,9467034.157125033,1695537.682706247,1695537.682706247,0.0,0.0,0.0,0.0,353203.2,9113830.957125034,1.172725354392783,112743218.17728873,94979161.61017863,1.1870310946733644,1342334.4827062478,government_supported
S03,2031-03-01,Atlas West,Nevada,45,1.18,53.1,2029-01-01,2029-04-01,0,9000,3.65,55,3400000,0.19,0.2,0.8,16,8,0.33999999999999997,0.66,0.06,10.0,0.1,2029-02-01,2028-03-01,2028-02-01,2029-01-01,2029-04-01,2027-09-01,base,2029-04-01,True,True,True,0.0,0.0,23,0.8,9000,45.0,53.099999999999994,6696000,5356800.0,3.65,19552320.0,31605.119999999995,1738281.5999999996,3400000.0,1017792.0,6156073.6,13396246.4,0.0,0.0,0.0,2529648.181270545,5215769.445918649,500713866.80819035,7745417.627189195,10866598.218729455,2716649.5546823638,10679596.845317636,10679596.845317636,2934179.218128441,2934179.218128441,0.0,0.0,0.0,0.0,391046.4,10288550.445317635,1.3283403091398367,115525795.32309993,94666215.44342351,1.2203487250648883,2543132.8181284405,government_supported
S03,2031-04-01,Atlas West,Nevada,45,1.18,53.1,2029-01-01,2029-04-01,0,9000,3.65,55,3400000,0.19,0.2,0.8,16,8,0.33999999999999997,0.66,0.06,10.0,0.1,2029-02-01,2028-03-01,2028-02-01,2029-01-01,2029-04-01,2027-09-01,base,2029-04-01,True,True,True,0.0,0.0,24,0.8,9000,45.0,53.099999999999994,6480000,5184000.0,3.65,18921600.0,30585.599999999995,1682207.9999999998,3400000.0,984960.0,6067168.0,12854432.0,0.0,0.0,0.0,2503569.334040952,5215769.445918649,495498097.36227167,7719338.779959601,10350862.665959049,2587715.6664897623,10266716.333510239,10266716.333510239,2547377.5535506373,2547377.5535506373,0.0,0.0,0.0,0.0,378432.0,9888284.333510239,1.2809755622050816,117662382.28141116,94353269.27666838,1.2470408623191886,2168945.5535506373,government_supported
S03,2031-05-01,Atlas West,Nevada,45,1.18,53.1,2029-01-01,2029-04-01,0,9000,3.65,55,3400000,0.19,0.2,0.8,16,8,0.33999999999999997,0.66,0.06,10.0,0.1,2029-02-01,2028-03-01,2028-02-01,2029-01-01,2029-04-01,2027-09-01,base,2029-04-01,True,True,True,0.0,0.0,25,0.8,9000,45.0,53.099999999999994,6696000,5356800.0,3.65,19552320.0,31605.119999999995,1738281.5999999996,3400000.0,1017792.0,6156073.6,13396246.4,0.0,0.0,0.0,2477490.4868113585,5215769.445918649,490282327.916353,7693259.932730008,10918755.913188642,2729688.9782971605,10666557.42170284,10666557.42170284,2973297.4889728315,2973297.4889728315,0.0,0.0,0.0,0.0,391046.4,10275511.021702839,1.335651090896717,119300633.95222238,94040323.10991326,1.2686114850199435,2582251.088972831,government_supported
S03,2031-06-01,Atlas West,Nevada,45,1.18,53.1,2029-01-01,2029-04-01,0,9000,3.65,55,3400000,0.19,0.2,0.8,16,8,0.33999999999999997,0.66,0.06,10.0,0.1,2029-02-01,2028-03-01,2028-02-01,2029-01-01,2029-04-01,2027-09-01,base,2029-04-01,True,True,True,0.0,0.0,26,0.8,9000,45.0,53.099999999999994,6480000,5184000.0,3.65,18921600.0,30585.599999999995,1682207.9999999998,3400000.0,984960.0,6067168.0,12854432.0,0.0,0.0,0.0,2451411.639581765,5215769.4459186485,485066558.47043437,7667181.085500414,10403020.360418234,2600755.0901045585,10253676.909895442,10253676.909895442,2586495.824395029,2586495.824395029,0.0,0.0,0.0,0.0,378432.0,9875244.909895442,1.2879890014037558,120329809.16053359,93727376.94315813,1.2838277682038275,2208063.824395029,government_supported
S03,2031-07-01,Atlas West,Nevada,45,1.18,53.1,2029-01-01,2029-04-01,0,9000,3.65,55,3400000,0.19,0.2,0.8,16,8,0.33999999999999997,0.66,0.06,10.0,0.1,2029-02-01,2028-03-01,2028-02-01,2029-01-01,2029-04-01,2027-09-01,base,2029-04-01,True,True,True,0.0,0.0,27,0.8,9000,45.0,53.099999999999994,6696000,5356800.0,3.65,19552320.0,31605.119999999995,1738281.5999999996,3400000.0,1017792.0,6156073.6,13396246.4,0.0,0.0,0.0,2425332.792352172,5215769.445918649,479850789.02451575,7641102.238270821,10970913.607647829,2742728.401911957,10653517.998088043,10653517.998088043,3012415.759817222,3012415.759817222,0.0,0.0,0.0,0.0,391046.4,10262471.598088043,1.3430616785478893,120823735.3563448,93414430.77640301,1.2934161708435474,2621369.3598172218,government_supported
S03,2031-08-01,Atlas West,Nevada,45,1.18,53.1,2029-01-01,2029-04-01,0,9000,3.65,55,3400000,0.19,0.2,0.8,16,8,0.33999999999999997,0.66,0.06,10.0,0.1,2029-02-01,2028-03-01,2028-02-01,2029-01-01,2029-04-01,2027-09-01,base,2029-04-01,True,True,True,0.0,0.0,28,0.8,9000,45.0,53.099999999999994,6696000,5356800.0,3.65,19552320.0,31605.119999999995,1738281.5999999996,3400000.0,1017792.0,6156073.6,13396246.4,0.0,0.0,0.0,2399253.9451225786,5215769.445918649,474635019.57859707,7615023.391041229,10996992.454877421,2749248.1137193553,10646998.286280645,10646998.286280645,3031974.8952394165,3031974.8952394165,0.0,0.0,0.0,0.0,391046.4,10255951.886280645,1.3468050404607244,120745498.81465602,93101484.6096479,1.29692345209008,2640928.495239416,government_supported
S03,2031-09-01,Atlas West,Nevada,45,1.18,53.1,2029-01-01,2029-04-01,0,9000,3.65,55,3400000,0.19,0.2,0.8,16,8,0.33999999999999997,0.66,0.06,10.0,0.1,2029-02-01,2028-03-01,2028-02-01,2029-01-01,2029-04-01,2027-09-01,base,2029-04-01,True,True,True,0.0,0.0,29,0.8,9000,45.0,53.099999999999994,6480000,5184000.0,3.65,18921600.0,30585.599999999995,1682207.9999999998,3400000.0,984960.0,6067168.0,12854432.0,0.0,0.0,0.0,2373175.097892985,5215769.445918649,469419250.1326784,7588944.543811634,10481256.902107015,2620314.225526754,10234117.774473246,10234117.774473246,2645173.230661612,2645173.230661612,0.0,0.0,0.0,0.0,378432.0,9855685.774473246,1.2986899189440004,120667262.27296725,92788538.44289276,1.3004543912202327,2266741.230661612,government_supported
S03,2031-10-01,Atlas West,Nevada,45,1.18,53.1,2029-01-01,2029-04-01,0,9000,3.65,55,3400000,0.19,0.2,0.8,16,8,0.33999999999999997,0.66,0.06,10.0,0.1,2029-02-01,2028-03-01,2028-02-01,2029-01-01,2029-04-01,2027-09-01,base,2029-04-01,True,True,True,0.0,0.0,30,0.8,9000,45.0,53.099999999999994,6696000,5356800.0,3.65,19552320.0,31605.119999999995,1738281.5999999996,3400000.0,1017792.0,6156073.6,13396246.4,0.0,0.0,0.0,2347096.250663392,5215769.4459186485,464203480.68675977,7562865.69658204,11049150.149336608,2762287.537334152,10633958.862665849,10633958.862665849,3071093.166083809,3071093.166083809,0.0,0.0,0.0,0.0,391046.4,10242912.462665848,1.3543692131535574,120589025.73127846,92475592.27613765,1.304009228415563,2680046.7660838086,government_supported
S03,2031-11-01,Atlas West,Nevada,45,1.18,53.1,2029-01-01,2029-04-01,0,9000,3.65,55,3400000,0.19,0.2,0.8,16,8,0.33999999999999997,0.66,0.06,10.0,0.1,2029-02-01,2028-03-01,2028-02-01,2029-01-01,2029-04-01,2027-09-01,base,2029-04-01,True,True,True,0.0,0.0,31,0.8,9000,45.0,53.099999999999994,6480000,5184000.0,3.65,18921600.0,30585.599999999995,1682207.9999999998,3400000.0,984960.0,6067168.0,12854432.0,0.0,0.0,0.0,2321017.403433799,5215769.445918649,458987711.24084115,7536786.849352448,10533414.5965662,2633353.64914155,10221078.35085845,10221078.35085845,2684291.5015060017,2684291.5015060017,0.0,0.0,0.0,0.0,378432.0,9842646.35085845,1.3059472886252739,120510789.1895897,92162646.10938254,1.3075882071198603,2305859.5015060017,government_supported
S03,2031-12-01,Atlas West,Nevada,45,1.18,53.1,2029-01-01,2029-04-01,0,9000,3.65,55,3400000,0.19,0.2,0.8,16,8,0.33999999999999997,0.66,0.06,10.0,0.1,2029-02-01,2028-03-01,2028-02-01,2029-01-01,2029-04-01,2027-09-01,base,2029-04-01,True,True,True,0.0,0.0,32,0.8,9000,45.0,53.099999999999994,6696000,5356800.0,3.65,19552320.0,31605.119999999995,1738281.5999999996,3400000.0,1017792.0,6156073.6,13396246.4,0.0,0.0,0.0,2294938.556204206,5215769.445918649,453771941.7949225,7510708.002122855,11101307.843795795,2775326.9609489487,10620919.43905105,10620919.43905105,3110211.436928196,3110211.436928196,0.0,0.0,0.0,0.0,391046.4,10229873.03905105,1.3620384438004567,120432552.6479009,91849699.94262742,1.311191574094715,2719165.0369281955,government_supported
